{
  "id": "PMID:30249733-Sandal-2018-CHST14-3-year_old_boy",
  "subject": {
    "id": "3-year old boy",
    "timeAtLastEncounter": {
      "age": {
        "iso8601duration": "P3Y"
      }
    },
    "sex": "MALE"
  },
  "phenotypicFeatures": [
    {
      "type": {
        "id": "HP:0001762",
        "label": "Talipes equinovarus"
      },
      "evidence": [
        {
          "evidenceCode": {
            "id": "ECO:0000033",
            "label": "author statement supported by traceable reference"
          },
          "reference": {
            "id": "PMID:30249733",
            "description": "Novel mutation in the CHST14 gene causing musculocontractural type of Ehlers-Danlos syndrome"
          }
        }
      ]
    },
    {
      "type": {
        "id": "HP:0000316",
        "label": "Hypertelorism"
      },
      "evidence": [
        {
          "evidenceCode": {
            "id": "ECO:0000033",
            "label": "author statement supported by traceable reference"
          },
          "reference": {
            "id": "PMID:30249733",
            "description": "Novel mutation in the CHST14 gene causing musculocontractural type of Ehlers-Danlos syndrome"
          }
        }
      ]
    },
    {
      "type": {
        "id": "HP:0000974",
        "label": "Hyperextensible skin"
      },
      "evidence": [
        {
          "evidenceCode": {
            "id": "ECO:0000033",
            "label": "author statement supported by traceable reference"
          },
          "reference": {
            "id": "PMID:30249733",
            "description": "Novel mutation in the CHST14 gene causing musculocontractural type of Ehlers-Danlos syndrome"
          }
        }
      ]
    },
    {
      "type": {
        "id": "HP:0001182",
        "label": "Tapered finger"
      },
      "evidence": [
        {
          "evidenceCode": {
            "id": "ECO:0000033",
            "label": "author statement supported by traceable reference"
          },
          "reference": {
            "id": "PMID:30249733",
            "description": "Novel mutation in the CHST14 gene causing musculocontractural type of Ehlers-Danlos syndrome"
          }
        }
      ]
    },
    {
      "type": {
        "id": "HP:0000028",
        "label": "Cryptorchidism"
      },
      "evidence": [
        {
          "evidenceCode": {
            "id": "ECO:0000033",
            "label": "author statement supported by traceable reference"
          },
          "reference": {
            "id": "PMID:30249733",
            "description": "Novel mutation in the CHST14 gene causing musculocontractural type of Ehlers-Danlos syndrome"
          }
        }
      ]
    },
    {
      "type": {
        "id": "HP:0000494",
        "label": "Downslanted palpebral fissures"
      },
      "evidence": [
        {
          "evidenceCode": {
            "id": "ECO:0000033",
            "label": "author statement supported by traceable reference"
          },
          "reference": {
            "id": "PMID:30249733",
            "description": "Novel mutation in the CHST14 gene causing musculocontractural type of Ehlers-Danlos syndrome"
          }
        }
      ]
    },
    {
      "type": {
        "id": "HP:0000219",
        "label": "Thin upper lip vermilion"
      },
      "evidence": [
        {
          "evidenceCode": {
            "id": "ECO:0000033",
            "label": "author statement supported by traceable reference"
          },
          "reference": {
            "id": "PMID:30249733",
            "description": "Novel mutation in the CHST14 gene causing musculocontractural type of Ehlers-Danlos syndrome"
          }
        }
      ]
    },
    {
      "type": {
        "id": "HP:0006094",
        "label": "Finger joint hypermobility"
      },
      "evidence": [
        {
          "evidenceCode": {
            "id": "ECO:0000033",
            "label": "author statement supported by traceable reference"
          },
          "reference": {
            "id": "PMID:30249733",
            "description": "Novel mutation in the CHST14 gene causing musculocontractural type of Ehlers-Danlos syndrome"
          }
        }
      ]
    },
    {
      "type": {
        "id": "HP:0000126",
        "label": "Hydronephrosis"
      },
      "evidence": [
        {
          "evidenceCode": {
            "id": "ECO:0000033",
            "label": "author statement supported by traceable reference"
          },
          "reference": {
            "id": "PMID:30249733",
            "description": "Novel mutation in the CHST14 gene causing musculocontractural type of Ehlers-Danlos syndrome"
          }
        }
      ]
    },
    {
      "type": {
        "id": "HP:0001181",
        "label": "Adducted thumb"
      },
      "evidence": [
        {
          "evidenceCode": {
            "id": "ECO:0000033",
            "label": "author statement supported by traceable reference"
          },
          "reference": {
            "id": "PMID:30249733",
            "description": "Novel mutation in the CHST14 gene causing musculocontractural type of Ehlers-Danlos syndrome"
          }
        }
      ]
    },
    {
      "type": {
        "id": "HP:0000369",
        "label": "Low-set ears"
      },
      "evidence": [
        {
          "evidenceCode": {
            "id": "ECO:0000033",
            "label": "author statement supported by traceable reference"
          },
          "reference": {
            "id": "PMID:30249733",
            "description": "Novel mutation in the CHST14 gene causing musculocontractural type of Ehlers-Danlos syndrome"
          }
        }
      ]
    },
    {
      "type": {
        "id": "HP:0000664",
        "label": "Synophrys"
      },
      "evidence": [
        {
          "evidenceCode": {
            "id": "ECO:0000033",
            "label": "author statement supported by traceable reference"
          },
          "reference": {
            "id": "PMID:30249733",
            "description": "Novel mutation in the CHST14 gene causing musculocontractural type of Ehlers-Danlos syndrome"
          }
        }
      ]
    },
    {
      "type": {
        "id": "HP:0000218",
        "label": "High palate"
      },
      "evidence": [
        {
          "evidenceCode": {
            "id": "ECO:0000033",
            "label": "author statement supported by traceable reference"
          },
          "reference": {
            "id": "PMID:30249733",
            "description": "Novel mutation in the CHST14 gene causing musculocontractural type of Ehlers-Danlos syndrome"
          }
        }
      ]
    },
    {
      "type": {
        "id": "HP:0001290",
        "label": "Generalized hypotonia"
      },
      "evidence": [
        {
          "evidenceCode": {
            "id": "ECO:0000033",
            "label": "author statement supported by traceable reference"
          },
          "reference": {
            "id": "PMID:30249733",
            "description": "Novel mutation in the CHST14 gene causing musculocontractural type of Ehlers-Danlos syndrome"
          }
        }
      ]
    },
    {
      "type": {
        "id": "HP:0010489",
        "label": "Absent palmar crease"
      },
      "evidence": [
        {
          "evidenceCode": {
            "id": "ECO:0000033",
            "label": "author statement supported by traceable reference"
          },
          "reference": {
            "id": "PMID:30249733",
            "description": "Novel mutation in the CHST14 gene causing musculocontractural type of Ehlers-Danlos syndrome"
          }
        }
      ]
    },
    {
      "type": {
        "id": "HP:0002804",
        "label": "Arthrogryposis multiplex congenita"
      },
      "evidence": [
        {
          "evidenceCode": {
            "id": "ECO:0000033",
            "label": "author statement supported by traceable reference"
          },
          "reference": {
            "id": "PMID:30249733",
            "description": "Novel mutation in the CHST14 gene causing musculocontractural type of Ehlers-Danlos syndrome"
          }
        }
      ]
    }
  ],
  "interpretations": [
    {
      "id": "interpretation-id",
      "progressStatus": "SOLVED",
      "diagnosis": {
        "disease": {
          "id": "OMIM:601776",
          "label": "EHLERS-DANLOS SYNDROME, MUSCULOCONTRACTURAL TYPE 1; EDSMC1"
        },
        "genomicInterpretations": [
          {
            "subjectOrBiosampleId": "3-year old boy",
            "interpretationStatus": "CAUSATIVE",
            "variantInterpretation": {
              "variationDescriptor": {
                "id": "variant-1",
                "geneContext": {
                  "valueId": "NCBIGene:113189",
                  "symbol": "CHST14"
                },
                "vcfRecord": {
                  "genomeAssembly": "GRCh37",
                  "chrom": "15",
                  "pos": "40764208",
                  "ref": "T",
                  "alt": "TA"
                },
                "moleculeContext": "genomic",
                "allelicState": {
                  "id": "GENO:0000136",
                  "label": "homozygous"
                }
              }
            }
          }
        ]
      }
    }
  ],
  "metaData": {
    "created": "2023-09-20T17:50:13.409651994Z",
    "createdBy": "Hpo Case Annotator : 1.0.13-SNAPSHOT",
    "submittedBy": "HPO:probinson",
    "resources": [
      {
        "id": "hp",
        "name": "human phenotype ontology",
        "url": "http://purl.obolibrary.org/obo/hp.owl",
        "version": "2018-03-08",
        "namespacePrefix": "HP",
        "iriPrefix": "http://purl.obolibrary.org/obo/HP_"
      },
      {
        "id": "pato",
        "name": "Phenotype And Trait Ontology",
        "url": "http://purl.obolibrary.org/obo/pato.owl",
        "version": "2018-03-28",
        "namespacePrefix": "PATO",
        "iriPrefix": "http://purl.obolibrary.org/obo/PATO_"
      },
      {
        "id": "geno",
        "name": "Genotype Ontology",
        "url": "http://purl.obolibrary.org/obo/geno.owl",
        "version": "19-03-2018",
        "namespacePrefix": "GENO",
        "iriPrefix": "http://purl.obolibrary.org/obo/GENO_"
      },
      {
        "id": "eco",
        "name": "Evidence and Conclusion Ontology",
        "url": "http://purl.obolibrary.org/obo/eco.owl",
        "version": "2018-11-10",
        "namespacePrefix": "ECO",
        "iriPrefix": "http://purl.obolibrary.org/obo/ECO_"
      },
      {
        "id": "omim",
        "name": "Online Mendelian Inheritance in Man",
        "url": "https://www.omim.org",
        "version": "n/a",
        "namespacePrefix": "OMIM",
        "iriPrefix": "n/a"
      }
    ],
    "phenopacketSchemaVersion": "2.0"
  }
}