{
  "id": "PMID:18477167-Zhao-2008-KRT9-III:4",
  "subject": {
    "id": "III:4",
    "timeAtLastEncounter": {
      "age": {
        "iso8601duration": "P32Y"
      }
    },
    "sex": "MALE"
  },
  "phenotypicFeatures": [
    {
      "type": {
        "id": "HP:0007559",
        "label": "Localized epidermolytic hyperkeratosis"
      },
      "evidence": [
        {
          "evidenceCode": {
            "id": "ECO:0000033",
            "label": "author statement supported by traceable reference"
          },
          "reference": {
            "id": "PMID:18477167",
            "description": "Mutation M157R of keratin 9 in a Chinese family with epidermolytic palmoplantar keratoderma"
          }
        }
      ]
    },
    {
      "type": {
        "id": "HP:0010765",
        "label": "Palmar hyperkeratosis"
      },
      "evidence": [
        {
          "evidenceCode": {
            "id": "ECO:0000033",
            "label": "author statement supported by traceable reference"
          },
          "reference": {
            "id": "PMID:18477167",
            "description": "Mutation M157R of keratin 9 in a Chinese family with epidermolytic palmoplantar keratoderma"
          }
        }
      ]
    },
    {
      "type": {
        "id": "HP:0007556",
        "label": "Plantar hyperkeratosis"
      },
      "evidence": [
        {
          "evidenceCode": {
            "id": "ECO:0000033",
            "label": "author statement supported by traceable reference"
          },
          "reference": {
            "id": "PMID:18477167",
            "description": "Mutation M157R of keratin 9 in a Chinese family with epidermolytic palmoplantar keratoderma"
          }
        }
      ]
    }
  ],
  "interpretations": [
    {
      "id": "interpretation-id",
      "progressStatus": "SOLVED",
      "diagnosis": {
        "disease": {
          "id": "OMIM:144200",
          "label": "PALMOPLANTAR KERATODERMA, EPIDERMOLYTIC; EPPK"
        },
        "genomicInterpretations": [
          {
            "subjectOrBiosampleId": "III:4",
            "interpretationStatus": "CAUSATIVE",
            "variantInterpretation": {
              "variationDescriptor": {
                "id": "variant-1",
                "geneContext": {
                  "valueId": "NCBIGene:3857",
                  "symbol": "KRT9"
                },
                "vcfRecord": {
                  "genomeAssembly": "GRCh37",
                  "chrom": "17",
                  "pos": "39727775",
                  "ref": "A",
                  "alt": "C"
                },
                "moleculeContext": "genomic",
                "allelicState": {
                  "id": "GENO:0000135",
                  "label": "heterozygous"
                }
              }
            }
          }
        ]
      }
    }
  ],
  "metaData": {
    "created": "2023-09-20T17:50:14.348671913Z",
    "createdBy": "n/a",
    "submittedBy": "HPO:probinson",
    "resources": [
      {
        "id": "hp",
        "name": "human phenotype ontology",
        "url": "http://purl.obolibrary.org/obo/hp.owl",
        "version": "2018-03-08",
        "namespacePrefix": "HP",
        "iriPrefix": "http://purl.obolibrary.org/obo/HP_"
      },
      {
        "id": "pato",
        "name": "Phenotype And Trait Ontology",
        "url": "http://purl.obolibrary.org/obo/pato.owl",
        "version": "2018-03-28",
        "namespacePrefix": "PATO",
        "iriPrefix": "http://purl.obolibrary.org/obo/PATO_"
      },
      {
        "id": "geno",
        "name": "Genotype Ontology",
        "url": "http://purl.obolibrary.org/obo/geno.owl",
        "version": "19-03-2018",
        "namespacePrefix": "GENO",
        "iriPrefix": "http://purl.obolibrary.org/obo/GENO_"
      },
      {
        "id": "eco",
        "name": "Evidence and Conclusion Ontology",
        "url": "http://purl.obolibrary.org/obo/eco.owl",
        "version": "2018-11-10",
        "namespacePrefix": "ECO",
        "iriPrefix": "http://purl.obolibrary.org/obo/ECO_"
      },
      {
        "id": "omim",
        "name": "Online Mendelian Inheritance in Man",
        "url": "https://www.omim.org",
        "version": "n/a",
        "namespacePrefix": "OMIM",
        "iriPrefix": "n/a"
      }
    ],
    "phenopacketSchemaVersion": "2.0"
  }
}