{
  "id": "PMID:25516138-Hamamy-2014-FYB1-IV:5",
  "subject": {
    "id": "IV:5",
    "timeAtLastEncounter": {
      "age": {
        "iso8601duration": "P6Y"
      }
    },
    "sex": "FEMALE"
  },
  "phenotypicFeatures": [
    {
      "type": {
        "id": "HP:0005537",
        "label": "Decreased mean platelet volume"
      },
      "evidence": [
        {
          "evidenceCode": {
            "id": "ECO:0000033",
            "label": "author statement supported by traceable reference"
          },
          "reference": {
            "id": "PMID:25516138",
            "description": "Recessive thrombocytopenia likely due to a homozygous pathogenic variant in the FYB gene: case report"
          }
        }
      ]
    },
    {
      "type": {
        "id": "HP:0001873",
        "label": "Thrombocytopenia"
      },
      "evidence": [
        {
          "evidenceCode": {
            "id": "ECO:0000033",
            "label": "author statement supported by traceable reference"
          },
          "reference": {
            "id": "PMID:25516138",
            "description": "Recessive thrombocytopenia likely due to a homozygous pathogenic variant in the FYB gene: case report"
          }
        }
      ]
    },
    {
      "type": {
        "id": "HP:0000967",
        "label": "Petechiae"
      },
      "evidence": [
        {
          "evidenceCode": {
            "id": "ECO:0000033",
            "label": "author statement supported by traceable reference"
          },
          "reference": {
            "id": "PMID:25516138",
            "description": "Recessive thrombocytopenia likely due to a homozygous pathogenic variant in the FYB gene: case report"
          }
        }
      ]
    },
    {
      "type": {
        "id": "HP:0005548",
        "label": "Megakaryocytopenia"
      },
      "evidence": [
        {
          "evidenceCode": {
            "id": "ECO:0000033",
            "label": "author statement supported by traceable reference"
          },
          "reference": {
            "id": "PMID:25516138",
            "description": "Recessive thrombocytopenia likely due to a homozygous pathogenic variant in the FYB gene: case report"
          }
        }
      ]
    }
  ],
  "interpretations": [
    {
      "id": "interpretation-id",
      "progressStatus": "SOLVED",
      "diagnosis": {
        "disease": {
          "id": "OMIM:273900",
          "label": "THROMBOCYTOPENIA 3; THC3"
        },
        "genomicInterpretations": [
          {
            "subjectOrBiosampleId": "IV:5",
            "interpretationStatus": "CAUSATIVE",
            "variantInterpretation": {
              "variationDescriptor": {
                "id": "variant-1",
                "geneContext": {
                  "valueId": "NCBIGene:2533",
                  "symbol": "FYB1"
                },
                "vcfRecord": {
                  "genomeAssembly": "GRCh37",
                  "chrom": "5",
                  "pos": "39138766",
                  "ref": "CAT",
                  "alt": "C"
                },
                "moleculeContext": "genomic",
                "allelicState": {
                  "id": "GENO:0000136",
                  "label": "homozygous"
                }
              }
            }
          }
        ]
      }
    }
  ],
  "metaData": {
    "created": "2023-09-20T17:50:15.907943964Z",
    "createdBy": "Hpo Case Annotator : 1.0.13-SNAPSHOT",
    "submittedBy": "HPO:probinson",
    "resources": [
      {
        "id": "hp",
        "name": "human phenotype ontology",
        "url": "http://purl.obolibrary.org/obo/hp.owl",
        "version": "2018-03-08",
        "namespacePrefix": "HP",
        "iriPrefix": "http://purl.obolibrary.org/obo/HP_"
      },
      {
        "id": "pato",
        "name": "Phenotype And Trait Ontology",
        "url": "http://purl.obolibrary.org/obo/pato.owl",
        "version": "2018-03-28",
        "namespacePrefix": "PATO",
        "iriPrefix": "http://purl.obolibrary.org/obo/PATO_"
      },
      {
        "id": "geno",
        "name": "Genotype Ontology",
        "url": "http://purl.obolibrary.org/obo/geno.owl",
        "version": "19-03-2018",
        "namespacePrefix": "GENO",
        "iriPrefix": "http://purl.obolibrary.org/obo/GENO_"
      },
      {
        "id": "eco",
        "name": "Evidence and Conclusion Ontology",
        "url": "http://purl.obolibrary.org/obo/eco.owl",
        "version": "2018-11-10",
        "namespacePrefix": "ECO",
        "iriPrefix": "http://purl.obolibrary.org/obo/ECO_"
      },
      {
        "id": "omim",
        "name": "Online Mendelian Inheritance in Man",
        "url": "https://www.omim.org",
        "version": "n/a",
        "namespacePrefix": "OMIM",
        "iriPrefix": "n/a"
      }
    ],
    "phenopacketSchemaVersion": "2.0"
  }
}