{
  "id": "PMID:27656288-Watanabe-2016-COL5A2-patient",
  "subject": {
    "id": "patient",
    "timeAtLastEncounter": {
      "age": {
        "iso8601duration": "P9Y"
      }
    },
    "sex": "MALE"
  },
  "phenotypicFeatures": [
    {
      "type": {
        "id": "HP:0000977",
        "label": "Soft skin"
      },
      "evidence": [
        {
          "evidenceCode": {
            "id": "ECO:0000033",
            "label": "author statement supported by traceable reference"
          },
          "reference": {
            "id": "PMID:27656288",
            "description": "A novel missense mutation of COL5A2 in a patient with Ehlers-Danlos syndrome"
          }
        }
      ]
    },
    {
      "type": {
        "id": "HP:0000974",
        "label": "Hyperextensible skin"
      },
      "evidence": [
        {
          "evidenceCode": {
            "id": "ECO:0000033",
            "label": "author statement supported by traceable reference"
          },
          "reference": {
            "id": "PMID:27656288",
            "description": "A novel missense mutation of COL5A2 in a patient with Ehlers-Danlos syndrome"
          }
        }
      ]
    },
    {
      "type": {
        "id": "HP:0001382",
        "label": "Joint hypermobility"
      },
      "evidence": [
        {
          "evidenceCode": {
            "id": "ECO:0000033",
            "label": "author statement supported by traceable reference"
          },
          "reference": {
            "id": "PMID:27656288",
            "description": "A novel missense mutation of COL5A2 in a patient with Ehlers-Danlos syndrome"
          }
        }
      ]
    },
    {
      "type": {
        "id": "HP:0031158",
        "label": "Widened atrophic scar"
      },
      "evidence": [
        {
          "evidenceCode": {
            "id": "ECO:0000033",
            "label": "author statement supported by traceable reference"
          },
          "reference": {
            "id": "PMID:27656288",
            "description": "A novel missense mutation of COL5A2 in a patient with Ehlers-Danlos syndrome"
          }
        }
      ]
    },
    {
      "type": {
        "id": "HP:0001324",
        "label": "Muscle weakness"
      },
      "evidence": [
        {
          "evidenceCode": {
            "id": "ECO:0000033",
            "label": "author statement supported by traceable reference"
          },
          "reference": {
            "id": "PMID:27656288",
            "description": "A novel missense mutation of COL5A2 in a patient with Ehlers-Danlos syndrome"
          }
        }
      ]
    },
    {
      "type": {
        "id": "HP:0002751",
        "label": "Kyphoscoliosis"
      },
      "evidence": [
        {
          "evidenceCode": {
            "id": "ECO:0000033",
            "label": "author statement supported by traceable reference"
          },
          "reference": {
            "id": "PMID:27656288",
            "description": "A novel missense mutation of COL5A2 in a patient with Ehlers-Danlos syndrome"
          }
        }
      ]
    },
    {
      "type": {
        "id": "HP:0002194",
        "label": "Delayed gross motor development"
      },
      "evidence": [
        {
          "evidenceCode": {
            "id": "ECO:0000033",
            "label": "author statement supported by traceable reference"
          },
          "reference": {
            "id": "PMID:27656288",
            "description": "A novel missense mutation of COL5A2 in a patient with Ehlers-Danlos syndrome"
          }
        }
      ]
    },
    {
      "type": {
        "id": "HP:0001290",
        "label": "Generalized hypotonia"
      },
      "evidence": [
        {
          "evidenceCode": {
            "id": "ECO:0000033",
            "label": "author statement supported by traceable reference"
          },
          "reference": {
            "id": "PMID:27656288",
            "description": "A novel missense mutation of COL5A2 in a patient with Ehlers-Danlos syndrome"
          }
        }
      ]
    }
  ],
  "interpretations": [
    {
      "id": "interpretation-id",
      "progressStatus": "SOLVED",
      "diagnosis": {
        "disease": {
          "id": "OMIM:130010",
          "label": "Ehlers-Danlos syndrome, classic type, 2"
        },
        "genomicInterpretations": [
          {
            "subjectOrBiosampleId": "patient",
            "interpretationStatus": "CAUSATIVE",
            "variantInterpretation": {
              "variationDescriptor": {
                "id": "variant-1",
                "geneContext": {
                  "valueId": "NCBIGene:1290",
                  "symbol": "COL5A2"
                },
                "vcfRecord": {
                  "genomeAssembly": "GRCh37",
                  "chrom": "2",
                  "pos": "189951460",
                  "ref": "C",
                  "alt": "T"
                },
                "moleculeContext": "genomic",
                "allelicState": {
                  "id": "GENO:0000135",
                  "label": "heterozygous"
                }
              }
            }
          }
        ]
      }
    }
  ],
  "metaData": {
    "created": "2023-09-20T17:50:11.465967178Z",
    "createdBy": "Hpo Case Annotator : 1.0.13-SNAPSHOT",
    "submittedBy": "HPO:probinson",
    "resources": [
      {
        "id": "hp",
        "name": "human phenotype ontology",
        "url": "http://purl.obolibrary.org/obo/hp.owl",
        "version": "2018-03-08",
        "namespacePrefix": "HP",
        "iriPrefix": "http://purl.obolibrary.org/obo/HP_"
      },
      {
        "id": "pato",
        "name": "Phenotype And Trait Ontology",
        "url": "http://purl.obolibrary.org/obo/pato.owl",
        "version": "2018-03-28",
        "namespacePrefix": "PATO",
        "iriPrefix": "http://purl.obolibrary.org/obo/PATO_"
      },
      {
        "id": "geno",
        "name": "Genotype Ontology",
        "url": "http://purl.obolibrary.org/obo/geno.owl",
        "version": "19-03-2018",
        "namespacePrefix": "GENO",
        "iriPrefix": "http://purl.obolibrary.org/obo/GENO_"
      },
      {
        "id": "eco",
        "name": "Evidence and Conclusion Ontology",
        "url": "http://purl.obolibrary.org/obo/eco.owl",
        "version": "2018-11-10",
        "namespacePrefix": "ECO",
        "iriPrefix": "http://purl.obolibrary.org/obo/ECO_"
      },
      {
        "id": "omim",
        "name": "Online Mendelian Inheritance in Man",
        "url": "https://www.omim.org",
        "version": "n/a",
        "namespacePrefix": "OMIM",
        "iriPrefix": "n/a"
      }
    ],
    "phenopacketSchemaVersion": "2.0"
  }
}