{
  "id": "PMID:28584669-Ali-2017-MYH3-proband",
  "subject": {
    "id": "proband",
    "timeAtLastEncounter": {
      "age": {
        "iso8601duration": "P10D"
      }
    },
    "sex": "MALE"
  },
  "phenotypicFeatures": [
    {
      "type": {
        "id": "HP:0005280",
        "label": "Depressed nasal bridge"
      },
      "evidence": [
        {
          "evidenceCode": {
            "id": "ECO:0000033",
            "label": "author statement supported by traceable reference"
          },
          "reference": {
            "id": "PMID:28584669",
            "description": "Freeman-Sheldon Syndrome: First Molecularly Confirmed Case from Sub-Saharan Africa"
          }
        }
      ]
    },
    {
      "type": {
        "id": "HP:0000346",
        "label": "Whistling appearance"
      },
      "evidence": [
        {
          "evidenceCode": {
            "id": "ECO:0000033",
            "label": "author statement supported by traceable reference"
          },
          "reference": {
            "id": "PMID:28584669",
            "description": "Freeman-Sheldon Syndrome: First Molecularly Confirmed Case from Sub-Saharan Africa"
          }
        }
      ]
    },
    {
      "type": {
        "id": "HP:0000047",
        "label": "Hypospadias"
      },
      "evidence": [
        {
          "evidenceCode": {
            "id": "ECO:0000033",
            "label": "author statement supported by traceable reference"
          },
          "reference": {
            "id": "PMID:28584669",
            "description": "Freeman-Sheldon Syndrome: First Molecularly Confirmed Case from Sub-Saharan Africa"
          }
        }
      ]
    },
    {
      "type": {
        "id": "HP:0000347",
        "label": "Micrognathia"
      },
      "evidence": [
        {
          "evidenceCode": {
            "id": "ECO:0000033",
            "label": "author statement supported by traceable reference"
          },
          "reference": {
            "id": "PMID:28584669",
            "description": "Freeman-Sheldon Syndrome: First Molecularly Confirmed Case from Sub-Saharan Africa"
          }
        }
      ]
    },
    {
      "type": {
        "id": "HP:0000316",
        "label": "Hypertelorism"
      },
      "evidence": [
        {
          "evidenceCode": {
            "id": "ECO:0000033",
            "label": "author statement supported by traceable reference"
          },
          "reference": {
            "id": "PMID:28584669",
            "description": "Freeman-Sheldon Syndrome: First Molecularly Confirmed Case from Sub-Saharan Africa"
          }
        }
      ]
    },
    {
      "type": {
        "id": "HP:0000369",
        "label": "Low-set ears"
      },
      "evidence": [
        {
          "evidenceCode": {
            "id": "ECO:0000033",
            "label": "author statement supported by traceable reference"
          },
          "reference": {
            "id": "PMID:28584669",
            "description": "Freeman-Sheldon Syndrome: First Molecularly Confirmed Case from Sub-Saharan Africa"
          }
        }
      ]
    },
    {
      "type": {
        "id": "HP:0008872",
        "label": "Feeding difficulties in infancy"
      },
      "evidence": [
        {
          "evidenceCode": {
            "id": "ECO:0000033",
            "label": "author statement supported by traceable reference"
          },
          "reference": {
            "id": "PMID:28584669",
            "description": "Freeman-Sheldon Syndrome: First Molecularly Confirmed Case from Sub-Saharan Africa"
          }
        }
      ]
    },
    {
      "type": {
        "id": "HP:0001371",
        "label": "Flexion contracture"
      },
      "evidence": [
        {
          "evidenceCode": {
            "id": "ECO:0000033",
            "label": "author statement supported by traceable reference"
          },
          "reference": {
            "id": "PMID:28584669",
            "description": "Freeman-Sheldon Syndrome: First Molecularly Confirmed Case from Sub-Saharan Africa"
          }
        }
      ]
    },
    {
      "type": {
        "id": "HP:0001762",
        "label": "Talipes equinovarus"
      },
      "evidence": [
        {
          "evidenceCode": {
            "id": "ECO:0000033",
            "label": "author statement supported by traceable reference"
          },
          "reference": {
            "id": "PMID:28584669",
            "description": "Freeman-Sheldon Syndrome: First Molecularly Confirmed Case from Sub-Saharan Africa"
          }
        }
      ]
    },
    {
      "type": {
        "id": "HP:0000041",
        "label": "Chordee"
      },
      "evidence": [
        {
          "evidenceCode": {
            "id": "ECO:0000033",
            "label": "author statement supported by traceable reference"
          },
          "reference": {
            "id": "PMID:28584669",
            "description": "Freeman-Sheldon Syndrome: First Molecularly Confirmed Case from Sub-Saharan Africa"
          }
        }
      ]
    },
    {
      "type": {
        "id": "HP:0000431",
        "label": "Wide nasal bridge"
      },
      "evidence": [
        {
          "evidenceCode": {
            "id": "ECO:0000033",
            "label": "author statement supported by traceable reference"
          },
          "reference": {
            "id": "PMID:28584669",
            "description": "Freeman-Sheldon Syndrome: First Molecularly Confirmed Case from Sub-Saharan Africa"
          }
        }
      ]
    },
    {
      "type": {
        "id": "HP:0000160",
        "label": "Narrow mouth"
      },
      "evidence": [
        {
          "evidenceCode": {
            "id": "ECO:0000033",
            "label": "author statement supported by traceable reference"
          },
          "reference": {
            "id": "PMID:28584669",
            "description": "Freeman-Sheldon Syndrome: First Molecularly Confirmed Case from Sub-Saharan Africa"
          }
        }
      ]
    },
    {
      "type": {
        "id": "HP:0100490",
        "label": "Camptodactyly of finger"
      },
      "evidence": [
        {
          "evidenceCode": {
            "id": "ECO:0000033",
            "label": "author statement supported by traceable reference"
          },
          "reference": {
            "id": "PMID:28584669",
            "description": "Freeman-Sheldon Syndrome: First Molecularly Confirmed Case from Sub-Saharan Africa"
          }
        }
      ]
    }
  ],
  "interpretations": [
    {
      "id": "interpretation-id",
      "progressStatus": "SOLVED",
      "diagnosis": {
        "disease": {
          "id": "OMIM:193700",
          "label": "ARTHROGRYPOSIS, DISTAL, TYPE 2A; DA2A"
        },
        "genomicInterpretations": [
          {
            "subjectOrBiosampleId": "proband",
            "interpretationStatus": "CAUSATIVE",
            "variantInterpretation": {
              "variationDescriptor": {
                "id": "variant-1",
                "geneContext": {
                  "valueId": "NCBIGene:4621",
                  "symbol": "MYH3"
                },
                "vcfRecord": {
                  "genomeAssembly": "GRCh37",
                  "chrom": "17",
                  "pos": "10544634",
                  "ref": "C",
                  "alt": "T"
                },
                "moleculeContext": "genomic",
                "allelicState": {
                  "id": "GENO:0000135",
                  "label": "heterozygous"
                }
              }
            }
          }
        ]
      }
    }
  ],
  "metaData": {
    "created": "2023-09-20T17:50:12.794949054Z",
    "createdBy": "n/a",
    "submittedBy": "HPO:probinson",
    "resources": [
      {
        "id": "hp",
        "name": "human phenotype ontology",
        "url": "http://purl.obolibrary.org/obo/hp.owl",
        "version": "2018-03-08",
        "namespacePrefix": "HP",
        "iriPrefix": "http://purl.obolibrary.org/obo/HP_"
      },
      {
        "id": "pato",
        "name": "Phenotype And Trait Ontology",
        "url": "http://purl.obolibrary.org/obo/pato.owl",
        "version": "2018-03-28",
        "namespacePrefix": "PATO",
        "iriPrefix": "http://purl.obolibrary.org/obo/PATO_"
      },
      {
        "id": "geno",
        "name": "Genotype Ontology",
        "url": "http://purl.obolibrary.org/obo/geno.owl",
        "version": "19-03-2018",
        "namespacePrefix": "GENO",
        "iriPrefix": "http://purl.obolibrary.org/obo/GENO_"
      },
      {
        "id": "eco",
        "name": "Evidence and Conclusion Ontology",
        "url": "http://purl.obolibrary.org/obo/eco.owl",
        "version": "2018-11-10",
        "namespacePrefix": "ECO",
        "iriPrefix": "http://purl.obolibrary.org/obo/ECO_"
      },
      {
        "id": "omim",
        "name": "Online Mendelian Inheritance in Man",
        "url": "https://www.omim.org",
        "version": "n/a",
        "namespacePrefix": "OMIM",
        "iriPrefix": "n/a"
      }
    ],
    "phenopacketSchemaVersion": "2.0"
  }
}