{
  "id": "PMID:27807076-Servi\u00e1n-Morilla-2016-POGLUT1-Patient_II.1",
  "subject": {
    "id": "Patient II.1",
    "sex": "MALE"
  },
  "phenotypicFeatures": [
    {
      "type": {
        "id": "HP:0032178",
        "label": "Flaky paint dermatosis"
      },
      "evidence": [
        {
          "evidenceCode": {
            "id": "ECO:0000033",
            "label": "author statement supported by traceable reference"
          },
          "reference": {
            "id": "PMID:27807076",
            "description": "A POGLUT1 mutation causes a muscular dystrophy with reduced Notch signaling and satellite cell loss"
          }
        }
      ]
    },
    {
      "type": {
        "id": "HP:0002505",
        "label": "Loss of ambulation"
      },
      "evidence": [
        {
          "evidenceCode": {
            "id": "ECO:0000033",
            "label": "author statement supported by traceable reference"
          },
          "reference": {
            "id": "PMID:27807076",
            "description": "A POGLUT1 mutation causes a muscular dystrophy with reduced Notch signaling and satellite cell loss"
          }
        }
      ]
    },
    {
      "type": {
        "id": "HP:0003691",
        "label": "Scapular winging"
      },
      "evidence": [
        {
          "evidenceCode": {
            "id": "ECO:0000033",
            "label": "author statement supported by traceable reference"
          },
          "reference": {
            "id": "PMID:27807076",
            "description": "A POGLUT1 mutation causes a muscular dystrophy with reduced Notch signaling and satellite cell loss"
          }
        }
      ]
    },
    {
      "type": {
        "id": "HP:0001371",
        "label": "Flexion contracture"
      },
      "evidence": [
        {
          "evidenceCode": {
            "id": "ECO:0000033",
            "label": "author statement supported by traceable reference"
          },
          "reference": {
            "id": "PMID:27807076",
            "description": "A POGLUT1 mutation causes a muscular dystrophy with reduced Notch signaling and satellite cell loss"
          }
        }
      ]
    },
    {
      "type": {
        "id": "HP:0003749",
        "label": "Pelvic girdle muscle weakness"
      },
      "evidence": [
        {
          "evidenceCode": {
            "id": "ECO:0000033",
            "label": "author statement supported by traceable reference"
          },
          "reference": {
            "id": "PMID:27807076",
            "description": "A POGLUT1 mutation causes a muscular dystrophy with reduced Notch signaling and satellite cell loss"
          }
        }
      ]
    },
    {
      "type": {
        "id": "HP:0001388",
        "label": "Joint laxity"
      },
      "evidence": [
        {
          "evidenceCode": {
            "id": "ECO:0000033",
            "label": "author statement supported by traceable reference"
          },
          "reference": {
            "id": "PMID:27807076",
            "description": "A POGLUT1 mutation causes a muscular dystrophy with reduced Notch signaling and satellite cell loss"
          }
        }
      ]
    },
    {
      "type": {
        "id": "HP:0000301",
        "label": "Abnormality of facial musculature"
      },
      "evidence": [
        {
          "evidenceCode": {
            "id": "ECO:0000033",
            "label": "author statement supported by traceable reference"
          },
          "reference": {
            "id": "PMID:27807076",
            "description": "A POGLUT1 mutation causes a muscular dystrophy with reduced Notch signaling and satellite cell loss"
          }
        }
      ]
    },
    {
      "type": {
        "id": "HP:0003236",
        "label": "Elevated circulating creatine kinase concentration"
      },
      "evidence": [
        {
          "evidenceCode": {
            "id": "ECO:0000033",
            "label": "author statement supported by traceable reference"
          },
          "reference": {
            "id": "PMID:27807076",
            "description": "A POGLUT1 mutation causes a muscular dystrophy with reduced Notch signaling and satellite cell loss"
          }
        }
      ]
    },
    {
      "type": {
        "id": "HP:0100851",
        "label": "Abnormal emotion/affect behavior"
      },
      "evidence": [
        {
          "evidenceCode": {
            "id": "ECO:0000033",
            "label": "author statement supported by traceable reference"
          },
          "reference": {
            "id": "PMID:27807076",
            "description": "A POGLUT1 mutation causes a muscular dystrophy with reduced Notch signaling and satellite cell loss"
          }
        }
      ]
    },
    {
      "type": {
        "id": "HP:0003720",
        "label": "Generalized muscle hypertrophy"
      },
      "evidence": [
        {
          "evidenceCode": {
            "id": "ECO:0000033",
            "label": "author statement supported by traceable reference"
          },
          "reference": {
            "id": "PMID:27807076",
            "description": "A POGLUT1 mutation causes a muscular dystrophy with reduced Notch signaling and satellite cell loss"
          }
        }
      ]
    },
    {
      "type": {
        "id": "HP:0006520",
        "label": "Progressive pulmonary function impairment"
      },
      "evidence": [
        {
          "evidenceCode": {
            "id": "ECO:0000033",
            "label": "author statement supported by traceable reference"
          },
          "reference": {
            "id": "PMID:27807076",
            "description": "A POGLUT1 mutation causes a muscular dystrophy with reduced Notch signaling and satellite cell loss"
          }
        }
      ]
    },
    {
      "type": {
        "id": "HP:0008994",
        "label": "Proximal muscle weakness in lower limbs"
      },
      "evidence": [
        {
          "evidenceCode": {
            "id": "ECO:0000033",
            "label": "author statement supported by traceable reference"
          },
          "reference": {
            "id": "PMID:27807076",
            "description": "A POGLUT1 mutation causes a muscular dystrophy with reduced Notch signaling and satellite cell loss"
          }
        }
      ]
    },
    {
      "type": {
        "id": "HP:0001283",
        "label": "Bulbar palsy"
      },
      "evidence": [
        {
          "evidenceCode": {
            "id": "ECO:0000033",
            "label": "author statement supported by traceable reference"
          },
          "reference": {
            "id": "PMID:27807076",
            "description": "A POGLUT1 mutation causes a muscular dystrophy with reduced Notch signaling and satellite cell loss"
          }
        }
      ]
    }
  ],
  "interpretations": [
    {
      "id": "interpretation-id",
      "progressStatus": "SOLVED",
      "diagnosis": {
        "disease": {
          "id": "OMIM:617232",
          "label": "MUSCULAR DYSTROPHY, LIMB-GIRDLE, TYPE 2Z"
        },
        "genomicInterpretations": [
          {
            "subjectOrBiosampleId": "Patient II.1",
            "interpretationStatus": "CAUSATIVE",
            "variantInterpretation": {
              "variationDescriptor": {
                "id": "variant-1",
                "geneContext": {
                  "valueId": "NCBIGene:56983",
                  "symbol": "POGLUT1"
                },
                "vcfRecord": {
                  "genomeAssembly": "GRCh37",
                  "chrom": "3",
                  "pos": "119205740",
                  "ref": "T",
                  "alt": "G"
                },
                "moleculeContext": "genomic",
                "allelicState": {
                  "id": "GENO:0000136",
                  "label": "homozygous"
                }
              }
            }
          }
        ]
      }
    }
  ],
  "metaData": {
    "created": "2023-09-20T17:50:15.971266031Z",
    "createdBy": "n/a",
    "submittedBy": "HPO:lccarmody",
    "resources": [
      {
        "id": "hp",
        "name": "human phenotype ontology",
        "url": "http://purl.obolibrary.org/obo/hp.owl",
        "version": "2018-03-08",
        "namespacePrefix": "HP",
        "iriPrefix": "http://purl.obolibrary.org/obo/HP_"
      },
      {
        "id": "pato",
        "name": "Phenotype And Trait Ontology",
        "url": "http://purl.obolibrary.org/obo/pato.owl",
        "version": "2018-03-28",
        "namespacePrefix": "PATO",
        "iriPrefix": "http://purl.obolibrary.org/obo/PATO_"
      },
      {
        "id": "geno",
        "name": "Genotype Ontology",
        "url": "http://purl.obolibrary.org/obo/geno.owl",
        "version": "19-03-2018",
        "namespacePrefix": "GENO",
        "iriPrefix": "http://purl.obolibrary.org/obo/GENO_"
      },
      {
        "id": "eco",
        "name": "Evidence and Conclusion Ontology",
        "url": "http://purl.obolibrary.org/obo/eco.owl",
        "version": "2018-11-10",
        "namespacePrefix": "ECO",
        "iriPrefix": "http://purl.obolibrary.org/obo/ECO_"
      },
      {
        "id": "omim",
        "name": "Online Mendelian Inheritance in Man",
        "url": "https://www.omim.org",
        "version": "n/a",
        "namespacePrefix": "OMIM",
        "iriPrefix": "n/a"
      }
    ],
    "phenopacketSchemaVersion": "2.0"
  }
}