{
  "id": "PMID:28821231-Dastsooz-2017-PANK2-Family_I_patient_I",
  "subject": {
    "id": "Family I patient I",
    "timeAtLastEncounter": {
      "age": {
        "iso8601duration": "P9Y"
      }
    },
    "sex": "FEMALE"
  },
  "phenotypicFeatures": [
    {
      "type": {
        "id": "HP:0002370",
        "label": "Poor coordination"
      },
      "evidence": [
        {
          "evidenceCode": {
            "id": "ECO:0000033",
            "label": "author statement supported by traceable reference"
          },
          "reference": {
            "id": "PMID:28821231",
            "description": "Novel mutations in PANK2 and PLA2G6 genes in patients with neurodegenerative disorders: two case reports"
          }
        }
      ]
    },
    {
      "type": {
        "id": "HP:0000238",
        "label": "Hydrocephalus"
      },
      "evidence": [
        {
          "evidenceCode": {
            "id": "ECO:0000033",
            "label": "author statement supported by traceable reference"
          },
          "reference": {
            "id": "PMID:28821231",
            "description": "Novel mutations in PANK2 and PLA2G6 genes in patients with neurodegenerative disorders: two case reports"
          }
        }
      ]
    },
    {
      "type": {
        "id": "HP:0003155",
        "label": "Elevated circulating alkaline phosphatase concentration"
      },
      "evidence": [
        {
          "evidenceCode": {
            "id": "ECO:0000033",
            "label": "author statement supported by traceable reference"
          },
          "reference": {
            "id": "PMID:28821231",
            "description": "Novel mutations in PANK2 and PLA2G6 genes in patients with neurodegenerative disorders: two case reports"
          }
        }
      ]
    },
    {
      "type": {
        "id": "HP:0012503",
        "label": "Abnormal pituitary gland morphology"
      },
      "evidence": [
        {
          "evidenceCode": {
            "id": "ECO:0000033",
            "label": "author statement supported by traceable reference"
          },
          "reference": {
            "id": "PMID:28821231",
            "description": "Novel mutations in PANK2 and PLA2G6 genes in patients with neurodegenerative disorders: two case reports"
          }
        }
      ]
    },
    {
      "type": {
        "id": "HP:0002454",
        "label": "Eye of the tiger anomaly of globus pallidus"
      },
      "evidence": [
        {
          "evidenceCode": {
            "id": "ECO:0000033",
            "label": "author statement supported by traceable reference"
          },
          "reference": {
            "id": "PMID:28821231",
            "description": "Novel mutations in PANK2 and PLA2G6 genes in patients with neurodegenerative disorders: two case reports"
          }
        }
      ]
    },
    {
      "type": {
        "id": "HP:0003236",
        "label": "Elevated circulating creatine kinase concentration"
      },
      "evidence": [
        {
          "evidenceCode": {
            "id": "ECO:0000033",
            "label": "author statement supported by traceable reference"
          },
          "reference": {
            "id": "PMID:28821231",
            "description": "Novel mutations in PANK2 and PLA2G6 genes in patients with neurodegenerative disorders: two case reports"
          }
        }
      ]
    },
    {
      "type": {
        "id": "HP:0001249",
        "label": "Intellectual disability"
      },
      "evidence": [
        {
          "evidenceCode": {
            "id": "ECO:0000033",
            "label": "author statement supported by traceable reference"
          },
          "reference": {
            "id": "PMID:28821231",
            "description": "Novel mutations in PANK2 and PLA2G6 genes in patients with neurodegenerative disorders: two case reports"
          }
        }
      ]
    }
  ],
  "interpretations": [
    {
      "id": "interpretation-id",
      "progressStatus": "SOLVED",
      "diagnosis": {
        "disease": {
          "id": "OMIM:234200",
          "label": "NEURODEGENERATION WITH BRAIN IRON ACCUMULATION 1; NBIA1"
        },
        "genomicInterpretations": [
          {
            "subjectOrBiosampleId": "Family I patient I",
            "interpretationStatus": "CAUSATIVE",
            "variantInterpretation": {
              "variationDescriptor": {
                "id": "variant-1",
                "geneContext": {
                  "valueId": "NCBIGene:80025",
                  "symbol": "PANK2"
                },
                "vcfRecord": {
                  "genomeAssembly": "GRCh37",
                  "chrom": "20",
                  "pos": "3897586",
                  "ref": "GATGA",
                  "alt": "G"
                },
                "moleculeContext": "genomic",
                "allelicState": {
                  "id": "GENO:0000136",
                  "label": "homozygous"
                }
              }
            }
          }
        ]
      }
    }
  ],
  "metaData": {
    "created": "2023-09-20T17:50:14.701916933Z",
    "createdBy": "Hpo Case Annotator : 1.0.13-SNAPSHOT",
    "submittedBy": "HPO:probinson",
    "resources": [
      {
        "id": "hp",
        "name": "human phenotype ontology",
        "url": "http://purl.obolibrary.org/obo/hp.owl",
        "version": "2018-03-08",
        "namespacePrefix": "HP",
        "iriPrefix": "http://purl.obolibrary.org/obo/HP_"
      },
      {
        "id": "pato",
        "name": "Phenotype And Trait Ontology",
        "url": "http://purl.obolibrary.org/obo/pato.owl",
        "version": "2018-03-28",
        "namespacePrefix": "PATO",
        "iriPrefix": "http://purl.obolibrary.org/obo/PATO_"
      },
      {
        "id": "geno",
        "name": "Genotype Ontology",
        "url": "http://purl.obolibrary.org/obo/geno.owl",
        "version": "19-03-2018",
        "namespacePrefix": "GENO",
        "iriPrefix": "http://purl.obolibrary.org/obo/GENO_"
      },
      {
        "id": "eco",
        "name": "Evidence and Conclusion Ontology",
        "url": "http://purl.obolibrary.org/obo/eco.owl",
        "version": "2018-11-10",
        "namespacePrefix": "ECO",
        "iriPrefix": "http://purl.obolibrary.org/obo/ECO_"
      },
      {
        "id": "omim",
        "name": "Online Mendelian Inheritance in Man",
        "url": "https://www.omim.org",
        "version": "n/a",
        "namespacePrefix": "OMIM",
        "iriPrefix": "n/a"
      }
    ],
    "phenopacketSchemaVersion": "2.0"
  }
}