{
  "id": "PMID:27587992-Salas-Alan\u00eds-2016-ANTXR1-14_year_old_brother",
  "subject": {
    "id": "14 year old brother",
    "timeAtLastEncounter": {
      "age": {
        "iso8601duration": "P14Y"
      }
    },
    "sex": "MALE"
  },
  "phenotypicFeatures": [
    {
      "type": {
        "id": "HP:0000586",
        "label": "Shallow orbits"
      },
      "evidence": [
        {
          "evidenceCode": {
            "id": "ECO:0000033",
            "label": "author statement supported by traceable reference"
          },
          "reference": {
            "id": "PMID:27587992",
            "description": "New ANTXR1 Gene Mutation for GAPO Syndrome: A Case Report"
          }
        }
      ]
    },
    {
      "type": {
        "id": "HP:0000706",
        "label": "Eruption failure"
      },
      "evidence": [
        {
          "evidenceCode": {
            "id": "ECO:0000033",
            "label": "author statement supported by traceable reference"
          },
          "reference": {
            "id": "PMID:27587992",
            "description": "New ANTXR1 Gene Mutation for GAPO Syndrome: A Case Report"
          }
        }
      ]
    },
    {
      "type": {
        "id": "HP:0011120",
        "label": "Concave nasal ridge"
      },
      "evidence": [
        {
          "evidenceCode": {
            "id": "ECO:0000033",
            "label": "author statement supported by traceable reference"
          },
          "reference": {
            "id": "PMID:27587992",
            "description": "New ANTXR1 Gene Mutation for GAPO Syndrome: A Case Report"
          }
        }
      ]
    },
    {
      "type": {
        "id": "HP:0012471",
        "label": "Thick vermilion border"
      },
      "evidence": [
        {
          "evidenceCode": {
            "id": "ECO:0000033",
            "label": "author statement supported by traceable reference"
          },
          "reference": {
            "id": "PMID:27587992",
            "description": "New ANTXR1 Gene Mutation for GAPO Syndrome: A Case Report"
          }
        }
      ]
    },
    {
      "type": {
        "id": "HP:0008070",
        "label": "Sparse hair"
      },
      "evidence": [
        {
          "evidenceCode": {
            "id": "ECO:0000033",
            "label": "author statement supported by traceable reference"
          },
          "reference": {
            "id": "PMID:27587992",
            "description": "New ANTXR1 Gene Mutation for GAPO Syndrome: A Case Report"
          }
        }
      ]
    },
    {
      "type": {
        "id": "HP:0003510",
        "label": "Severe short stature"
      },
      "evidence": [
        {
          "evidenceCode": {
            "id": "ECO:0000033",
            "label": "author statement supported by traceable reference"
          },
          "reference": {
            "id": "PMID:27587992",
            "description": "New ANTXR1 Gene Mutation for GAPO Syndrome: A Case Report"
          }
        }
      ]
    },
    {
      "type": {
        "id": "HP:0000486",
        "label": "Strabismus"
      },
      "evidence": [
        {
          "evidenceCode": {
            "id": "ECO:0000033",
            "label": "author statement supported by traceable reference"
          },
          "reference": {
            "id": "PMID:27587992",
            "description": "New ANTXR1 Gene Mutation for GAPO Syndrome: A Case Report"
          }
        }
      ]
    },
    {
      "type": {
        "id": "HP:0000274",
        "label": "Small face"
      },
      "evidence": [
        {
          "evidenceCode": {
            "id": "ECO:0000033",
            "label": "author statement supported by traceable reference"
          },
          "reference": {
            "id": "PMID:27587992",
            "description": "New ANTXR1 Gene Mutation for GAPO Syndrome: A Case Report"
          }
        }
      ]
    },
    {
      "type": {
        "id": "HP:0001596",
        "label": "Alopecia"
      },
      "evidence": [
        {
          "evidenceCode": {
            "id": "ECO:0000033",
            "label": "author statement supported by traceable reference"
          },
          "reference": {
            "id": "PMID:27587992",
            "description": "New ANTXR1 Gene Mutation for GAPO Syndrome: A Case Report"
          }
        }
      ]
    },
    {
      "type": {
        "id": "HP:0002007",
        "label": "Frontal bossing"
      },
      "evidence": [
        {
          "evidenceCode": {
            "id": "ECO:0000033",
            "label": "author statement supported by traceable reference"
          },
          "reference": {
            "id": "PMID:27587992",
            "description": "New ANTXR1 Gene Mutation for GAPO Syndrome: A Case Report"
          }
        }
      ]
    },
    {
      "type": {
        "id": "HP:0000336",
        "label": "Prominent supraorbital ridges"
      },
      "evidence": [
        {
          "evidenceCode": {
            "id": "ECO:0000033",
            "label": "author statement supported by traceable reference"
          },
          "reference": {
            "id": "PMID:27587992",
            "description": "New ANTXR1 Gene Mutation for GAPO Syndrome: A Case Report"
          }
        }
      ]
    }
  ],
  "interpretations": [
    {
      "id": "interpretation-id",
      "progressStatus": "SOLVED",
      "diagnosis": {
        "disease": {
          "id": "OMIM:230740",
          "label": "GAPO SYNDROME"
        },
        "genomicInterpretations": [
          {
            "subjectOrBiosampleId": "14 year old brother",
            "interpretationStatus": "CAUSATIVE",
            "variantInterpretation": {
              "variationDescriptor": {
                "id": "variant-1",
                "geneContext": {
                  "valueId": "NCBIGene:84168",
                  "symbol": "ANTXR1"
                },
                "vcfRecord": {
                  "genomeAssembly": "GRCh37",
                  "chrom": "2",
                  "pos": "69298917",
                  "ref": "A",
                  "alt": "T"
                },
                "moleculeContext": "genomic",
                "allelicState": {
                  "id": "GENO:0000136",
                  "label": "homozygous"
                }
              }
            }
          }
        ]
      }
    }
  ],
  "metaData": {
    "created": "2023-09-20T17:50:13.165402173Z",
    "createdBy": "Hpo Case Annotator : 1.0.13-SNAPSHOT",
    "submittedBy": "HPO:probinson",
    "resources": [
      {
        "id": "hp",
        "name": "human phenotype ontology",
        "url": "http://purl.obolibrary.org/obo/hp.owl",
        "version": "2018-03-08",
        "namespacePrefix": "HP",
        "iriPrefix": "http://purl.obolibrary.org/obo/HP_"
      },
      {
        "id": "pato",
        "name": "Phenotype And Trait Ontology",
        "url": "http://purl.obolibrary.org/obo/pato.owl",
        "version": "2018-03-28",
        "namespacePrefix": "PATO",
        "iriPrefix": "http://purl.obolibrary.org/obo/PATO_"
      },
      {
        "id": "geno",
        "name": "Genotype Ontology",
        "url": "http://purl.obolibrary.org/obo/geno.owl",
        "version": "19-03-2018",
        "namespacePrefix": "GENO",
        "iriPrefix": "http://purl.obolibrary.org/obo/GENO_"
      },
      {
        "id": "eco",
        "name": "Evidence and Conclusion Ontology",
        "url": "http://purl.obolibrary.org/obo/eco.owl",
        "version": "2018-11-10",
        "namespacePrefix": "ECO",
        "iriPrefix": "http://purl.obolibrary.org/obo/ECO_"
      },
      {
        "id": "omim",
        "name": "Online Mendelian Inheritance in Man",
        "url": "https://www.omim.org",
        "version": "n/a",
        "namespacePrefix": "OMIM",
        "iriPrefix": "n/a"
      }
    ],
    "phenopacketSchemaVersion": "2.0"
  }
}