{
  "id": "PMID:29749493-Zheng-2018-PNPLA6-II.2",
  "subject": {
    "id": "II.2",
    "timeAtLastEncounter": {
      "age": {
        "iso8601duration": "P50Y"
      }
    },
    "sex": "MALE"
  },
  "phenotypicFeatures": [
    {
      "type": {
        "id": "HP:0040171",
        "label": "Decreased serum testosterone concentration"
      },
      "evidence": [
        {
          "evidenceCode": {
            "id": "ECO:0000033",
            "label": "author statement supported by traceable reference"
          },
          "reference": {
            "id": "PMID:29749493",
            "description": "A novel PNPLA6 compound heterozygous mutation identified in a Chinese patient with Boucher\u2011Neuh\u00e4user syndrome"
          }
        }
      ]
    },
    {
      "type": {
        "id": "HP:0002075",
        "label": "Dysdiadochokinesis"
      },
      "evidence": [
        {
          "evidenceCode": {
            "id": "ECO:0000033",
            "label": "author statement supported by traceable reference"
          },
          "reference": {
            "id": "PMID:29749493",
            "description": "A novel PNPLA6 compound heterozygous mutation identified in a Chinese patient with Boucher\u2011Neuh\u00e4user syndrome"
          }
        }
      ]
    },
    {
      "type": {
        "id": "HP:0001265",
        "label": "Hyporeflexia"
      },
      "evidence": [
        {
          "evidenceCode": {
            "id": "ECO:0000033",
            "label": "author statement supported by traceable reference"
          },
          "reference": {
            "id": "PMID:29749493",
            "description": "A novel PNPLA6 compound heterozygous mutation identified in a Chinese patient with Boucher\u2011Neuh\u00e4user syndrome"
          }
        }
      ]
    },
    {
      "type": {
        "id": "HP:0030341",
        "label": "Decreased circulating follicle stimulating hormone concentration"
      },
      "evidence": [
        {
          "evidenceCode": {
            "id": "ECO:0000033",
            "label": "author statement supported by traceable reference"
          },
          "reference": {
            "id": "PMID:29749493",
            "description": "A novel PNPLA6 compound heterozygous mutation identified in a Chinese patient with Boucher\u2011Neuh\u00e4user syndrome"
          }
        }
      ]
    },
    {
      "type": {
        "id": "HP:0007722",
        "label": "Retinal pigment epithelial atrophy"
      },
      "evidence": [
        {
          "evidenceCode": {
            "id": "ECO:0000033",
            "label": "author statement supported by traceable reference"
          },
          "reference": {
            "id": "PMID:29749493",
            "description": "A novel PNPLA6 compound heterozygous mutation identified in a Chinese patient with Boucher\u2011Neuh\u00e4user syndrome"
          }
        }
      ]
    },
    {
      "type": {
        "id": "HP:0030344",
        "label": "Decreased circulating luteinizing hormone level"
      },
      "evidence": [
        {
          "evidenceCode": {
            "id": "ECO:0000033",
            "label": "author statement supported by traceable reference"
          },
          "reference": {
            "id": "PMID:29749493",
            "description": "A novel PNPLA6 compound heterozygous mutation identified in a Chinese patient with Boucher\u2011Neuh\u00e4user syndrome"
          }
        }
      ]
    },
    {
      "type": {
        "id": "HP:0001272",
        "label": "Cerebellar atrophy"
      },
      "evidence": [
        {
          "evidenceCode": {
            "id": "ECO:0000033",
            "label": "author statement supported by traceable reference"
          },
          "reference": {
            "id": "PMID:29749493",
            "description": "A novel PNPLA6 compound heterozygous mutation identified in a Chinese patient with Boucher\u2011Neuh\u00e4user syndrome"
          }
        }
      ]
    },
    {
      "type": {
        "id": "HP:0000044",
        "label": "Hypogonadotropic hypogonadism"
      },
      "evidence": [
        {
          "evidenceCode": {
            "id": "ECO:0000033",
            "label": "author statement supported by traceable reference"
          },
          "reference": {
            "id": "PMID:29749493",
            "description": "A novel PNPLA6 compound heterozygous mutation identified in a Chinese patient with Boucher\u2011Neuh\u00e4user syndrome"
          }
        }
      ]
    }
  ],
  "interpretations": [
    {
      "id": "interpretation-id",
      "progressStatus": "SOLVED",
      "diagnosis": {
        "disease": {
          "id": "OMIM:215470",
          "label": "BOUCHER-NEUHAUSER SYNDROME; BNHS"
        },
        "genomicInterpretations": [
          {
            "subjectOrBiosampleId": "II.2",
            "interpretationStatus": "CAUSATIVE",
            "variantInterpretation": {
              "variationDescriptor": {
                "id": "variant-1",
                "geneContext": {
                  "valueId": "NCBIGene:10908",
                  "symbol": "PNPLA6"
                },
                "vcfRecord": {
                  "genomeAssembly": "GRCh37",
                  "chrom": "19",
                  "pos": "7622129",
                  "ref": "G",
                  "alt": "T"
                },
                "moleculeContext": "genomic",
                "allelicState": {
                  "id": "GENO:0000135",
                  "label": "heterozygous"
                }
              }
            }
          },
          {
            "subjectOrBiosampleId": "II.2",
            "interpretationStatus": "CAUSATIVE",
            "variantInterpretation": {
              "variationDescriptor": {
                "id": "variant-2",
                "geneContext": {
                  "valueId": "NCBIGene:10908",
                  "symbol": "PNPLA6"
                },
                "vcfRecord": {
                  "genomeAssembly": "GRCh37",
                  "chrom": "19",
                  "pos": "7623842",
                  "ref": "G",
                  "alt": "C"
                },
                "moleculeContext": "genomic",
                "allelicState": {
                  "id": "GENO:0000135",
                  "label": "heterozygous"
                }
              }
            }
          }
        ]
      }
    }
  ],
  "metaData": {
    "created": "2023-09-20T17:50:11.573071956Z",
    "createdBy": "n/a",
    "submittedBy": "HPO:probinson",
    "resources": [
      {
        "id": "hp",
        "name": "human phenotype ontology",
        "url": "http://purl.obolibrary.org/obo/hp.owl",
        "version": "2018-03-08",
        "namespacePrefix": "HP",
        "iriPrefix": "http://purl.obolibrary.org/obo/HP_"
      },
      {
        "id": "pato",
        "name": "Phenotype And Trait Ontology",
        "url": "http://purl.obolibrary.org/obo/pato.owl",
        "version": "2018-03-28",
        "namespacePrefix": "PATO",
        "iriPrefix": "http://purl.obolibrary.org/obo/PATO_"
      },
      {
        "id": "geno",
        "name": "Genotype Ontology",
        "url": "http://purl.obolibrary.org/obo/geno.owl",
        "version": "19-03-2018",
        "namespacePrefix": "GENO",
        "iriPrefix": "http://purl.obolibrary.org/obo/GENO_"
      },
      {
        "id": "eco",
        "name": "Evidence and Conclusion Ontology",
        "url": "http://purl.obolibrary.org/obo/eco.owl",
        "version": "2018-11-10",
        "namespacePrefix": "ECO",
        "iriPrefix": "http://purl.obolibrary.org/obo/ECO_"
      },
      {
        "id": "omim",
        "name": "Online Mendelian Inheritance in Man",
        "url": "https://www.omim.org",
        "version": "n/a",
        "namespacePrefix": "OMIM",
        "iriPrefix": "n/a"
      }
    ],
    "phenopacketSchemaVersion": "2.0"
  }
}