{
  "id": "PMID:28148925-Inui-2017-LONP1-Proband",
  "subject": {
    "id": "Proband",
    "timeAtLastEncounter": {
      "age": {
        "iso8601duration": "P12Y"
      }
    },
    "sex": "MALE"
  },
  "phenotypicFeatures": [
    {
      "type": {
        "id": "HP:0004322",
        "label": "Short stature"
      },
      "evidence": [
        {
          "evidenceCode": {
            "id": "ECO:0000033",
            "label": "author statement supported by traceable reference"
          },
          "reference": {
            "id": "PMID:28148925",
            "description": "A novel mutation in the proteolytic domain of LONP1 causes atypical CODAS syndrome"
          }
        }
      ]
    },
    {
      "type": {
        "id": "HP:0002023",
        "label": "Anal atresia"
      },
      "evidence": [
        {
          "evidenceCode": {
            "id": "ECO:0000033",
            "label": "author statement supported by traceable reference"
          },
          "reference": {
            "id": "PMID:28148925",
            "description": "A novel mutation in the proteolytic domain of LONP1 causes atypical CODAS syndrome"
          }
        }
      ]
    },
    {
      "type": {
        "id": "HP:0003112",
        "label": "Abnormal circulating amino acid concentration"
      },
      "evidence": [
        {
          "evidenceCode": {
            "id": "ECO:0000033",
            "label": "author statement supported by traceable reference"
          },
          "reference": {
            "id": "PMID:28148925",
            "description": "A novel mutation in the proteolytic domain of LONP1 causes atypical CODAS syndrome"
          }
        }
      ]
    },
    {
      "type": {
        "id": "HP:0040081",
        "label": "Abnormal circulating creatine kinase concentration"
      },
      "evidence": [
        {
          "evidenceCode": {
            "id": "ECO:0000033",
            "label": "author statement supported by traceable reference"
          },
          "reference": {
            "id": "PMID:28148925",
            "description": "A novel mutation in the proteolytic domain of LONP1 causes atypical CODAS syndrome"
          }
        }
      ]
    },
    {
      "type": {
        "id": "HP:0010818",
        "label": "Generalized tonic seizure"
      },
      "evidence": [
        {
          "evidenceCode": {
            "id": "ECO:0000033",
            "label": "author statement supported by traceable reference"
          },
          "reference": {
            "id": "PMID:28148925",
            "description": "A novel mutation in the proteolytic domain of LONP1 causes atypical CODAS syndrome"
          }
        }
      ]
    },
    {
      "type": {
        "id": "HP:0002059",
        "label": "Cerebral atrophy"
      },
      "evidence": [
        {
          "evidenceCode": {
            "id": "ECO:0000033",
            "label": "author statement supported by traceable reference"
          },
          "reference": {
            "id": "PMID:28148925",
            "description": "A novel mutation in the proteolytic domain of LONP1 causes atypical CODAS syndrome"
          }
        }
      ]
    },
    {
      "type": {
        "id": "HP:0001290",
        "label": "Generalized hypotonia"
      },
      "evidence": [
        {
          "evidenceCode": {
            "id": "ECO:0000033",
            "label": "author statement supported by traceable reference"
          },
          "reference": {
            "id": "PMID:28148925",
            "description": "A novel mutation in the proteolytic domain of LONP1 causes atypical CODAS syndrome"
          }
        }
      ]
    },
    {
      "type": {
        "id": "HP:0000518",
        "label": "Cataract"
      },
      "evidence": [
        {
          "evidenceCode": {
            "id": "ECO:0000033",
            "label": "author statement supported by traceable reference"
          },
          "reference": {
            "id": "PMID:28148925",
            "description": "A novel mutation in the proteolytic domain of LONP1 causes atypical CODAS syndrome"
          }
        }
      ]
    },
    {
      "type": {
        "id": "HP:0002061",
        "label": "Lower limb spasticity"
      },
      "evidence": [
        {
          "evidenceCode": {
            "id": "ECO:0000033",
            "label": "author statement supported by traceable reference"
          },
          "reference": {
            "id": "PMID:28148925",
            "description": "A novel mutation in the proteolytic domain of LONP1 causes atypical CODAS syndrome"
          }
        }
      ]
    },
    {
      "type": {
        "id": "HP:0003542",
        "label": "Increased serum pyruvate"
      },
      "evidence": [
        {
          "evidenceCode": {
            "id": "ECO:0000033",
            "label": "author statement supported by traceable reference"
          },
          "reference": {
            "id": "PMID:28148925",
            "description": "A novel mutation in the proteolytic domain of LONP1 causes atypical CODAS syndrome"
          }
        }
      ]
    },
    {
      "type": {
        "id": "HP:0001263",
        "label": "Global developmental delay"
      },
      "evidence": [
        {
          "evidenceCode": {
            "id": "ECO:0000033",
            "label": "author statement supported by traceable reference"
          },
          "reference": {
            "id": "PMID:28148925",
            "description": "A novel mutation in the proteolytic domain of LONP1 causes atypical CODAS syndrome"
          }
        }
      ]
    },
    {
      "type": {
        "id": "HP:0001266",
        "label": "Choreoathetosis"
      },
      "evidence": [
        {
          "evidenceCode": {
            "id": "ECO:0000033",
            "label": "author statement supported by traceable reference"
          },
          "reference": {
            "id": "PMID:28148925",
            "description": "A novel mutation in the proteolytic domain of LONP1 causes atypical CODAS syndrome"
          }
        }
      ]
    },
    {
      "type": {
        "id": "HP:0001270",
        "label": "Motor delay"
      },
      "evidence": [
        {
          "evidenceCode": {
            "id": "ECO:0000033",
            "label": "author statement supported by traceable reference"
          },
          "reference": {
            "id": "PMID:28148925",
            "description": "A novel mutation in the proteolytic domain of LONP1 causes atypical CODAS syndrome"
          }
        }
      ]
    }
  ],
  "interpretations": [
    {
      "id": "interpretation-id",
      "progressStatus": "SOLVED",
      "diagnosis": {
        "disease": {
          "id": "OMIM:600373",
          "label": "CODAS SYNDROME"
        },
        "genomicInterpretations": [
          {
            "subjectOrBiosampleId": "Proband",
            "interpretationStatus": "CAUSATIVE",
            "variantInterpretation": {
              "variationDescriptor": {
                "id": "variant-1",
                "geneContext": {
                  "valueId": "NCBIGene:9361",
                  "symbol": "LONP1"
                },
                "vcfRecord": {
                  "genomeAssembly": "GRCh37",
                  "chrom": "19",
                  "pos": "5719847",
                  "ref": "G",
                  "alt": "GC"
                },
                "moleculeContext": "genomic",
                "allelicState": {
                  "id": "GENO:0000135",
                  "label": "heterozygous"
                }
              }
            }
          },
          {
            "subjectOrBiosampleId": "Proband",
            "interpretationStatus": "CAUSATIVE",
            "variantInterpretation": {
              "variationDescriptor": {
                "id": "variant-2",
                "geneContext": {
                  "valueId": "NCBIGene:9361",
                  "symbol": "LONP1"
                },
                "vcfRecord": {
                  "genomeAssembly": "GRCh37",
                  "chrom": "19",
                  "pos": "5693745",
                  "ref": "G",
                  "alt": "A"
                },
                "moleculeContext": "genomic",
                "allelicState": {
                  "id": "GENO:0000135",
                  "label": "heterozygous"
                }
              }
            }
          }
        ]
      }
    }
  ],
  "metaData": {
    "created": "2023-09-20T17:50:15.756062030Z",
    "createdBy": "Hpo Case Annotator : 1.0.13-SNAPSHOT",
    "submittedBy": "HPO:probinson",
    "resources": [
      {
        "id": "hp",
        "name": "human phenotype ontology",
        "url": "http://purl.obolibrary.org/obo/hp.owl",
        "version": "2018-03-08",
        "namespacePrefix": "HP",
        "iriPrefix": "http://purl.obolibrary.org/obo/HP_"
      },
      {
        "id": "pato",
        "name": "Phenotype And Trait Ontology",
        "url": "http://purl.obolibrary.org/obo/pato.owl",
        "version": "2018-03-28",
        "namespacePrefix": "PATO",
        "iriPrefix": "http://purl.obolibrary.org/obo/PATO_"
      },
      {
        "id": "geno",
        "name": "Genotype Ontology",
        "url": "http://purl.obolibrary.org/obo/geno.owl",
        "version": "19-03-2018",
        "namespacePrefix": "GENO",
        "iriPrefix": "http://purl.obolibrary.org/obo/GENO_"
      },
      {
        "id": "eco",
        "name": "Evidence and Conclusion Ontology",
        "url": "http://purl.obolibrary.org/obo/eco.owl",
        "version": "2018-11-10",
        "namespacePrefix": "ECO",
        "iriPrefix": "http://purl.obolibrary.org/obo/ECO_"
      },
      {
        "id": "omim",
        "name": "Online Mendelian Inheritance in Man",
        "url": "https://www.omim.org",
        "version": "n/a",
        "namespacePrefix": "OMIM",
        "iriPrefix": "n/a"
      }
    ],
    "phenopacketSchemaVersion": "2.0"
  }
}