{
  "id": "PMID:30053862-Hyun-2018-TP53RK-II-1",
  "subject": {
    "id": "II-1",
    "timeAtLastEncounter": {
      "age": {
        "iso8601duration": "P10M"
      }
    },
    "sex": "FEMALE"
  },
  "phenotypicFeatures": [
    {
      "type": {
        "id": "HP:0002059",
        "label": "Cerebral atrophy"
      },
      "evidence": [
        {
          "evidenceCode": {
            "id": "ECO:0000033",
            "label": "author statement supported by traceable reference"
          },
          "reference": {
            "id": "PMID:30053862",
            "description": "A familial case of Galloway-Mowat syndrome due to a novel TP53RK mutation: a case report"
          }
        }
      ]
    },
    {
      "type": {
        "id": "HP:0000252",
        "label": "Microcephaly"
      },
      "evidence": [
        {
          "evidenceCode": {
            "id": "ECO:0000033",
            "label": "author statement supported by traceable reference"
          },
          "reference": {
            "id": "PMID:30053862",
            "description": "A familial case of Galloway-Mowat syndrome due to a novel TP53RK mutation: a case report"
          }
        }
      ]
    },
    {
      "type": {
        "id": "HP:0000776",
        "label": "Congenital diaphragmatic hernia"
      },
      "evidence": [
        {
          "evidenceCode": {
            "id": "ECO:0000033",
            "label": "author statement supported by traceable reference"
          },
          "reference": {
            "id": "PMID:30053862",
            "description": "A familial case of Galloway-Mowat syndrome due to a novel TP53RK mutation: a case report"
          }
        }
      ]
    },
    {
      "type": {
        "id": "HP:0009879",
        "label": "Simplified gyral pattern"
      },
      "evidence": [
        {
          "evidenceCode": {
            "id": "ECO:0000033",
            "label": "author statement supported by traceable reference"
          },
          "reference": {
            "id": "PMID:30053862",
            "description": "A familial case of Galloway-Mowat syndrome due to a novel TP53RK mutation: a case report"
          }
        }
      ]
    },
    {
      "type": {
        "id": "HP:0008677",
        "label": "Congenital nephrotic syndrome"
      },
      "evidence": [
        {
          "evidenceCode": {
            "id": "ECO:0000033",
            "label": "author statement supported by traceable reference"
          },
          "reference": {
            "id": "PMID:30053862",
            "description": "A familial case of Galloway-Mowat syndrome due to a novel TP53RK mutation: a case report"
          }
        }
      ]
    },
    {
      "type": {
        "id": "HP:0002580",
        "label": "Volvulus"
      },
      "evidence": [
        {
          "evidenceCode": {
            "id": "ECO:0000033",
            "label": "author statement supported by traceable reference"
          },
          "reference": {
            "id": "PMID:30053862",
            "description": "A familial case of Galloway-Mowat syndrome due to a novel TP53RK mutation: a case report"
          }
        }
      ]
    },
    {
      "type": {
        "id": "HP:0000369",
        "label": "Low-set ears"
      },
      "evidence": [
        {
          "evidenceCode": {
            "id": "ECO:0000033",
            "label": "author statement supported by traceable reference"
          },
          "reference": {
            "id": "PMID:30053862",
            "description": "A familial case of Galloway-Mowat syndrome due to a novel TP53RK mutation: a case report"
          }
        }
      ]
    },
    {
      "type": {
        "id": "HP:0000316",
        "label": "Hypertelorism"
      },
      "evidence": [
        {
          "evidenceCode": {
            "id": "ECO:0000033",
            "label": "author statement supported by traceable reference"
          },
          "reference": {
            "id": "PMID:30053862",
            "description": "A familial case of Galloway-Mowat syndrome due to a novel TP53RK mutation: a case report"
          }
        }
      ]
    },
    {
      "type": {
        "id": "HP:0002036",
        "label": "Hiatus hernia"
      },
      "evidence": [
        {
          "evidenceCode": {
            "id": "ECO:0000033",
            "label": "author statement supported by traceable reference"
          },
          "reference": {
            "id": "PMID:30053862",
            "description": "A familial case of Galloway-Mowat syndrome due to a novel TP53RK mutation: a case report"
          }
        }
      ]
    },
    {
      "type": {
        "id": "HP:0000097",
        "label": "Focal segmental glomerulosclerosis"
      },
      "evidence": [
        {
          "evidenceCode": {
            "id": "ECO:0000033",
            "label": "author statement supported by traceable reference"
          },
          "reference": {
            "id": "PMID:30053862",
            "description": "A familial case of Galloway-Mowat syndrome due to a novel TP53RK mutation: a case report"
          }
        }
      ]
    }
  ],
  "interpretations": [
    {
      "id": "interpretation-id",
      "progressStatus": "SOLVED",
      "diagnosis": {
        "disease": {
          "id": "OMIM:617730",
          "label": "Galloway-Mowat syndrome 4"
        },
        "genomicInterpretations": [
          {
            "subjectOrBiosampleId": "II-1",
            "interpretationStatus": "CAUSATIVE",
            "variantInterpretation": {
              "variationDescriptor": {
                "id": "variant-1",
                "geneContext": {
                  "valueId": "NCBIGene:112858",
                  "symbol": "TP53RK"
                },
                "vcfRecord": {
                  "genomeAssembly": "GRCh37",
                  "chrom": "20",
                  "pos": "45317860",
                  "ref": "T",
                  "alt": "A"
                },
                "moleculeContext": "genomic",
                "allelicState": {
                  "id": "GENO:0000136",
                  "label": "homozygous"
                }
              }
            }
          }
        ]
      }
    }
  ],
  "metaData": {
    "created": "2023-09-20T17:50:13.148384094Z",
    "createdBy": "Hpo Case Annotator : 1.0.13-SNAPSHOT",
    "submittedBy": "HPO:probinson",
    "resources": [
      {
        "id": "hp",
        "name": "human phenotype ontology",
        "url": "http://purl.obolibrary.org/obo/hp.owl",
        "version": "2018-03-08",
        "namespacePrefix": "HP",
        "iriPrefix": "http://purl.obolibrary.org/obo/HP_"
      },
      {
        "id": "pato",
        "name": "Phenotype And Trait Ontology",
        "url": "http://purl.obolibrary.org/obo/pato.owl",
        "version": "2018-03-28",
        "namespacePrefix": "PATO",
        "iriPrefix": "http://purl.obolibrary.org/obo/PATO_"
      },
      {
        "id": "geno",
        "name": "Genotype Ontology",
        "url": "http://purl.obolibrary.org/obo/geno.owl",
        "version": "19-03-2018",
        "namespacePrefix": "GENO",
        "iriPrefix": "http://purl.obolibrary.org/obo/GENO_"
      },
      {
        "id": "eco",
        "name": "Evidence and Conclusion Ontology",
        "url": "http://purl.obolibrary.org/obo/eco.owl",
        "version": "2018-11-10",
        "namespacePrefix": "ECO",
        "iriPrefix": "http://purl.obolibrary.org/obo/ECO_"
      },
      {
        "id": "omim",
        "name": "Online Mendelian Inheritance in Man",
        "url": "https://www.omim.org",
        "version": "n/a",
        "namespacePrefix": "OMIM",
        "iriPrefix": "n/a"
      }
    ],
    "phenopacketSchemaVersion": "2.0"
  }
}