{
  "id": "PMID:24498630-Falik_Zaccai-2014-INSR-ISR1",
  "subject": {
    "id": "ISR1",
    "timeAtLastEncounter": {
      "age": {
        "iso8601duration": "P18M"
      }
    },
    "sex": "FEMALE"
  },
  "phenotypicFeatures": [
    {
      "type": {
        "id": "HP:0002090",
        "label": "Pneumonia"
      },
      "evidence": [
        {
          "evidenceCode": {
            "id": "ECO:0000033",
            "label": "author statement supported by traceable reference"
          },
          "reference": {
            "id": "PMID:24498630",
            "description": "Two novel mutations identified in familial cases with Donohue syndrome"
          }
        }
      ]
    },
    {
      "type": {
        "id": "HP:0002035",
        "label": "Rectal prolapse"
      },
      "evidence": [
        {
          "evidenceCode": {
            "id": "ECO:0000033",
            "label": "author statement supported by traceable reference"
          },
          "reference": {
            "id": "PMID:24498630",
            "description": "Two novel mutations identified in familial cases with Donohue syndrome"
          }
        }
      ]
    },
    {
      "type": {
        "id": "HP:0002719",
        "label": "Recurrent infections"
      },
      "evidence": [
        {
          "evidenceCode": {
            "id": "ECO:0000033",
            "label": "author statement supported by traceable reference"
          },
          "reference": {
            "id": "PMID:24498630",
            "description": "Two novel mutations identified in familial cases with Donohue syndrome"
          }
        }
      ]
    },
    {
      "type": {
        "id": "HP:0003270",
        "label": "Abdominal distention"
      },
      "evidence": [
        {
          "evidenceCode": {
            "id": "ECO:0000033",
            "label": "author statement supported by traceable reference"
          },
          "reference": {
            "id": "PMID:24498630",
            "description": "Two novel mutations identified in familial cases with Donohue syndrome"
          }
        }
      ]
    },
    {
      "type": {
        "id": "HP:0030796",
        "label": "Increased C-peptide level"
      },
      "evidence": [
        {
          "evidenceCode": {
            "id": "ECO:0000033",
            "label": "author statement supported by traceable reference"
          },
          "reference": {
            "id": "PMID:24498630",
            "description": "Two novel mutations identified in familial cases with Donohue syndrome"
          }
        }
      ]
    },
    {
      "type": {
        "id": "HP:0000842",
        "label": "Hyperinsulinemia"
      },
      "evidence": [
        {
          "evidenceCode": {
            "id": "ECO:0000033",
            "label": "author statement supported by traceable reference"
          },
          "reference": {
            "id": "PMID:24498630",
            "description": "Two novel mutations identified in familial cases with Donohue syndrome"
          }
        }
      ]
    },
    {
      "type": {
        "id": "HP:0000138",
        "label": "Ovarian cyst"
      },
      "evidence": [
        {
          "evidenceCode": {
            "id": "ECO:0000033",
            "label": "author statement supported by traceable reference"
          },
          "reference": {
            "id": "PMID:24498630",
            "description": "Two novel mutations identified in familial cases with Donohue syndrome"
          }
        }
      ]
    },
    {
      "type": {
        "id": "HP:0001263",
        "label": "Global developmental delay"
      },
      "evidence": [
        {
          "evidenceCode": {
            "id": "ECO:0000033",
            "label": "author statement supported by traceable reference"
          },
          "reference": {
            "id": "PMID:24498630",
            "description": "Two novel mutations identified in familial cases with Donohue syndrome"
          }
        }
      ]
    },
    {
      "type": {
        "id": "HP:0008665",
        "label": "Clitoral hypertrophy"
      },
      "evidence": [
        {
          "evidenceCode": {
            "id": "ECO:0000033",
            "label": "author statement supported by traceable reference"
          },
          "reference": {
            "id": "PMID:24498630",
            "description": "Two novel mutations identified in familial cases with Donohue syndrome"
          }
        }
      ]
    },
    {
      "type": {
        "id": "HP:0000388",
        "label": "Otitis media"
      },
      "evidence": [
        {
          "evidenceCode": {
            "id": "ECO:0000033",
            "label": "author statement supported by traceable reference"
          },
          "reference": {
            "id": "PMID:24498630",
            "description": "Two novel mutations identified in familial cases with Donohue syndrome"
          }
        }
      ]
    },
    {
      "type": {
        "id": "HP:0000105",
        "label": "Enlarged kidney"
      },
      "evidence": [
        {
          "evidenceCode": {
            "id": "ECO:0000033",
            "label": "author statement supported by traceable reference"
          },
          "reference": {
            "id": "PMID:24498630",
            "description": "Two novel mutations identified in familial cases with Donohue syndrome"
          }
        }
      ]
    },
    {
      "type": {
        "id": "HP:0001712",
        "label": "Left ventricular hypertrophy"
      },
      "evidence": [
        {
          "evidenceCode": {
            "id": "ECO:0000033",
            "label": "author statement supported by traceable reference"
          },
          "reference": {
            "id": "PMID:24498630",
            "description": "Two novel mutations identified in familial cases with Donohue syndrome"
          }
        }
      ]
    },
    {
      "type": {
        "id": "HP:0001943",
        "label": "Hypoglycemia"
      },
      "evidence": [
        {
          "evidenceCode": {
            "id": "ECO:0000033",
            "label": "author statement supported by traceable reference"
          },
          "reference": {
            "id": "PMID:24498630",
            "description": "Two novel mutations identified in familial cases with Donohue syndrome"
          }
        }
      ]
    },
    {
      "type": {
        "id": "HP:0000065",
        "label": "Labial hypertrophy"
      },
      "evidence": [
        {
          "evidenceCode": {
            "id": "ECO:0000033",
            "label": "author statement supported by traceable reference"
          },
          "reference": {
            "id": "PMID:24498630",
            "description": "Two novel mutations identified in familial cases with Donohue syndrome"
          }
        }
      ]
    }
  ],
  "interpretations": [
    {
      "id": "interpretation-id",
      "progressStatus": "SOLVED",
      "diagnosis": {
        "disease": {
          "id": "OMIM:246200",
          "label": "DONOHUE SYNDROME"
        },
        "genomicInterpretations": [
          {
            "subjectOrBiosampleId": "ISR1",
            "interpretationStatus": "CAUSATIVE",
            "variantInterpretation": {
              "variationDescriptor": {
                "id": "variant-1",
                "geneContext": {
                  "valueId": "NCBIGene:3643",
                  "symbol": "INSR"
                },
                "vcfRecord": {
                  "genomeAssembly": "GRCh37",
                  "chrom": "19",
                  "pos": "7184444",
                  "ref": "C",
                  "alt": "T"
                },
                "moleculeContext": "genomic",
                "allelicState": {
                  "id": "GENO:0000136",
                  "label": "homozygous"
                }
              }
            }
          }
        ]
      }
    }
  ],
  "metaData": {
    "created": "2023-09-20T17:50:15.247429847Z",
    "createdBy": "n/a",
    "submittedBy": "HPO:probinson",
    "resources": [
      {
        "id": "hp",
        "name": "human phenotype ontology",
        "url": "http://purl.obolibrary.org/obo/hp.owl",
        "version": "2018-03-08",
        "namespacePrefix": "HP",
        "iriPrefix": "http://purl.obolibrary.org/obo/HP_"
      },
      {
        "id": "pato",
        "name": "Phenotype And Trait Ontology",
        "url": "http://purl.obolibrary.org/obo/pato.owl",
        "version": "2018-03-28",
        "namespacePrefix": "PATO",
        "iriPrefix": "http://purl.obolibrary.org/obo/PATO_"
      },
      {
        "id": "geno",
        "name": "Genotype Ontology",
        "url": "http://purl.obolibrary.org/obo/geno.owl",
        "version": "19-03-2018",
        "namespacePrefix": "GENO",
        "iriPrefix": "http://purl.obolibrary.org/obo/GENO_"
      },
      {
        "id": "eco",
        "name": "Evidence and Conclusion Ontology",
        "url": "http://purl.obolibrary.org/obo/eco.owl",
        "version": "2018-11-10",
        "namespacePrefix": "ECO",
        "iriPrefix": "http://purl.obolibrary.org/obo/ECO_"
      },
      {
        "id": "omim",
        "name": "Online Mendelian Inheritance in Man",
        "url": "https://www.omim.org",
        "version": "n/a",
        "namespacePrefix": "OMIM",
        "iriPrefix": "n/a"
      }
    ],
    "phenopacketSchemaVersion": "2.0"
  }
}