{
  "id": "PMID:17646629-Warnecke-2007-SPG7-II-3",
  "subject": {
    "id": "II-3",
    "timeAtLastEncounter": {
      "age": {
        "iso8601duration": "P38Y"
      }
    },
    "sex": "FEMALE"
  },
  "phenotypicFeatures": [
    {
      "type": {
        "id": "HP:0002353",
        "label": "EEG abnormality"
      },
      "evidence": [
        {
          "evidenceCode": {
            "id": "ECO:0000033",
            "label": "author statement supported by traceable reference"
          },
          "reference": {
            "id": "PMID:17646629",
            "description": "A novel form of autosomal recessive hereditary spastic paraplegia caused by a new SPG7 mutation"
          }
        }
      ]
    },
    {
      "type": {
        "id": "HP:0001260",
        "label": "Dysarthria"
      },
      "evidence": [
        {
          "evidenceCode": {
            "id": "ECO:0000033",
            "label": "author statement supported by traceable reference"
          },
          "reference": {
            "id": "PMID:17646629",
            "description": "A novel form of autosomal recessive hereditary spastic paraplegia caused by a new SPG7 mutation"
          }
        }
      ]
    },
    {
      "type": {
        "id": "HP:0100543",
        "label": "Cognitive impairment"
      },
      "evidence": [
        {
          "evidenceCode": {
            "id": "ECO:0000033",
            "label": "author statement supported by traceable reference"
          },
          "reference": {
            "id": "PMID:17646629",
            "description": "A novel form of autosomal recessive hereditary spastic paraplegia caused by a new SPG7 mutation"
          }
        }
      ]
    },
    {
      "type": {
        "id": "HP:0002395",
        "label": "Lower limb hyperreflexia"
      },
      "evidence": [
        {
          "evidenceCode": {
            "id": "ECO:0000033",
            "label": "author statement supported by traceable reference"
          },
          "reference": {
            "id": "PMID:17646629",
            "description": "A novel form of autosomal recessive hereditary spastic paraplegia caused by a new SPG7 mutation"
          }
        }
      ]
    },
    {
      "type": {
        "id": "HP:0001251",
        "label": "Ataxia"
      },
      "evidence": [
        {
          "evidenceCode": {
            "id": "ECO:0000033",
            "label": "author statement supported by traceable reference"
          },
          "reference": {
            "id": "PMID:17646629",
            "description": "A novel form of autosomal recessive hereditary spastic paraplegia caused by a new SPG7 mutation"
          }
        }
      ]
    },
    {
      "type": {
        "id": "HP:0000605",
        "label": "Supranuclear gaze palsy"
      },
      "evidence": [
        {
          "evidenceCode": {
            "id": "ECO:0000033",
            "label": "author statement supported by traceable reference"
          },
          "reference": {
            "id": "PMID:17646629",
            "description": "A novel form of autosomal recessive hereditary spastic paraplegia caused by a new SPG7 mutation"
          }
        }
      ]
    },
    {
      "type": {
        "id": "HP:0001272",
        "label": "Cerebellar atrophy"
      },
      "evidence": [
        {
          "evidenceCode": {
            "id": "ECO:0000033",
            "label": "author statement supported by traceable reference"
          },
          "reference": {
            "id": "PMID:17646629",
            "description": "A novel form of autosomal recessive hereditary spastic paraplegia caused by a new SPG7 mutation"
          }
        }
      ]
    },
    {
      "type": {
        "id": "HP:0003487",
        "label": "Babinski sign"
      },
      "evidence": [
        {
          "evidenceCode": {
            "id": "ECO:0000033",
            "label": "author statement supported by traceable reference"
          },
          "reference": {
            "id": "PMID:17646629",
            "description": "A novel form of autosomal recessive hereditary spastic paraplegia caused by a new SPG7 mutation"
          }
        }
      ]
    },
    {
      "type": {
        "id": "HP:0012896",
        "label": "Abnormal motor evoked potentials"
      },
      "evidence": [
        {
          "evidenceCode": {
            "id": "ECO:0000033",
            "label": "author statement supported by traceable reference"
          },
          "reference": {
            "id": "PMID:17646629",
            "description": "A novel form of autosomal recessive hereditary spastic paraplegia caused by a new SPG7 mutation"
          }
        }
      ]
    },
    {
      "type": {
        "id": "HP:0000639",
        "label": "Nystagmus"
      },
      "evidence": [
        {
          "evidenceCode": {
            "id": "ECO:0000033",
            "label": "author statement supported by traceable reference"
          },
          "reference": {
            "id": "PMID:17646629",
            "description": "A novel form of autosomal recessive hereditary spastic paraplegia caused by a new SPG7 mutation"
          }
        }
      ]
    },
    {
      "type": {
        "id": "HP:0002061",
        "label": "Lower limb spasticity"
      },
      "evidence": [
        {
          "evidenceCode": {
            "id": "ECO:0000033",
            "label": "author statement supported by traceable reference"
          },
          "reference": {
            "id": "PMID:17646629",
            "description": "A novel form of autosomal recessive hereditary spastic paraplegia caused by a new SPG7 mutation"
          }
        }
      ]
    },
    {
      "type": {
        "id": "HP:0007377",
        "label": "Abnormality of somatosensory evoked potentials"
      },
      "evidence": [
        {
          "evidenceCode": {
            "id": "ECO:0000033",
            "label": "author statement supported by traceable reference"
          },
          "reference": {
            "id": "PMID:17646629",
            "description": "A novel form of autosomal recessive hereditary spastic paraplegia caused by a new SPG7 mutation"
          }
        }
      ]
    },
    {
      "type": {
        "id": "HP:0002355",
        "label": "Difficulty walking"
      },
      "evidence": [
        {
          "evidenceCode": {
            "id": "ECO:0000033",
            "label": "author statement supported by traceable reference"
          },
          "reference": {
            "id": "PMID:17646629",
            "description": "A novel form of autosomal recessive hereditary spastic paraplegia caused by a new SPG7 mutation"
          }
        }
      ]
    }
  ],
  "interpretations": [
    {
      "id": "interpretation-id",
      "progressStatus": "SOLVED",
      "diagnosis": {
        "disease": {
          "id": "OMIM:607259",
          "label": "SPASTIC PARAPLEGIA 7, AUTOSOMAL RECESSIVE; SPG7"
        },
        "genomicInterpretations": [
          {
            "subjectOrBiosampleId": "II-3",
            "interpretationStatus": "CAUSATIVE",
            "variantInterpretation": {
              "variationDescriptor": {
                "id": "variant-1",
                "geneContext": {
                  "valueId": "NCBIGene:6687",
                  "symbol": "SPG7"
                },
                "vcfRecord": {
                  "genomeAssembly": "GRCh37",
                  "chrom": "16",
                  "pos": "89620340",
                  "ref": "G",
                  "alt": "C"
                },
                "moleculeContext": "genomic",
                "allelicState": {
                  "id": "GENO:0000136",
                  "label": "homozygous"
                }
              }
            }
          }
        ]
      }
    }
  ],
  "metaData": {
    "created": "2023-09-20T17:50:13.229460954Z",
    "createdBy": "n/a",
    "submittedBy": "HPO:probinson",
    "resources": [
      {
        "id": "hp",
        "name": "human phenotype ontology",
        "url": "http://purl.obolibrary.org/obo/hp.owl",
        "version": "2018-03-08",
        "namespacePrefix": "HP",
        "iriPrefix": "http://purl.obolibrary.org/obo/HP_"
      },
      {
        "id": "pato",
        "name": "Phenotype And Trait Ontology",
        "url": "http://purl.obolibrary.org/obo/pato.owl",
        "version": "2018-03-28",
        "namespacePrefix": "PATO",
        "iriPrefix": "http://purl.obolibrary.org/obo/PATO_"
      },
      {
        "id": "geno",
        "name": "Genotype Ontology",
        "url": "http://purl.obolibrary.org/obo/geno.owl",
        "version": "19-03-2018",
        "namespacePrefix": "GENO",
        "iriPrefix": "http://purl.obolibrary.org/obo/GENO_"
      },
      {
        "id": "eco",
        "name": "Evidence and Conclusion Ontology",
        "url": "http://purl.obolibrary.org/obo/eco.owl",
        "version": "2018-11-10",
        "namespacePrefix": "ECO",
        "iriPrefix": "http://purl.obolibrary.org/obo/ECO_"
      },
      {
        "id": "omim",
        "name": "Online Mendelian Inheritance in Man",
        "url": "https://www.omim.org",
        "version": "n/a",
        "namespacePrefix": "OMIM",
        "iriPrefix": "n/a"
      }
    ],
    "phenopacketSchemaVersion": "2.0"
  }
}