{
  "id": "PMID:25085748-Yalcin-Cakmakli-2014-FBXO7-ANK-07",
  "subject": {
    "id": "ANK-07",
    "timeAtLastEncounter": {
      "age": {
        "iso8601duration": "P21Y"
      }
    },
    "sex": "MALE"
  },
  "phenotypicFeatures": [
    {
      "type": {
        "id": "HP:0002067",
        "label": "Bradykinesia"
      },
      "evidence": [
        {
          "evidenceCode": {
            "id": "ECO:0000033",
            "label": "author statement supported by traceable reference"
          },
          "reference": {
            "id": "PMID:25085748",
            "description": "A new Turkish family with homozygous FBXO7 truncating mutation and juvenile atypical parkinsonism"
          }
        }
      ]
    },
    {
      "type": {
        "id": "HP:0001300",
        "label": "Parkinsonism"
      },
      "evidence": [
        {
          "evidenceCode": {
            "id": "ECO:0000033",
            "label": "author statement supported by traceable reference"
          },
          "reference": {
            "id": "PMID:25085748",
            "description": "A new Turkish family with homozygous FBXO7 truncating mutation and juvenile atypical parkinsonism"
          }
        }
      ]
    },
    {
      "type": {
        "id": "HP:0002063",
        "label": "Rigidity"
      },
      "evidence": [
        {
          "evidenceCode": {
            "id": "ECO:0000033",
            "label": "author statement supported by traceable reference"
          },
          "reference": {
            "id": "PMID:25085748",
            "description": "A new Turkish family with homozygous FBXO7 truncating mutation and juvenile atypical parkinsonism"
          }
        }
      ]
    },
    {
      "type": {
        "id": "HP:0002172",
        "label": "Postural instability"
      },
      "evidence": [
        {
          "evidenceCode": {
            "id": "ECO:0000033",
            "label": "author statement supported by traceable reference"
          },
          "reference": {
            "id": "PMID:25085748",
            "description": "A new Turkish family with homozygous FBXO7 truncating mutation and juvenile atypical parkinsonism"
          }
        }
      ]
    },
    {
      "type": {
        "id": "HP:0002353",
        "label": "EEG abnormality"
      },
      "evidence": [
        {
          "evidenceCode": {
            "id": "ECO:0000033",
            "label": "author statement supported by traceable reference"
          },
          "reference": {
            "id": "PMID:25085748",
            "description": "A new Turkish family with homozygous FBXO7 truncating mutation and juvenile atypical parkinsonism"
          }
        }
      ]
    },
    {
      "type": {
        "id": "HP:0002527",
        "label": "Falls"
      },
      "evidence": [
        {
          "evidenceCode": {
            "id": "ECO:0000033",
            "label": "author statement supported by traceable reference"
          },
          "reference": {
            "id": "PMID:25085748",
            "description": "A new Turkish family with homozygous FBXO7 truncating mutation and juvenile atypical parkinsonism"
          }
        }
      ]
    },
    {
      "type": {
        "id": "HP:0002141",
        "label": "Gait imbalance"
      },
      "evidence": [
        {
          "evidenceCode": {
            "id": "ECO:0000033",
            "label": "author statement supported by traceable reference"
          },
          "reference": {
            "id": "PMID:25085748",
            "description": "A new Turkish family with homozygous FBXO7 truncating mutation and juvenile atypical parkinsonism"
          }
        }
      ]
    }
  ],
  "interpretations": [
    {
      "id": "interpretation-id",
      "progressStatus": "SOLVED",
      "diagnosis": {
        "disease": {
          "id": "OMIM:260300",
          "label": "PARKINSON DISEASE 15, AUTOSOMAL RECESSIVE EARLY-ONSET; PARK15"
        },
        "genomicInterpretations": [
          {
            "subjectOrBiosampleId": "ANK-07",
            "interpretationStatus": "CAUSATIVE",
            "variantInterpretation": {
              "variationDescriptor": {
                "id": "variant-1",
                "geneContext": {
                  "valueId": "NCBIGene:25793",
                  "symbol": "FBXO7"
                },
                "vcfRecord": {
                  "genomeAssembly": "GRCh37",
                  "chrom": "22",
                  "pos": "32894440",
                  "ref": "C",
                  "alt": "T"
                },
                "moleculeContext": "genomic",
                "allelicState": {
                  "id": "GENO:0000136",
                  "label": "homozygous"
                }
              }
            }
          }
        ]
      }
    }
  ],
  "metaData": {
    "created": "2023-09-20T17:50:13.999552965Z",
    "createdBy": "Hpo Case Annotator : 1.0.14-SNAPSHOT",
    "submittedBy": "HPO:probinson",
    "resources": [
      {
        "id": "hp",
        "name": "human phenotype ontology",
        "url": "http://purl.obolibrary.org/obo/hp.owl",
        "version": "2018-03-08",
        "namespacePrefix": "HP",
        "iriPrefix": "http://purl.obolibrary.org/obo/HP_"
      },
      {
        "id": "pato",
        "name": "Phenotype And Trait Ontology",
        "url": "http://purl.obolibrary.org/obo/pato.owl",
        "version": "2018-03-28",
        "namespacePrefix": "PATO",
        "iriPrefix": "http://purl.obolibrary.org/obo/PATO_"
      },
      {
        "id": "geno",
        "name": "Genotype Ontology",
        "url": "http://purl.obolibrary.org/obo/geno.owl",
        "version": "19-03-2018",
        "namespacePrefix": "GENO",
        "iriPrefix": "http://purl.obolibrary.org/obo/GENO_"
      },
      {
        "id": "eco",
        "name": "Evidence and Conclusion Ontology",
        "url": "http://purl.obolibrary.org/obo/eco.owl",
        "version": "2018-11-10",
        "namespacePrefix": "ECO",
        "iriPrefix": "http://purl.obolibrary.org/obo/ECO_"
      },
      {
        "id": "omim",
        "name": "Online Mendelian Inheritance in Man",
        "url": "https://www.omim.org",
        "version": "n/a",
        "namespacePrefix": "OMIM",
        "iriPrefix": "n/a"
      }
    ],
    "phenopacketSchemaVersion": "2.0"
  }
}