{
  "id": "PMID:24932600-Tamhankar-2014-ROR2-Patient_2",
  "subject": {
    "id": "Patient 2",
    "timeAtLastEncounter": {
      "age": {
        "iso8601duration": "P2Y"
      }
    },
    "sex": "MALE"
  },
  "phenotypicFeatures": [
    {
      "type": {
        "id": "HP:0000054",
        "label": "Micropenis"
      },
      "evidence": [
        {
          "evidenceCode": {
            "id": "ECO:0000033",
            "label": "author statement supported by traceable reference"
          },
          "reference": {
            "id": "PMID:24932600",
            "description": "Identification of novel ROR2 gene mutations in Indian children with Robinow syndrome"
          }
        }
      ]
    },
    {
      "type": {
        "id": "HP:0010281",
        "label": "Cleft lower lip"
      },
      "evidence": [
        {
          "evidenceCode": {
            "id": "ECO:0000033",
            "label": "author statement supported by traceable reference"
          },
          "reference": {
            "id": "PMID:24932600",
            "description": "Identification of novel ROR2 gene mutations in Indian children with Robinow syndrome"
          }
        }
      ]
    },
    {
      "type": {
        "id": "HP:0002007",
        "label": "Frontal bossing"
      },
      "evidence": [
        {
          "evidenceCode": {
            "id": "ECO:0000033",
            "label": "author statement supported by traceable reference"
          },
          "reference": {
            "id": "PMID:24932600",
            "description": "Identification of novel ROR2 gene mutations in Indian children with Robinow syndrome"
          }
        }
      ]
    },
    {
      "type": {
        "id": "HP:0001647",
        "label": "Bicuspid aortic valve"
      },
      "evidence": [
        {
          "evidenceCode": {
            "id": "ECO:0000033",
            "label": "author statement supported by traceable reference"
          },
          "reference": {
            "id": "PMID:24932600",
            "description": "Identification of novel ROR2 gene mutations in Indian children with Robinow syndrome"
          }
        }
      ]
    },
    {
      "type": {
        "id": "HP:0000343",
        "label": "Long philtrum"
      },
      "evidence": [
        {
          "evidenceCode": {
            "id": "ECO:0000033",
            "label": "author statement supported by traceable reference"
          },
          "reference": {
            "id": "PMID:24932600",
            "description": "Identification of novel ROR2 gene mutations in Indian children with Robinow syndrome"
          }
        }
      ]
    },
    {
      "type": {
        "id": "HP:0000347",
        "label": "Micrognathia"
      },
      "evidence": [
        {
          "evidenceCode": {
            "id": "ECO:0000033",
            "label": "author statement supported by traceable reference"
          },
          "reference": {
            "id": "PMID:24932600",
            "description": "Identification of novel ROR2 gene mutations in Indian children with Robinow syndrome"
          }
        }
      ]
    },
    {
      "type": {
        "id": "HP:0003086",
        "label": "Acromesomelia"
      },
      "evidence": [
        {
          "evidenceCode": {
            "id": "ECO:0000033",
            "label": "author statement supported by traceable reference"
          },
          "reference": {
            "id": "PMID:24932600",
            "description": "Identification of novel ROR2 gene mutations in Indian children with Robinow syndrome"
          }
        }
      ]
    },
    {
      "type": {
        "id": "HP:0003042",
        "label": "Elbow dislocation"
      },
      "evidence": [
        {
          "evidenceCode": {
            "id": "ECO:0000033",
            "label": "author statement supported by traceable reference"
          },
          "reference": {
            "id": "PMID:24932600",
            "description": "Identification of novel ROR2 gene mutations in Indian children with Robinow syndrome"
          }
        }
      ]
    },
    {
      "type": {
        "id": "HP:0008551",
        "label": "Microtia"
      },
      "evidence": [
        {
          "evidenceCode": {
            "id": "ECO:0000033",
            "label": "author statement supported by traceable reference"
          },
          "reference": {
            "id": "PMID:24932600",
            "description": "Identification of novel ROR2 gene mutations in Indian children with Robinow syndrome"
          }
        }
      ]
    },
    {
      "type": {
        "id": "HP:0000520",
        "label": "Proptosis"
      },
      "evidence": [
        {
          "evidenceCode": {
            "id": "ECO:0000033",
            "label": "author statement supported by traceable reference"
          },
          "reference": {
            "id": "PMID:24932600",
            "description": "Identification of novel ROR2 gene mutations in Indian children with Robinow syndrome"
          }
        }
      ]
    },
    {
      "type": {
        "id": "HP:0000212",
        "label": "Gingival overgrowth"
      },
      "evidence": [
        {
          "evidenceCode": {
            "id": "ECO:0000033",
            "label": "author statement supported by traceable reference"
          },
          "reference": {
            "id": "PMID:24932600",
            "description": "Identification of novel ROR2 gene mutations in Indian children with Robinow syndrome"
          }
        }
      ]
    },
    {
      "type": {
        "id": "HP:0009381",
        "label": "Short finger"
      },
      "evidence": [
        {
          "evidenceCode": {
            "id": "ECO:0000033",
            "label": "author statement supported by traceable reference"
          },
          "reference": {
            "id": "PMID:24932600",
            "description": "Identification of novel ROR2 gene mutations in Indian children with Robinow syndrome"
          }
        }
      ]
    },
    {
      "type": {
        "id": "HP:0007655",
        "label": "Eversion of lateral third of lower eyelids"
      },
      "evidence": [
        {
          "evidenceCode": {
            "id": "ECO:0000033",
            "label": "author statement supported by traceable reference"
          },
          "reference": {
            "id": "PMID:24932600",
            "description": "Identification of novel ROR2 gene mutations in Indian children with Robinow syndrome"
          }
        }
      ]
    },
    {
      "type": {
        "id": "HP:0000463",
        "label": "Anteverted nares"
      },
      "evidence": [
        {
          "evidenceCode": {
            "id": "ECO:0000033",
            "label": "author statement supported by traceable reference"
          },
          "reference": {
            "id": "PMID:24932600",
            "description": "Identification of novel ROR2 gene mutations in Indian children with Robinow syndrome"
          }
        }
      ]
    },
    {
      "type": {
        "id": "HP:0009826",
        "label": "Limb undergrowth"
      },
      "evidence": [
        {
          "evidenceCode": {
            "id": "ECO:0000033",
            "label": "author statement supported by traceable reference"
          },
          "reference": {
            "id": "PMID:24932600",
            "description": "Identification of novel ROR2 gene mutations in Indian children with Robinow syndrome"
          }
        }
      ]
    },
    {
      "type": {
        "id": "HP:0002937",
        "label": "Hemivertebrae"
      },
      "evidence": [
        {
          "evidenceCode": {
            "id": "ECO:0000033",
            "label": "author statement supported by traceable reference"
          },
          "reference": {
            "id": "PMID:24932600",
            "description": "Identification of novel ROR2 gene mutations in Indian children with Robinow syndrome"
          }
        }
      ]
    },
    {
      "type": {
        "id": "HP:0005280",
        "label": "Depressed nasal bridge"
      },
      "evidence": [
        {
          "evidenceCode": {
            "id": "ECO:0000033",
            "label": "author statement supported by traceable reference"
          },
          "reference": {
            "id": "PMID:24932600",
            "description": "Identification of novel ROR2 gene mutations in Indian children with Robinow syndrome"
          }
        }
      ]
    },
    {
      "type": {
        "id": "HP:0000892",
        "label": "Bifid ribs"
      },
      "evidence": [
        {
          "evidenceCode": {
            "id": "ECO:0000033",
            "label": "author statement supported by traceable reference"
          },
          "reference": {
            "id": "PMID:24932600",
            "description": "Identification of novel ROR2 gene mutations in Indian children with Robinow syndrome"
          }
        }
      ]
    },
    {
      "type": {
        "id": "HP:0004322",
        "label": "Short stature"
      },
      "evidence": [
        {
          "evidenceCode": {
            "id": "ECO:0000033",
            "label": "author statement supported by traceable reference"
          },
          "reference": {
            "id": "PMID:24932600",
            "description": "Identification of novel ROR2 gene mutations in Indian children with Robinow syndrome"
          }
        }
      ]
    }
  ],
  "interpretations": [
    {
      "id": "interpretation-id",
      "progressStatus": "SOLVED",
      "diagnosis": {
        "disease": {
          "id": "OMIM:268310",
          "label": "ROBINOW SYNDROME, AUTOSOMAL RECESSIVE; RRS"
        },
        "genomicInterpretations": [
          {
            "subjectOrBiosampleId": "Patient 2",
            "interpretationStatus": "CAUSATIVE",
            "variantInterpretation": {
              "variationDescriptor": {
                "id": "variant-1",
                "geneContext": {
                  "valueId": "NCBIGene:4920",
                  "symbol": "ROR2"
                },
                "vcfRecord": {
                  "genomeAssembly": "GRCh37",
                  "chrom": "9",
                  "pos": "94519790",
                  "ref": "C",
                  "alt": "T"
                },
                "moleculeContext": "genomic",
                "allelicState": {
                  "id": "GENO:0000136",
                  "label": "homozygous"
                }
              }
            }
          }
        ]
      }
    }
  ],
  "metaData": {
    "created": "2023-09-20T17:50:12.487179040Z",
    "createdBy": "Hpo Case Annotator : 1.0.13-SNAPSHOT",
    "submittedBy": "HPO:probinson",
    "resources": [
      {
        "id": "hp",
        "name": "human phenotype ontology",
        "url": "http://purl.obolibrary.org/obo/hp.owl",
        "version": "2018-03-08",
        "namespacePrefix": "HP",
        "iriPrefix": "http://purl.obolibrary.org/obo/HP_"
      },
      {
        "id": "pato",
        "name": "Phenotype And Trait Ontology",
        "url": "http://purl.obolibrary.org/obo/pato.owl",
        "version": "2018-03-28",
        "namespacePrefix": "PATO",
        "iriPrefix": "http://purl.obolibrary.org/obo/PATO_"
      },
      {
        "id": "geno",
        "name": "Genotype Ontology",
        "url": "http://purl.obolibrary.org/obo/geno.owl",
        "version": "19-03-2018",
        "namespacePrefix": "GENO",
        "iriPrefix": "http://purl.obolibrary.org/obo/GENO_"
      },
      {
        "id": "eco",
        "name": "Evidence and Conclusion Ontology",
        "url": "http://purl.obolibrary.org/obo/eco.owl",
        "version": "2018-11-10",
        "namespacePrefix": "ECO",
        "iriPrefix": "http://purl.obolibrary.org/obo/ECO_"
      },
      {
        "id": "omim",
        "name": "Online Mendelian Inheritance in Man",
        "url": "https://www.omim.org",
        "version": "n/a",
        "namespacePrefix": "OMIM",
        "iriPrefix": "n/a"
      }
    ],
    "phenopacketSchemaVersion": "2.0"
  }
}