{
  "id": "PMID:28652255-Inlora-2017-APTX-V-3",
  "subject": {
    "id": "V-3",
    "timeAtLastEncounter": {
      "age": {
        "iso8601duration": "P33Y"
      }
    },
    "sex": "MALE"
  },
  "phenotypicFeatures": [
    {
      "type": {
        "id": "HP:0000605",
        "label": "Supranuclear gaze palsy"
      },
      "evidence": [
        {
          "evidenceCode": {
            "id": "ECO:0000033",
            "label": "author statement supported by traceable reference"
          },
          "reference": {
            "id": "PMID:28652255",
            "description": "Identification of a novel mutation in the APTX gene associated with ataxia-oculomotor apraxia"
          }
        }
      ]
    },
    {
      "type": {
        "id": "HP:0001260",
        "label": "Dysarthria"
      },
      "evidence": [
        {
          "evidenceCode": {
            "id": "ECO:0000033",
            "label": "author statement supported by traceable reference"
          },
          "reference": {
            "id": "PMID:28652255",
            "description": "Identification of a novel mutation in the APTX gene associated with ataxia-oculomotor apraxia"
          }
        }
      ]
    },
    {
      "type": {
        "id": "HP:0001265",
        "label": "Hyporeflexia"
      },
      "evidence": [
        {
          "evidenceCode": {
            "id": "ECO:0000033",
            "label": "author statement supported by traceable reference"
          },
          "reference": {
            "id": "PMID:28652255",
            "description": "Identification of a novel mutation in the APTX gene associated with ataxia-oculomotor apraxia"
          }
        }
      ]
    },
    {
      "type": {
        "id": "HP:0002305",
        "label": "Athetosis"
      },
      "evidence": [
        {
          "evidenceCode": {
            "id": "ECO:0000033",
            "label": "author statement supported by traceable reference"
          },
          "reference": {
            "id": "PMID:28652255",
            "description": "Identification of a novel mutation in the APTX gene associated with ataxia-oculomotor apraxia"
          }
        }
      ]
    }
  ],
  "interpretations": [
    {
      "id": "interpretation-id",
      "progressStatus": "SOLVED",
      "diagnosis": {
        "disease": {
          "id": "OMIM:208920",
          "label": "ATAXIA, EARLY-ONSET, WITH OCULOMOTOR APRAXIA AND HYPOALBUMINEMIA;EAOH"
        },
        "genomicInterpretations": [
          {
            "subjectOrBiosampleId": "V-3",
            "interpretationStatus": "CAUSATIVE",
            "variantInterpretation": {
              "variationDescriptor": {
                "id": "variant-1",
                "geneContext": {
                  "valueId": "NCBIGene:54840",
                  "symbol": "APTX"
                },
                "vcfRecord": {
                  "genomeAssembly": "GRCh37",
                  "chrom": "9",
                  "pos": "32984702",
                  "ref": "T",
                  "alt": "A"
                },
                "moleculeContext": "genomic",
                "allelicState": {
                  "id": "GENO:0000136",
                  "label": "homozygous"
                }
              }
            }
          }
        ]
      }
    }
  ],
  "metaData": {
    "created": "2023-09-20T17:50:15.883826017Z",
    "createdBy": "Hpo Case Annotator : 1.0.14-SNAPSHOT",
    "submittedBy": "HPO:probinson",
    "resources": [
      {
        "id": "hp",
        "name": "human phenotype ontology",
        "url": "http://purl.obolibrary.org/obo/hp.owl",
        "version": "2018-03-08",
        "namespacePrefix": "HP",
        "iriPrefix": "http://purl.obolibrary.org/obo/HP_"
      },
      {
        "id": "pato",
        "name": "Phenotype And Trait Ontology",
        "url": "http://purl.obolibrary.org/obo/pato.owl",
        "version": "2018-03-28",
        "namespacePrefix": "PATO",
        "iriPrefix": "http://purl.obolibrary.org/obo/PATO_"
      },
      {
        "id": "geno",
        "name": "Genotype Ontology",
        "url": "http://purl.obolibrary.org/obo/geno.owl",
        "version": "19-03-2018",
        "namespacePrefix": "GENO",
        "iriPrefix": "http://purl.obolibrary.org/obo/GENO_"
      },
      {
        "id": "eco",
        "name": "Evidence and Conclusion Ontology",
        "url": "http://purl.obolibrary.org/obo/eco.owl",
        "version": "2018-11-10",
        "namespacePrefix": "ECO",
        "iriPrefix": "http://purl.obolibrary.org/obo/ECO_"
      },
      {
        "id": "omim",
        "name": "Online Mendelian Inheritance in Man",
        "url": "https://www.omim.org",
        "version": "n/a",
        "namespacePrefix": "OMIM",
        "iriPrefix": "n/a"
      }
    ],
    "phenopacketSchemaVersion": "2.0"
  }
}