{
  "id": "PMID:26453364-AlSubhi-2016-ALG9-IV:5",
  "subject": {
    "id": "IV:5",
    "timeAtLastEncounter": {
      "age": {
        "iso8601duration": "P6Y"
      }
    },
    "sex": "FEMALE"
  },
  "phenotypicFeatures": [
    {
      "type": {
        "id": "HP:0001057",
        "label": "Aplasia cutis congenita"
      },
      "evidence": [
        {
          "evidenceCode": {
            "id": "ECO:0000033",
            "label": "author statement supported by traceable reference"
          },
          "reference": {
            "id": "PMID:26453364",
            "description": "Further Delineation of the ALG9-CDG Phenotype"
          }
        }
      ]
    },
    {
      "type": {
        "id": "HP:0002827",
        "label": "Hip dislocation"
      },
      "evidence": [
        {
          "evidenceCode": {
            "id": "ECO:0000033",
            "label": "author statement supported by traceable reference"
          },
          "reference": {
            "id": "PMID:26453364",
            "description": "Further Delineation of the ALG9-CDG Phenotype"
          }
        }
      ]
    },
    {
      "type": {
        "id": "HP:0000965",
        "label": "Cutis marmorata"
      },
      "evidence": [
        {
          "evidenceCode": {
            "id": "ECO:0000033",
            "label": "author statement supported by traceable reference"
          },
          "reference": {
            "id": "PMID:26453364",
            "description": "Further Delineation of the ALG9-CDG Phenotype"
          }
        }
      ]
    },
    {
      "type": {
        "id": "HP:0006610",
        "label": "Wide intermamillary distance"
      },
      "evidence": [
        {
          "evidenceCode": {
            "id": "ECO:0000033",
            "label": "author statement supported by traceable reference"
          },
          "reference": {
            "id": "PMID:26453364",
            "description": "Further Delineation of the ALG9-CDG Phenotype"
          }
        }
      ]
    },
    {
      "type": {
        "id": "HP:0001250",
        "label": "Seizure"
      },
      "evidence": [
        {
          "evidenceCode": {
            "id": "ECO:0000033",
            "label": "author statement supported by traceable reference"
          },
          "reference": {
            "id": "PMID:26453364",
            "description": "Further Delineation of the ALG9-CDG Phenotype"
          }
        }
      ]
    },
    {
      "type": {
        "id": "HP:0011304",
        "label": "Broad thumb"
      },
      "evidence": [
        {
          "evidenceCode": {
            "id": "ECO:0000033",
            "label": "author statement supported by traceable reference"
          },
          "reference": {
            "id": "PMID:26453364",
            "description": "Further Delineation of the ALG9-CDG Phenotype"
          }
        }
      ]
    },
    {
      "type": {
        "id": "HP:0001558",
        "label": "Decreased fetal movement"
      },
      "evidence": [
        {
          "evidenceCode": {
            "id": "ECO:0000033",
            "label": "author statement supported by traceable reference"
          },
          "reference": {
            "id": "PMID:26453364",
            "description": "Further Delineation of the ALG9-CDG Phenotype"
          }
        }
      ]
    },
    {
      "type": {
        "id": "HP:0001263",
        "label": "Global developmental delay"
      },
      "evidence": [
        {
          "evidenceCode": {
            "id": "ECO:0000033",
            "label": "author statement supported by traceable reference"
          },
          "reference": {
            "id": "PMID:26453364",
            "description": "Further Delineation of the ALG9-CDG Phenotype"
          }
        }
      ]
    },
    {
      "type": {
        "id": "HP:0005280",
        "label": "Depressed nasal bridge"
      },
      "evidence": [
        {
          "evidenceCode": {
            "id": "ECO:0000033",
            "label": "author statement supported by traceable reference"
          },
          "reference": {
            "id": "PMID:26453364",
            "description": "Further Delineation of the ALG9-CDG Phenotype"
          }
        }
      ]
    },
    {
      "type": {
        "id": "HP:0000154",
        "label": "Wide mouth"
      },
      "evidence": [
        {
          "evidenceCode": {
            "id": "ECO:0000033",
            "label": "author statement supported by traceable reference"
          },
          "reference": {
            "id": "PMID:26453364",
            "description": "Further Delineation of the ALG9-CDG Phenotype"
          }
        }
      ]
    },
    {
      "type": {
        "id": "HP:0002007",
        "label": "Frontal bossing"
      },
      "evidence": [
        {
          "evidenceCode": {
            "id": "ECO:0000033",
            "label": "author statement supported by traceable reference"
          },
          "reference": {
            "id": "PMID:26453364",
            "description": "Further Delineation of the ALG9-CDG Phenotype"
          }
        }
      ]
    },
    {
      "type": {
        "id": "HP:0001252",
        "label": "Hypotonia"
      },
      "evidence": [
        {
          "evidenceCode": {
            "id": "ECO:0000033",
            "label": "author statement supported by traceable reference"
          },
          "reference": {
            "id": "PMID:26453364",
            "description": "Further Delineation of the ALG9-CDG Phenotype"
          }
        }
      ]
    },
    {
      "type": {
        "id": "HP:0000316",
        "label": "Hypertelorism"
      },
      "evidence": [
        {
          "evidenceCode": {
            "id": "ECO:0000033",
            "label": "author statement supported by traceable reference"
          },
          "reference": {
            "id": "PMID:26453364",
            "description": "Further Delineation of the ALG9-CDG Phenotype"
          }
        }
      ]
    },
    {
      "type": {
        "id": "HP:0005180",
        "label": "Tricuspid regurgitation"
      },
      "evidence": [
        {
          "evidenceCode": {
            "id": "ECO:0000033",
            "label": "author statement supported by traceable reference"
          },
          "reference": {
            "id": "PMID:26453364",
            "description": "Further Delineation of the ALG9-CDG Phenotype"
          }
        }
      ]
    },
    {
      "type": {
        "id": "HP:0200134",
        "label": "Epileptic encephalopathy"
      },
      "evidence": [
        {
          "evidenceCode": {
            "id": "ECO:0000033",
            "label": "author statement supported by traceable reference"
          },
          "reference": {
            "id": "PMID:26453364",
            "description": "Further Delineation of the ALG9-CDG Phenotype"
          }
        }
      ]
    },
    {
      "type": {
        "id": "HP:0000369",
        "label": "Low-set ears"
      },
      "evidence": [
        {
          "evidenceCode": {
            "id": "ECO:0000033",
            "label": "author statement supported by traceable reference"
          },
          "reference": {
            "id": "PMID:26453364",
            "description": "Further Delineation of the ALG9-CDG Phenotype"
          }
        }
      ]
    }
  ],
  "interpretations": [
    {
      "id": "interpretation-id",
      "progressStatus": "SOLVED",
      "diagnosis": {
        "disease": {
          "id": "OMIM:608776",
          "label": "CONGENITAL DISORDER OF GLYCOSYLATION, TYPE Il; CDG1L"
        },
        "genomicInterpretations": [
          {
            "subjectOrBiosampleId": "IV:5",
            "interpretationStatus": "CAUSATIVE",
            "variantInterpretation": {
              "variationDescriptor": {
                "id": "variant-1",
                "geneContext": {
                  "valueId": "NCBIGene:79796",
                  "symbol": "ALG9"
                },
                "vcfRecord": {
                  "genomeAssembly": "GRCh37",
                  "chrom": "11",
                  "pos": "111706902",
                  "ref": "C",
                  "alt": "T"
                },
                "moleculeContext": "genomic",
                "allelicState": {
                  "id": "GENO:0000136",
                  "label": "homozygous"
                }
              }
            }
          }
        ]
      }
    }
  ],
  "metaData": {
    "created": "2023-09-20T17:50:12.094652891Z",
    "createdBy": "Hpo Case Annotator : 1.0.14-SNAPSHOT",
    "submittedBy": "HPO:probinson",
    "resources": [
      {
        "id": "hp",
        "name": "human phenotype ontology",
        "url": "http://purl.obolibrary.org/obo/hp.owl",
        "version": "2018-03-08",
        "namespacePrefix": "HP",
        "iriPrefix": "http://purl.obolibrary.org/obo/HP_"
      },
      {
        "id": "pato",
        "name": "Phenotype And Trait Ontology",
        "url": "http://purl.obolibrary.org/obo/pato.owl",
        "version": "2018-03-28",
        "namespacePrefix": "PATO",
        "iriPrefix": "http://purl.obolibrary.org/obo/PATO_"
      },
      {
        "id": "geno",
        "name": "Genotype Ontology",
        "url": "http://purl.obolibrary.org/obo/geno.owl",
        "version": "19-03-2018",
        "namespacePrefix": "GENO",
        "iriPrefix": "http://purl.obolibrary.org/obo/GENO_"
      },
      {
        "id": "eco",
        "name": "Evidence and Conclusion Ontology",
        "url": "http://purl.obolibrary.org/obo/eco.owl",
        "version": "2018-11-10",
        "namespacePrefix": "ECO",
        "iriPrefix": "http://purl.obolibrary.org/obo/ECO_"
      },
      {
        "id": "omim",
        "name": "Online Mendelian Inheritance in Man",
        "url": "https://www.omim.org",
        "version": "n/a",
        "namespacePrefix": "OMIM",
        "iriPrefix": "n/a"
      }
    ],
    "phenopacketSchemaVersion": "2.0"
  }
}