{
  "id": "PMID:28065471-Van_Damme-2017-ATP6V1A-PIII:1",
  "subject": {
    "id": "PIII:1",
    "timeAtLastEncounter": {
      "age": {
        "iso8601duration": "P15Y"
      }
    },
    "sex": "MALE"
  },
  "phenotypicFeatures": [
    {
      "type": {
        "id": "HP:0000973",
        "label": "Cutis laxa"
      },
      "evidence": [
        {
          "evidenceCode": {
            "id": "ECO:0000033",
            "label": "author statement supported by traceable reference"
          },
          "reference": {
            "id": "PMID:28065471",
            "description": "Mutations in ATP6V1E1 or ATP6V1A Cause Autosomal-Recessive Cutis Laxa"
          }
        }
      ]
    },
    {
      "type": {
        "id": "HP:0001627",
        "label": "Abnormal heart morphology"
      },
      "evidence": [
        {
          "evidenceCode": {
            "id": "ECO:0000033",
            "label": "author statement supported by traceable reference"
          },
          "reference": {
            "id": "PMID:28065471",
            "description": "Mutations in ATP6V1E1 or ATP6V1A Cause Autosomal-Recessive Cutis Laxa"
          }
        }
      ]
    },
    {
      "type": {
        "id": "HP:0001290",
        "label": "Generalized hypotonia"
      },
      "evidence": [
        {
          "evidenceCode": {
            "id": "ECO:0000033",
            "label": "author statement supported by traceable reference"
          },
          "reference": {
            "id": "PMID:28065471",
            "description": "Mutations in ATP6V1E1 or ATP6V1A Cause Autosomal-Recessive Cutis Laxa"
          }
        }
      ]
    },
    {
      "type": {
        "id": "HP:0001385",
        "label": "Hip dysplasia"
      },
      "evidence": [
        {
          "evidenceCode": {
            "id": "ECO:0000033",
            "label": "author statement supported by traceable reference"
          },
          "reference": {
            "id": "PMID:28065471",
            "description": "Mutations in ATP6V1E1 or ATP6V1A Cause Autosomal-Recessive Cutis Laxa"
          }
        }
      ]
    },
    {
      "type": {
        "id": "HP:0000621",
        "label": "Entropion"
      },
      "evidence": [
        {
          "evidenceCode": {
            "id": "ECO:0000033",
            "label": "author statement supported by traceable reference"
          },
          "reference": {
            "id": "PMID:28065471",
            "description": "Mutations in ATP6V1E1 or ATP6V1A Cause Autosomal-Recessive Cutis Laxa"
          }
        }
      ]
    },
    {
      "type": {
        "id": "HP:0000098",
        "label": "Tall stature"
      },
      "evidence": [
        {
          "evidenceCode": {
            "id": "ECO:0000033",
            "label": "author statement supported by traceable reference"
          },
          "reference": {
            "id": "PMID:28065471",
            "description": "Mutations in ATP6V1E1 or ATP6V1A Cause Autosomal-Recessive Cutis Laxa"
          }
        }
      ]
    },
    {
      "type": {
        "id": "HP:0001999",
        "label": "Abnormal facial shape"
      },
      "evidence": [
        {
          "evidenceCode": {
            "id": "ECO:0000033",
            "label": "author statement supported by traceable reference"
          },
          "reference": {
            "id": "PMID:28065471",
            "description": "Mutations in ATP6V1E1 or ATP6V1A Cause Autosomal-Recessive Cutis Laxa"
          }
        }
      ]
    },
    {
      "type": {
        "id": "HP:0001639",
        "label": "Hypertrophic cardiomyopathy"
      },
      "evidence": [
        {
          "evidenceCode": {
            "id": "ECO:0000033",
            "label": "author statement supported by traceable reference"
          },
          "reference": {
            "id": "PMID:28065471",
            "description": "Mutations in ATP6V1E1 or ATP6V1A Cause Autosomal-Recessive Cutis Laxa"
          }
        }
      ]
    },
    {
      "type": {
        "id": "HP:0002751",
        "label": "Kyphoscoliosis"
      },
      "evidence": [
        {
          "evidenceCode": {
            "id": "ECO:0000033",
            "label": "author statement supported by traceable reference"
          },
          "reference": {
            "id": "PMID:28065471",
            "description": "Mutations in ATP6V1E1 or ATP6V1A Cause Autosomal-Recessive Cutis Laxa"
          }
        }
      ]
    },
    {
      "type": {
        "id": "HP:0002069",
        "label": "Bilateral tonic-clonic seizure"
      },
      "evidence": [
        {
          "evidenceCode": {
            "id": "ECO:0000033",
            "label": "author statement supported by traceable reference"
          },
          "reference": {
            "id": "PMID:28065471",
            "description": "Mutations in ATP6V1E1 or ATP6V1A Cause Autosomal-Recessive Cutis Laxa"
          }
        }
      ]
    },
    {
      "type": {
        "id": "HP:0001519",
        "label": "Disproportionate tall stature"
      },
      "evidence": [
        {
          "evidenceCode": {
            "id": "ECO:0000033",
            "label": "author statement supported by traceable reference"
          },
          "reference": {
            "id": "PMID:28065471",
            "description": "Mutations in ATP6V1E1 or ATP6V1A Cause Autosomal-Recessive Cutis Laxa"
          }
        }
      ]
    },
    {
      "type": {
        "id": "HP:0001371",
        "label": "Flexion contracture"
      },
      "evidence": [
        {
          "evidenceCode": {
            "id": "ECO:0000033",
            "label": "author statement supported by traceable reference"
          },
          "reference": {
            "id": "PMID:28065471",
            "description": "Mutations in ATP6V1E1 or ATP6V1A Cause Autosomal-Recessive Cutis Laxa"
          }
        }
      ]
    },
    {
      "type": {
        "id": "HP:0004942",
        "label": "Aortic aneurysm"
      },
      "evidence": [
        {
          "evidenceCode": {
            "id": "ECO:0000033",
            "label": "author statement supported by traceable reference"
          },
          "reference": {
            "id": "PMID:28065471",
            "description": "Mutations in ATP6V1E1 or ATP6V1A Cause Autosomal-Recessive Cutis Laxa"
          }
        }
      ]
    },
    {
      "type": {
        "id": "HP:0002119",
        "label": "Ventriculomegaly"
      },
      "evidence": [
        {
          "evidenceCode": {
            "id": "ECO:0000033",
            "label": "author statement supported by traceable reference"
          },
          "reference": {
            "id": "PMID:28065471",
            "description": "Mutations in ATP6V1E1 or ATP6V1A Cause Autosomal-Recessive Cutis Laxa"
          }
        }
      ]
    }
  ],
  "interpretations": [
    {
      "id": "interpretation-id",
      "progressStatus": "SOLVED",
      "diagnosis": {
        "disease": {
          "id": "OMIM:617403",
          "label": "Cutis laxa, autosomal recessive, type IID"
        },
        "genomicInterpretations": [
          {
            "subjectOrBiosampleId": "PIII:1",
            "interpretationStatus": "CAUSATIVE",
            "variantInterpretation": {
              "variationDescriptor": {
                "id": "variant-1",
                "geneContext": {
                  "valueId": "NCBIGene:523",
                  "symbol": "ATP6V1A"
                },
                "vcfRecord": {
                  "genomeAssembly": "GRCh37",
                  "chrom": "3",
                  "pos": "113513742",
                  "ref": "C",
                  "alt": "T"
                },
                "moleculeContext": "genomic",
                "allelicState": {
                  "id": "GENO:0000136",
                  "label": "homozygous"
                }
              }
            }
          }
        ]
      }
    }
  ],
  "metaData": {
    "created": "2023-09-20T17:50:12.065776109Z",
    "createdBy": "Hpo Case Annotator : 1.0.14-SNAPSHOT",
    "submittedBy": "UNC:biocuration",
    "resources": [
      {
        "id": "hp",
        "name": "human phenotype ontology",
        "url": "http://purl.obolibrary.org/obo/hp.owl",
        "version": "2018-03-08",
        "namespacePrefix": "HP",
        "iriPrefix": "http://purl.obolibrary.org/obo/HP_"
      },
      {
        "id": "pato",
        "name": "Phenotype And Trait Ontology",
        "url": "http://purl.obolibrary.org/obo/pato.owl",
        "version": "2018-03-28",
        "namespacePrefix": "PATO",
        "iriPrefix": "http://purl.obolibrary.org/obo/PATO_"
      },
      {
        "id": "geno",
        "name": "Genotype Ontology",
        "url": "http://purl.obolibrary.org/obo/geno.owl",
        "version": "19-03-2018",
        "namespacePrefix": "GENO",
        "iriPrefix": "http://purl.obolibrary.org/obo/GENO_"
      },
      {
        "id": "eco",
        "name": "Evidence and Conclusion Ontology",
        "url": "http://purl.obolibrary.org/obo/eco.owl",
        "version": "2018-11-10",
        "namespacePrefix": "ECO",
        "iriPrefix": "http://purl.obolibrary.org/obo/ECO_"
      },
      {
        "id": "omim",
        "name": "Online Mendelian Inheritance in Man",
        "url": "https://www.omim.org",
        "version": "n/a",
        "namespacePrefix": "OMIM",
        "iriPrefix": "n/a"
      }
    ],
    "phenopacketSchemaVersion": "2.0"
  }
}