{
  "id": "PMID:29506490-L\u00f3pez-2018-EP300-38",
  "subject": {
    "id": "38",
    "timeAtLastEncounter": {
      "age": {
        "iso8601duration": "P21Y"
      }
    },
    "sex": "MALE"
  },
  "phenotypicFeatures": [
    {
      "type": {
        "id": "HP:0000574",
        "label": "Thick eyebrow"
      },
      "evidence": [
        {
          "evidenceCode": {
            "id": "ECO:0000033",
            "label": "author statement supported by traceable reference"
          },
          "reference": {
            "id": "PMID:29506490",
            "description": "Rubinstein-Taybi 2 associated to novel EP300 mutations: deepening the clinical and genetic spectrum"
          }
        }
      ]
    },
    {
      "type": {
        "id": "HP:0000252",
        "label": "Microcephaly"
      },
      "evidence": [
        {
          "evidenceCode": {
            "id": "ECO:0000033",
            "label": "author statement supported by traceable reference"
          },
          "reference": {
            "id": "PMID:29506490",
            "description": "Rubinstein-Taybi 2 associated to novel EP300 mutations: deepening the clinical and genetic spectrum"
          }
        }
      ]
    },
    {
      "type": {
        "id": "HP:0002342",
        "label": "Intellectual disability, moderate"
      },
      "evidence": [
        {
          "evidenceCode": {
            "id": "ECO:0000033",
            "label": "author statement supported by traceable reference"
          },
          "reference": {
            "id": "PMID:29506490",
            "description": "Rubinstein-Taybi 2 associated to novel EP300 mutations: deepening the clinical and genetic spectrum"
          }
        }
      ]
    },
    {
      "type": {
        "id": "HP:0000589",
        "label": "Coloboma"
      },
      "evidence": [
        {
          "evidenceCode": {
            "id": "ECO:0000033",
            "label": "author statement supported by traceable reference"
          },
          "reference": {
            "id": "PMID:29506490",
            "description": "Rubinstein-Taybi 2 associated to novel EP300 mutations: deepening the clinical and genetic spectrum"
          }
        }
      ]
    },
    {
      "type": {
        "id": "HP:0000750",
        "label": "Delayed speech and language development"
      },
      "evidence": [
        {
          "evidenceCode": {
            "id": "ECO:0000033",
            "label": "author statement supported by traceable reference"
          },
          "reference": {
            "id": "PMID:29506490",
            "description": "Rubinstein-Taybi 2 associated to novel EP300 mutations: deepening the clinical and genetic spectrum"
          }
        }
      ]
    },
    {
      "type": {
        "id": "HP:0000678",
        "label": "Dental crowding"
      },
      "evidence": [
        {
          "evidenceCode": {
            "id": "ECO:0000033",
            "label": "author statement supported by traceable reference"
          },
          "reference": {
            "id": "PMID:29506490",
            "description": "Rubinstein-Taybi 2 associated to novel EP300 mutations: deepening the clinical and genetic spectrum"
          }
        }
      ]
    },
    {
      "type": {
        "id": "HP:0000358",
        "label": "Posteriorly rotated ears"
      },
      "evidence": [
        {
          "evidenceCode": {
            "id": "ECO:0000033",
            "label": "author statement supported by traceable reference"
          },
          "reference": {
            "id": "PMID:29506490",
            "description": "Rubinstein-Taybi 2 associated to novel EP300 mutations: deepening the clinical and genetic spectrum"
          }
        }
      ]
    },
    {
      "type": {
        "id": "HP:0000160",
        "label": "Narrow mouth"
      },
      "evidence": [
        {
          "evidenceCode": {
            "id": "ECO:0000033",
            "label": "author statement supported by traceable reference"
          },
          "reference": {
            "id": "PMID:29506490",
            "description": "Rubinstein-Taybi 2 associated to novel EP300 mutations: deepening the clinical and genetic spectrum"
          }
        }
      ]
    },
    {
      "type": {
        "id": "HP:0000739",
        "label": "Anxiety"
      },
      "evidence": [
        {
          "evidenceCode": {
            "id": "ECO:0000033",
            "label": "author statement supported by traceable reference"
          },
          "reference": {
            "id": "PMID:29506490",
            "description": "Rubinstein-Taybi 2 associated to novel EP300 mutations: deepening the clinical and genetic spectrum"
          }
        }
      ]
    },
    {
      "type": {
        "id": "HP:0002650",
        "label": "Scoliosis"
      },
      "evidence": [
        {
          "evidenceCode": {
            "id": "ECO:0000033",
            "label": "author statement supported by traceable reference"
          },
          "reference": {
            "id": "PMID:29506490",
            "description": "Rubinstein-Taybi 2 associated to novel EP300 mutations: deepening the clinical and genetic spectrum"
          }
        }
      ]
    },
    {
      "type": {
        "id": "HP:0010055",
        "label": "Broad hallux"
      },
      "evidence": [
        {
          "evidenceCode": {
            "id": "ECO:0000033",
            "label": "author statement supported by traceable reference"
          },
          "reference": {
            "id": "PMID:29506490",
            "description": "Rubinstein-Taybi 2 associated to novel EP300 mutations: deepening the clinical and genetic spectrum"
          }
        }
      ]
    },
    {
      "type": {
        "id": "HP:0011304",
        "label": "Broad thumb"
      },
      "evidence": [
        {
          "evidenceCode": {
            "id": "ECO:0000033",
            "label": "author statement supported by traceable reference"
          },
          "reference": {
            "id": "PMID:29506490",
            "description": "Rubinstein-Taybi 2 associated to novel EP300 mutations: deepening the clinical and genetic spectrum"
          }
        }
      ]
    },
    {
      "type": {
        "id": "HP:0000369",
        "label": "Low-set ears"
      },
      "evidence": [
        {
          "evidenceCode": {
            "id": "ECO:0000033",
            "label": "author statement supported by traceable reference"
          },
          "reference": {
            "id": "PMID:29506490",
            "description": "Rubinstein-Taybi 2 associated to novel EP300 mutations: deepening the clinical and genetic spectrum"
          }
        }
      ]
    },
    {
      "type": {
        "id": "HP:0000689",
        "label": "Dental malocclusion"
      },
      "evidence": [
        {
          "evidenceCode": {
            "id": "ECO:0000033",
            "label": "author statement supported by traceable reference"
          },
          "reference": {
            "id": "PMID:29506490",
            "description": "Rubinstein-Taybi 2 associated to novel EP300 mutations: deepening the clinical and genetic spectrum"
          }
        }
      ]
    },
    {
      "type": {
        "id": "HP:0001007",
        "label": "Hirsutism"
      },
      "evidence": [
        {
          "evidenceCode": {
            "id": "ECO:0000033",
            "label": "author statement supported by traceable reference"
          },
          "reference": {
            "id": "PMID:29506490",
            "description": "Rubinstein-Taybi 2 associated to novel EP300 mutations: deepening the clinical and genetic spectrum"
          }
        }
      ]
    },
    {
      "type": {
        "id": "HP:0011087",
        "label": "Talon cusp"
      },
      "evidence": [
        {
          "evidenceCode": {
            "id": "ECO:0000033",
            "label": "author statement supported by traceable reference"
          },
          "reference": {
            "id": "PMID:29506490",
            "description": "Rubinstein-Taybi 2 associated to novel EP300 mutations: deepening the clinical and genetic spectrum"
          }
        }
      ]
    },
    {
      "type": {
        "id": "HP:0009765",
        "label": "Low hanging columella"
      },
      "evidence": [
        {
          "evidenceCode": {
            "id": "ECO:0000033",
            "label": "author statement supported by traceable reference"
          },
          "reference": {
            "id": "PMID:29506490",
            "description": "Rubinstein-Taybi 2 associated to novel EP300 mutations: deepening the clinical and genetic spectrum"
          }
        }
      ]
    },
    {
      "type": {
        "id": "HP:0002553",
        "label": "Highly arched eyebrow"
      },
      "evidence": [
        {
          "evidenceCode": {
            "id": "ECO:0000033",
            "label": "author statement supported by traceable reference"
          },
          "reference": {
            "id": "PMID:29506490",
            "description": "Rubinstein-Taybi 2 associated to novel EP300 mutations: deepening the clinical and genetic spectrum"
          }
        }
      ]
    },
    {
      "type": {
        "id": "HP:0000494",
        "label": "Downslanted palpebral fissures"
      },
      "evidence": [
        {
          "evidenceCode": {
            "id": "ECO:0000033",
            "label": "author statement supported by traceable reference"
          },
          "reference": {
            "id": "PMID:29506490",
            "description": "Rubinstein-Taybi 2 associated to novel EP300 mutations: deepening the clinical and genetic spectrum"
          }
        }
      ]
    },
    {
      "type": {
        "id": "HP:0000527",
        "label": "Long eyelashes"
      },
      "evidence": [
        {
          "evidenceCode": {
            "id": "ECO:0000033",
            "label": "author statement supported by traceable reference"
          },
          "reference": {
            "id": "PMID:29506490",
            "description": "Rubinstein-Taybi 2 associated to novel EP300 mutations: deepening the clinical and genetic spectrum"
          }
        }
      ]
    },
    {
      "type": {
        "id": "HP:0000486",
        "label": "Strabismus"
      },
      "evidence": [
        {
          "evidenceCode": {
            "id": "ECO:0000033",
            "label": "author statement supported by traceable reference"
          },
          "reference": {
            "id": "PMID:29506490",
            "description": "Rubinstein-Taybi 2 associated to novel EP300 mutations: deepening the clinical and genetic spectrum"
          }
        }
      ]
    },
    {
      "type": {
        "id": "HP:0000034",
        "label": "Hydrocele testis"
      },
      "evidence": [
        {
          "evidenceCode": {
            "id": "ECO:0000033",
            "label": "author statement supported by traceable reference"
          },
          "reference": {
            "id": "PMID:29506490",
            "description": "Rubinstein-Taybi 2 associated to novel EP300 mutations: deepening the clinical and genetic spectrum"
          }
        }
      ]
    },
    {
      "type": {
        "id": "HP:0000733",
        "label": "Abnormal repetitive mannerisms"
      },
      "evidence": [
        {
          "evidenceCode": {
            "id": "ECO:0000033",
            "label": "author statement supported by traceable reference"
          },
          "reference": {
            "id": "PMID:29506490",
            "description": "Rubinstein-Taybi 2 associated to novel EP300 mutations: deepening the clinical and genetic spectrum"
          }
        }
      ]
    },
    {
      "type": {
        "id": "HP:0000189",
        "label": "Narrow palate"
      },
      "evidence": [
        {
          "evidenceCode": {
            "id": "ECO:0000033",
            "label": "author statement supported by traceable reference"
          },
          "reference": {
            "id": "PMID:29506490",
            "description": "Rubinstein-Taybi 2 associated to novel EP300 mutations: deepening the clinical and genetic spectrum"
          }
        }
      ]
    },
    {
      "type": {
        "id": "HP:0000448",
        "label": "Prominent nose"
      },
      "evidence": [
        {
          "evidenceCode": {
            "id": "ECO:0000033",
            "label": "author statement supported by traceable reference"
          },
          "reference": {
            "id": "PMID:29506490",
            "description": "Rubinstein-Taybi 2 associated to novel EP300 mutations: deepening the clinical and genetic spectrum"
          }
        }
      ]
    },
    {
      "type": {
        "id": "HP:0001263",
        "label": "Global developmental delay"
      },
      "evidence": [
        {
          "evidenceCode": {
            "id": "ECO:0000033",
            "label": "author statement supported by traceable reference"
          },
          "reference": {
            "id": "PMID:29506490",
            "description": "Rubinstein-Taybi 2 associated to novel EP300 mutations: deepening the clinical and genetic spectrum"
          }
        }
      ]
    }
  ],
  "interpretations": [
    {
      "id": "interpretation-id",
      "progressStatus": "SOLVED",
      "diagnosis": {
        "disease": {
          "id": "OMIM:613684",
          "label": "RUBINSTEIN-TAYBI SYNDROME 2; RSTS2"
        },
        "genomicInterpretations": [
          {
            "subjectOrBiosampleId": "38",
            "interpretationStatus": "CAUSATIVE",
            "variantInterpretation": {
              "variationDescriptor": {
                "id": "variant-1",
                "geneContext": {
                  "valueId": "NCBIGene:2033",
                  "symbol": "EP300"
                },
                "vcfRecord": {
                  "genomeAssembly": "GRCh37",
                  "chrom": "22",
                  "pos": "41551019",
                  "ref": "C",
                  "alt": "T"
                },
                "moleculeContext": "genomic",
                "allelicState": {
                  "id": "GENO:0000135",
                  "label": "heterozygous"
                }
              }
            }
          }
        ]
      }
    }
  ],
  "metaData": {
    "created": "2023-09-20T17:50:11.803379058Z",
    "createdBy": "Hpo Case Annotator : 1.0.13-SNAPSHOT",
    "submittedBy": "HPO:probinson",
    "resources": [
      {
        "id": "hp",
        "name": "human phenotype ontology",
        "url": "http://purl.obolibrary.org/obo/hp.owl",
        "version": "2018-03-08",
        "namespacePrefix": "HP",
        "iriPrefix": "http://purl.obolibrary.org/obo/HP_"
      },
      {
        "id": "pato",
        "name": "Phenotype And Trait Ontology",
        "url": "http://purl.obolibrary.org/obo/pato.owl",
        "version": "2018-03-28",
        "namespacePrefix": "PATO",
        "iriPrefix": "http://purl.obolibrary.org/obo/PATO_"
      },
      {
        "id": "geno",
        "name": "Genotype Ontology",
        "url": "http://purl.obolibrary.org/obo/geno.owl",
        "version": "19-03-2018",
        "namespacePrefix": "GENO",
        "iriPrefix": "http://purl.obolibrary.org/obo/GENO_"
      },
      {
        "id": "eco",
        "name": "Evidence and Conclusion Ontology",
        "url": "http://purl.obolibrary.org/obo/eco.owl",
        "version": "2018-11-10",
        "namespacePrefix": "ECO",
        "iriPrefix": "http://purl.obolibrary.org/obo/ECO_"
      },
      {
        "id": "omim",
        "name": "Online Mendelian Inheritance in Man",
        "url": "https://www.omim.org",
        "version": "n/a",
        "namespacePrefix": "OMIM",
        "iriPrefix": "n/a"
      }
    ],
    "phenopacketSchemaVersion": "2.0"
  }
}