{
  "id": "PMID:18322662-Dobbs-2008-FLNB-patient",
  "subject": {
    "id": "patient",
    "timeAtLastEncounter": {
      "age": {
        "iso8601duration": "P1Y10M"
      }
    },
    "sex": "MALE"
  },
  "phenotypicFeatures": [
    {
      "type": {
        "id": "HP:0002987",
        "label": "Elbow flexion contracture"
      },
      "evidence": [
        {
          "evidenceCode": {
            "id": "ECO:0000033",
            "label": "author statement supported by traceable reference"
          },
          "reference": {
            "id": "PMID:18322662",
            "description": "Case report: Congenital knee dislocation in a patient with larsen syndrome and a novel filamin B mutation"
          }
        }
      ]
    },
    {
      "type": {
        "id": "HP:0000175",
        "label": "Cleft palate"
      },
      "evidence": [
        {
          "evidenceCode": {
            "id": "ECO:0000033",
            "label": "author statement supported by traceable reference"
          },
          "reference": {
            "id": "PMID:18322662",
            "description": "Case report: Congenital knee dislocation in a patient with larsen syndrome and a novel filamin B mutation"
          }
        }
      ]
    },
    {
      "type": {
        "id": "HP:0002827",
        "label": "Hip dislocation"
      },
      "evidence": [
        {
          "evidenceCode": {
            "id": "ECO:0000033",
            "label": "author statement supported by traceable reference"
          },
          "reference": {
            "id": "PMID:18322662",
            "description": "Case report: Congenital knee dislocation in a patient with larsen syndrome and a novel filamin B mutation"
          }
        }
      ]
    },
    {
      "type": {
        "id": "HP:0002650",
        "label": "Scoliosis"
      },
      "evidence": [
        {
          "evidenceCode": {
            "id": "ECO:0000033",
            "label": "author statement supported by traceable reference"
          },
          "reference": {
            "id": "PMID:18322662",
            "description": "Case report: Congenital knee dislocation in a patient with larsen syndrome and a novel filamin B mutation"
          }
        }
      ]
    },
    {
      "type": {
        "id": "HP:0010049",
        "label": "Short metacarpal"
      },
      "evidence": [
        {
          "evidenceCode": {
            "id": "ECO:0000033",
            "label": "author statement supported by traceable reference"
          },
          "reference": {
            "id": "PMID:18322662",
            "description": "Case report: Congenital knee dislocation in a patient with larsen syndrome and a novel filamin B mutation"
          }
        }
      ]
    },
    {
      "type": {
        "id": "HP:0001623",
        "label": "Breech presentation"
      },
      "evidence": [
        {
          "evidenceCode": {
            "id": "ECO:0000033",
            "label": "author statement supported by traceable reference"
          },
          "reference": {
            "id": "PMID:18322662",
            "description": "Case report: Congenital knee dislocation in a patient with larsen syndrome and a novel filamin B mutation"
          }
        }
      ]
    },
    {
      "type": {
        "id": "HP:0004976",
        "label": "Knee dislocation"
      },
      "evidence": [
        {
          "evidenceCode": {
            "id": "ECO:0000033",
            "label": "author statement supported by traceable reference"
          },
          "reference": {
            "id": "PMID:18322662",
            "description": "Case report: Congenital knee dislocation in a patient with larsen syndrome and a novel filamin B mutation"
          }
        }
      ]
    },
    {
      "type": {
        "id": "HP:0002947",
        "label": "Cervical kyphosis"
      },
      "evidence": [
        {
          "evidenceCode": {
            "id": "ECO:0000033",
            "label": "author statement supported by traceable reference"
          },
          "reference": {
            "id": "PMID:18322662",
            "description": "Case report: Congenital knee dislocation in a patient with larsen syndrome and a novel filamin B mutation"
          }
        }
      ]
    },
    {
      "type": {
        "id": "HP:0000316",
        "label": "Hypertelorism"
      },
      "evidence": [
        {
          "evidenceCode": {
            "id": "ECO:0000033",
            "label": "author statement supported by traceable reference"
          },
          "reference": {
            "id": "PMID:18322662",
            "description": "Case report: Congenital knee dislocation in a patient with larsen syndrome and a novel filamin B mutation"
          }
        }
      ]
    },
    {
      "type": {
        "id": "HP:0011432",
        "label": "High maternal circulating alpha-fetoprotein concentration"
      },
      "evidence": [
        {
          "evidenceCode": {
            "id": "ECO:0000033",
            "label": "author statement supported by traceable reference"
          },
          "reference": {
            "id": "PMID:18322662",
            "description": "Case report: Congenital knee dislocation in a patient with larsen syndrome and a novel filamin B mutation"
          }
        }
      ]
    },
    {
      "type": {
        "id": "HP:0010301",
        "label": "Spinal dysraphism"
      },
      "evidence": [
        {
          "evidenceCode": {
            "id": "ECO:0000033",
            "label": "author statement supported by traceable reference"
          },
          "reference": {
            "id": "PMID:18322662",
            "description": "Case report: Congenital knee dislocation in a patient with larsen syndrome and a novel filamin B mutation"
          }
        }
      ]
    },
    {
      "type": {
        "id": "HP:0005280",
        "label": "Depressed nasal bridge"
      },
      "evidence": [
        {
          "evidenceCode": {
            "id": "ECO:0000033",
            "label": "author statement supported by traceable reference"
          },
          "reference": {
            "id": "PMID:18322662",
            "description": "Case report: Congenital knee dislocation in a patient with larsen syndrome and a novel filamin B mutation"
          }
        }
      ]
    }
  ],
  "interpretations": [
    {
      "id": "interpretation-id",
      "progressStatus": "SOLVED",
      "diagnosis": {
        "disease": {
          "id": "OMIM:150250",
          "label": "LARSEN SYNDROME; LRS"
        },
        "genomicInterpretations": [
          {
            "subjectOrBiosampleId": "patient",
            "interpretationStatus": "CAUSATIVE",
            "variantInterpretation": {
              "variationDescriptor": {
                "id": "variant-1",
                "geneContext": {
                  "valueId": "NCBIGene:2317",
                  "symbol": "FLNB"
                },
                "vcfRecord": {
                  "genomeAssembly": "GRCh37",
                  "chrom": "3",
                  "pos": "58062988",
                  "ref": "G",
                  "alt": "C"
                },
                "moleculeContext": "genomic",
                "allelicState": {
                  "id": "GENO:0000135",
                  "label": "heterozygous"
                }
              }
            }
          }
        ]
      }
    }
  ],
  "metaData": {
    "created": "2023-09-20T17:50:15.732707023Z",
    "createdBy": "Hpo Case Annotator : 1.0.13-SNAPSHOT",
    "submittedBy": "HPO:probinson",
    "resources": [
      {
        "id": "hp",
        "name": "human phenotype ontology",
        "url": "http://purl.obolibrary.org/obo/hp.owl",
        "version": "2018-03-08",
        "namespacePrefix": "HP",
        "iriPrefix": "http://purl.obolibrary.org/obo/HP_"
      },
      {
        "id": "pato",
        "name": "Phenotype And Trait Ontology",
        "url": "http://purl.obolibrary.org/obo/pato.owl",
        "version": "2018-03-28",
        "namespacePrefix": "PATO",
        "iriPrefix": "http://purl.obolibrary.org/obo/PATO_"
      },
      {
        "id": "geno",
        "name": "Genotype Ontology",
        "url": "http://purl.obolibrary.org/obo/geno.owl",
        "version": "19-03-2018",
        "namespacePrefix": "GENO",
        "iriPrefix": "http://purl.obolibrary.org/obo/GENO_"
      },
      {
        "id": "eco",
        "name": "Evidence and Conclusion Ontology",
        "url": "http://purl.obolibrary.org/obo/eco.owl",
        "version": "2018-11-10",
        "namespacePrefix": "ECO",
        "iriPrefix": "http://purl.obolibrary.org/obo/ECO_"
      },
      {
        "id": "omim",
        "name": "Online Mendelian Inheritance in Man",
        "url": "https://www.omim.org",
        "version": "n/a",
        "namespacePrefix": "OMIM",
        "iriPrefix": "n/a"
      }
    ],
    "phenopacketSchemaVersion": "2.0"
  }
}