{
  "id": "PMID:28969374-Dorboz-2017-NKX6-2-Patient_4_II-1",
  "subject": {
    "id": "Patient 4 II-1",
    "timeAtLastEncounter": {
      "age": {
        "iso8601duration": "P3Y"
      }
    },
    "sex": "MALE"
  },
  "phenotypicFeatures": [
    {
      "type": {
        "id": "HP:0002015",
        "label": "Dysphagia"
      },
      "evidence": [
        {
          "evidenceCode": {
            "id": "ECO:0000033",
            "label": "author statement supported by traceable reference"
          },
          "reference": {
            "id": "PMID:28969374",
            "description": "Biallelic mutations in the homeodomain of NKX6-2 underlie a severe hypomyelinating leukodystrophy"
          }
        }
      ]
    },
    {
      "type": {
        "id": "HP:0001257",
        "label": "Spasticity"
      },
      "evidence": [
        {
          "evidenceCode": {
            "id": "ECO:0000033",
            "label": "author statement supported by traceable reference"
          },
          "reference": {
            "id": "PMID:28969374",
            "description": "Biallelic mutations in the homeodomain of NKX6-2 underlie a severe hypomyelinating leukodystrophy"
          }
        }
      ]
    },
    {
      "type": {
        "id": "HP:0008947",
        "label": "Infantile muscular hypotonia"
      },
      "evidence": [
        {
          "evidenceCode": {
            "id": "ECO:0000033",
            "label": "author statement supported by traceable reference"
          },
          "reference": {
            "id": "PMID:28969374",
            "description": "Biallelic mutations in the homeodomain of NKX6-2 underlie a severe hypomyelinating leukodystrophy"
          }
        }
      ]
    },
    {
      "type": {
        "id": "HP:0002300",
        "label": "Mutism"
      },
      "evidence": [
        {
          "evidenceCode": {
            "id": "ECO:0000033",
            "label": "author statement supported by traceable reference"
          },
          "reference": {
            "id": "PMID:28969374",
            "description": "Biallelic mutations in the homeodomain of NKX6-2 underlie a severe hypomyelinating leukodystrophy"
          }
        }
      ]
    },
    {
      "type": {
        "id": "HP:0002421",
        "label": "Poor head control"
      },
      "evidence": [
        {
          "evidenceCode": {
            "id": "ECO:0000033",
            "label": "author statement supported by traceable reference"
          },
          "reference": {
            "id": "PMID:28969374",
            "description": "Biallelic mutations in the homeodomain of NKX6-2 underlie a severe hypomyelinating leukodystrophy"
          }
        }
      ]
    },
    {
      "type": {
        "id": "HP:0007663",
        "label": "Reduced visual acuity"
      },
      "evidence": [
        {
          "evidenceCode": {
            "id": "ECO:0000033",
            "label": "author statement supported by traceable reference"
          },
          "reference": {
            "id": "PMID:28969374",
            "description": "Biallelic mutations in the homeodomain of NKX6-2 underlie a severe hypomyelinating leukodystrophy"
          }
        }
      ]
    },
    {
      "type": {
        "id": "HP:0011471",
        "label": "Gastrostomy tube feeding in infancy"
      },
      "evidence": [
        {
          "evidenceCode": {
            "id": "ECO:0000033",
            "label": "author statement supported by traceable reference"
          },
          "reference": {
            "id": "PMID:28969374",
            "description": "Biallelic mutations in the homeodomain of NKX6-2 underlie a severe hypomyelinating leukodystrophy"
          }
        }
      ]
    },
    {
      "type": {
        "id": "HP:0000543",
        "label": "Optic disc pallor"
      },
      "evidence": [
        {
          "evidenceCode": {
            "id": "ECO:0000033",
            "label": "author statement supported by traceable reference"
          },
          "reference": {
            "id": "PMID:28969374",
            "description": "Biallelic mutations in the homeodomain of NKX6-2 underlie a severe hypomyelinating leukodystrophy"
          }
        }
      ]
    },
    {
      "type": {
        "id": "HP:0002194",
        "label": "Delayed gross motor development"
      },
      "evidence": [
        {
          "evidenceCode": {
            "id": "ECO:0000033",
            "label": "author statement supported by traceable reference"
          },
          "reference": {
            "id": "PMID:28969374",
            "description": "Biallelic mutations in the homeodomain of NKX6-2 underlie a severe hypomyelinating leukodystrophy"
          }
        }
      ]
    },
    {
      "type": {
        "id": "HP:0012043",
        "label": "Pendular nystagmus"
      },
      "evidence": [
        {
          "evidenceCode": {
            "id": "ECO:0000033",
            "label": "author statement supported by traceable reference"
          },
          "reference": {
            "id": "PMID:28969374",
            "description": "Biallelic mutations in the homeodomain of NKX6-2 underlie a severe hypomyelinating leukodystrophy"
          }
        }
      ]
    }
  ],
  "interpretations": [
    {
      "id": "interpretation-id",
      "progressStatus": "SOLVED",
      "diagnosis": {
        "disease": {
          "id": "OMIM:617560",
          "label": "Spastic ataxia 8, autosomal recessive, with hypomyelinating leukodystrophy"
        },
        "genomicInterpretations": [
          {
            "subjectOrBiosampleId": "Patient 4 II-1",
            "interpretationStatus": "CAUSATIVE",
            "variantInterpretation": {
              "variationDescriptor": {
                "id": "variant-1",
                "geneContext": {
                  "valueId": "NCBIGene:84504",
                  "symbol": "NKX6-2"
                },
                "vcfRecord": {
                  "genomeAssembly": "GRCh37",
                  "chrom": "10",
                  "pos": "134598665",
                  "ref": "G",
                  "alt": "A"
                },
                "moleculeContext": "genomic",
                "allelicState": {
                  "id": "GENO:0000135",
                  "label": "heterozygous"
                }
              }
            }
          },
          {
            "subjectOrBiosampleId": "Patient 4 II-1",
            "interpretationStatus": "CAUSATIVE",
            "variantInterpretation": {
              "variationDescriptor": {
                "id": "variant-2",
                "geneContext": {
                  "valueId": "NCBIGene:84504",
                  "symbol": "NKX6-2"
                },
                "vcfRecord": {
                  "genomeAssembly": "GRCh37",
                  "chrom": "10",
                  "pos": "134598655",
                  "ref": "C",
                  "alt": "T"
                },
                "moleculeContext": "genomic",
                "allelicState": {
                  "id": "GENO:0000135",
                  "label": "heterozygous"
                }
              }
            }
          }
        ]
      }
    }
  ],
  "metaData": {
    "created": "2023-09-20T17:50:13.307866096Z",
    "createdBy": "Hpo Case Annotator : 1.0.14-SNAPSHOT",
    "submittedBy": "UNC:biocuration",
    "resources": [
      {
        "id": "hp",
        "name": "human phenotype ontology",
        "url": "http://purl.obolibrary.org/obo/hp.owl",
        "version": "2018-03-08",
        "namespacePrefix": "HP",
        "iriPrefix": "http://purl.obolibrary.org/obo/HP_"
      },
      {
        "id": "pato",
        "name": "Phenotype And Trait Ontology",
        "url": "http://purl.obolibrary.org/obo/pato.owl",
        "version": "2018-03-28",
        "namespacePrefix": "PATO",
        "iriPrefix": "http://purl.obolibrary.org/obo/PATO_"
      },
      {
        "id": "geno",
        "name": "Genotype Ontology",
        "url": "http://purl.obolibrary.org/obo/geno.owl",
        "version": "19-03-2018",
        "namespacePrefix": "GENO",
        "iriPrefix": "http://purl.obolibrary.org/obo/GENO_"
      },
      {
        "id": "eco",
        "name": "Evidence and Conclusion Ontology",
        "url": "http://purl.obolibrary.org/obo/eco.owl",
        "version": "2018-11-10",
        "namespacePrefix": "ECO",
        "iriPrefix": "http://purl.obolibrary.org/obo/ECO_"
      },
      {
        "id": "omim",
        "name": "Online Mendelian Inheritance in Man",
        "url": "https://www.omim.org",
        "version": "n/a",
        "namespacePrefix": "OMIM",
        "iriPrefix": "n/a"
      }
    ],
    "phenopacketSchemaVersion": "2.0"
  }
}