{
  "id": "PMID:20461149-Al-Dosari-2010-TFAP2A-10-year-old_girl",
  "subject": {
    "id": "10-year-old girl",
    "timeAtLastEncounter": {
      "age": {
        "iso8601duration": "P10Y"
      }
    },
    "sex": "FEMALE"
  },
  "phenotypicFeatures": [
    {
      "type": {
        "id": "HP:0000750",
        "label": "Delayed speech and language development"
      },
      "evidence": [
        {
          "evidenceCode": {
            "id": "ECO:0000033",
            "label": "author statement supported by traceable reference"
          },
          "reference": {
            "id": "PMID:20461149",
            "description": "Ocular manifestations of branchio-oculo-facial syndrome: report of a novel mutation and review of the literature"
          }
        }
      ]
    },
    {
      "type": {
        "id": "HP:0008494",
        "label": "Inferior lens subluxation"
      },
      "evidence": [
        {
          "evidenceCode": {
            "id": "ECO:0000033",
            "label": "author statement supported by traceable reference"
          },
          "reference": {
            "id": "PMID:20461149",
            "description": "Ocular manifestations of branchio-oculo-facial syndrome: report of a novel mutation and review of the literature"
          }
        }
      ]
    },
    {
      "type": {
        "id": "HP:0001597",
        "label": "Abnormality of the nail"
      },
      "evidence": [
        {
          "evidenceCode": {
            "id": "ECO:0000033",
            "label": "author statement supported by traceable reference"
          },
          "reference": {
            "id": "PMID:20461149",
            "description": "Ocular manifestations of branchio-oculo-facial syndrome: report of a novel mutation and review of the literature"
          }
        }
      ]
    },
    {
      "type": {
        "id": "HP:0000482",
        "label": "Microcornea"
      },
      "evidence": [
        {
          "evidenceCode": {
            "id": "ECO:0000033",
            "label": "author statement supported by traceable reference"
          },
          "reference": {
            "id": "PMID:20461149",
            "description": "Ocular manifestations of branchio-oculo-facial syndrome: report of a novel mutation and review of the literature"
          }
        }
      ]
    },
    {
      "type": {
        "id": "HP:0000568",
        "label": "Microphthalmia"
      },
      "evidence": [
        {
          "evidenceCode": {
            "id": "ECO:0000033",
            "label": "author statement supported by traceable reference"
          },
          "reference": {
            "id": "PMID:20461149",
            "description": "Ocular manifestations of branchio-oculo-facial syndrome: report of a novel mutation and review of the literature"
          }
        }
      ]
    },
    {
      "type": {
        "id": "HP:0000612",
        "label": "Iris coloboma"
      },
      "evidence": [
        {
          "evidenceCode": {
            "id": "ECO:0000033",
            "label": "author statement supported by traceable reference"
          },
          "reference": {
            "id": "PMID:20461149",
            "description": "Ocular manifestations of branchio-oculo-facial syndrome: report of a novel mutation and review of the literature"
          }
        }
      ]
    },
    {
      "type": {
        "id": "HP:0000567",
        "label": "Chorioretinal coloboma"
      },
      "evidence": [
        {
          "evidenceCode": {
            "id": "ECO:0000033",
            "label": "author statement supported by traceable reference"
          },
          "reference": {
            "id": "PMID:20461149",
            "description": "Ocular manifestations of branchio-oculo-facial syndrome: report of a novel mutation and review of the literature"
          }
        }
      ]
    },
    {
      "type": {
        "id": "HP:0007678",
        "label": "Lacrimal duct stenosis"
      },
      "evidence": [
        {
          "evidenceCode": {
            "id": "ECO:0000033",
            "label": "author statement supported by traceable reference"
          },
          "reference": {
            "id": "PMID:20461149",
            "description": "Ocular manifestations of branchio-oculo-facial syndrome: report of a novel mutation and review of the literature"
          }
        }
      ]
    },
    {
      "type": {
        "id": "HP:0012210",
        "label": "Abnormal renal morphology"
      },
      "evidence": [
        {
          "evidenceCode": {
            "id": "ECO:0000033",
            "label": "author statement supported by traceable reference"
          },
          "reference": {
            "id": "PMID:20461149",
            "description": "Ocular manifestations of branchio-oculo-facial syndrome: report of a novel mutation and review of the literature"
          }
        }
      ]
    },
    {
      "type": {
        "id": "HP:0000677",
        "label": "Oligodontia"
      },
      "evidence": [
        {
          "evidenceCode": {
            "id": "ECO:0000033",
            "label": "author statement supported by traceable reference"
          },
          "reference": {
            "id": "PMID:20461149",
            "description": "Ocular manifestations of branchio-oculo-facial syndrome: report of a novel mutation and review of the literature"
          }
        }
      ]
    },
    {
      "type": {
        "id": "HP:0000218",
        "label": "High palate"
      },
      "evidence": [
        {
          "evidenceCode": {
            "id": "ECO:0000033",
            "label": "author statement supported by traceable reference"
          },
          "reference": {
            "id": "PMID:20461149",
            "description": "Ocular manifestations of branchio-oculo-facial syndrome: report of a novel mutation and review of the literature"
          }
        }
      ]
    },
    {
      "type": {
        "id": "HP:0000410",
        "label": "Mixed hearing impairment"
      },
      "evidence": [
        {
          "evidenceCode": {
            "id": "ECO:0000033",
            "label": "author statement supported by traceable reference"
          },
          "reference": {
            "id": "PMID:20461149",
            "description": "Ocular manifestations of branchio-oculo-facial syndrome: report of a novel mutation and review of the literature"
          }
        }
      ]
    },
    {
      "type": {
        "id": "HP:0004476",
        "label": "Aplasia cutis congenita over parietal area"
      },
      "evidence": [
        {
          "evidenceCode": {
            "id": "ECO:0000033",
            "label": "author statement supported by traceable reference"
          },
          "reference": {
            "id": "PMID:20461149",
            "description": "Ocular manifestations of branchio-oculo-facial syndrome: report of a novel mutation and review of the literature"
          }
        }
      ]
    }
  ],
  "interpretations": [
    {
      "id": "interpretation-id",
      "progressStatus": "SOLVED",
      "diagnosis": {
        "disease": {
          "id": "OMIM:113620",
          "label": "BRANCHIOOCULOFACIAL SYNDROME; BOFS"
        },
        "genomicInterpretations": [
          {
            "subjectOrBiosampleId": "10-year-old girl",
            "interpretationStatus": "CAUSATIVE",
            "variantInterpretation": {
              "variationDescriptor": {
                "id": "variant-1",
                "geneContext": {
                  "valueId": "NCBIGene:7020",
                  "symbol": "TFAP2A"
                },
                "vcfRecord": {
                  "genomeAssembly": "GRCh37",
                  "chrom": "6",
                  "pos": "10404742",
                  "ref": "T",
                  "alt": "A"
                },
                "moleculeContext": "genomic",
                "allelicState": {
                  "id": "GENO:0000135",
                  "label": "heterozygous"
                }
              }
            }
          }
        ]
      }
    }
  ],
  "metaData": {
    "created": "2023-09-20T17:50:14.368697166Z",
    "createdBy": "Hpo Case Annotator : 1.0.12-SNAPSHOT",
    "submittedBy": "HPO:probinson",
    "resources": [
      {
        "id": "hp",
        "name": "human phenotype ontology",
        "url": "http://purl.obolibrary.org/obo/hp.owl",
        "version": "2018-03-08",
        "namespacePrefix": "HP",
        "iriPrefix": "http://purl.obolibrary.org/obo/HP_"
      },
      {
        "id": "pato",
        "name": "Phenotype And Trait Ontology",
        "url": "http://purl.obolibrary.org/obo/pato.owl",
        "version": "2018-03-28",
        "namespacePrefix": "PATO",
        "iriPrefix": "http://purl.obolibrary.org/obo/PATO_"
      },
      {
        "id": "geno",
        "name": "Genotype Ontology",
        "url": "http://purl.obolibrary.org/obo/geno.owl",
        "version": "19-03-2018",
        "namespacePrefix": "GENO",
        "iriPrefix": "http://purl.obolibrary.org/obo/GENO_"
      },
      {
        "id": "eco",
        "name": "Evidence and Conclusion Ontology",
        "url": "http://purl.obolibrary.org/obo/eco.owl",
        "version": "2018-11-10",
        "namespacePrefix": "ECO",
        "iriPrefix": "http://purl.obolibrary.org/obo/ECO_"
      },
      {
        "id": "omim",
        "name": "Online Mendelian Inheritance in Man",
        "url": "https://www.omim.org",
        "version": "n/a",
        "namespacePrefix": "OMIM",
        "iriPrefix": "n/a"
      }
    ],
    "phenopacketSchemaVersion": "2.0"
  }
}