{
  "id": "PMID:29175559-Rohanizadegan-2018-DHCR24-proband",
  "subject": {
    "id": "proband",
    "timeAtLastEncounter": {
      "age": {
        "iso8601duration": "P1Y8M"
      }
    },
    "sex": "MALE"
  },
  "phenotypicFeatures": [
    {
      "type": {
        "id": "HP:0000403",
        "label": "Recurrent otitis media"
      },
      "evidence": [
        {
          "evidenceCode": {
            "id": "ECO:0000033",
            "label": "author statement supported by traceable reference"
          },
          "reference": {
            "id": "PMID:29175559",
            "description": "Desmosterolosis presenting with multiple congenital anomalies"
          }
        }
      ]
    },
    {
      "type": {
        "id": "HP:0002007",
        "label": "Frontal bossing"
      },
      "evidence": [
        {
          "evidenceCode": {
            "id": "ECO:0000033",
            "label": "author statement supported by traceable reference"
          },
          "reference": {
            "id": "PMID:29175559",
            "description": "Desmosterolosis presenting with multiple congenital anomalies"
          }
        }
      ]
    },
    {
      "type": {
        "id": "HP:0100807",
        "label": "Long fingers"
      },
      "evidence": [
        {
          "evidenceCode": {
            "id": "ECO:0000033",
            "label": "author statement supported by traceable reference"
          },
          "reference": {
            "id": "PMID:29175559",
            "description": "Desmosterolosis presenting with multiple congenital anomalies"
          }
        }
      ]
    },
    {
      "type": {
        "id": "HP:0001263",
        "label": "Global developmental delay"
      },
      "evidence": [
        {
          "evidenceCode": {
            "id": "ECO:0000033",
            "label": "author statement supported by traceable reference"
          },
          "reference": {
            "id": "PMID:29175559",
            "description": "Desmosterolosis presenting with multiple congenital anomalies"
          }
        }
      ]
    },
    {
      "type": {
        "id": "HP:0002099",
        "label": "Asthma"
      },
      "evidence": [
        {
          "evidenceCode": {
            "id": "ECO:0000033",
            "label": "author statement supported by traceable reference"
          },
          "reference": {
            "id": "PMID:29175559",
            "description": "Desmosterolosis presenting with multiple congenital anomalies"
          }
        }
      ]
    },
    {
      "type": {
        "id": "HP:0002019",
        "label": "Constipation"
      },
      "evidence": [
        {
          "evidenceCode": {
            "id": "ECO:0000033",
            "label": "author statement supported by traceable reference"
          },
          "reference": {
            "id": "PMID:29175559",
            "description": "Desmosterolosis presenting with multiple congenital anomalies"
          }
        }
      ]
    },
    {
      "type": {
        "id": "HP:0001558",
        "label": "Decreased fetal movement"
      },
      "evidence": [
        {
          "evidenceCode": {
            "id": "ECO:0000033",
            "label": "author statement supported by traceable reference"
          },
          "reference": {
            "id": "PMID:29175559",
            "description": "Desmosterolosis presenting with multiple congenital anomalies"
          }
        }
      ]
    },
    {
      "type": {
        "id": "HP:0002208",
        "label": "Coarse hair"
      },
      "evidence": [
        {
          "evidenceCode": {
            "id": "ECO:0000033",
            "label": "author statement supported by traceable reference"
          },
          "reference": {
            "id": "PMID:29175559",
            "description": "Desmosterolosis presenting with multiple congenital anomalies"
          }
        }
      ]
    },
    {
      "type": {
        "id": "HP:0000426",
        "label": "Prominent nasal bridge"
      },
      "evidence": [
        {
          "evidenceCode": {
            "id": "ECO:0000033",
            "label": "author statement supported by traceable reference"
          },
          "reference": {
            "id": "PMID:29175559",
            "description": "Desmosterolosis presenting with multiple congenital anomalies"
          }
        }
      ]
    },
    {
      "type": {
        "id": "HP:0003487",
        "label": "Babinski sign"
      },
      "evidence": [
        {
          "evidenceCode": {
            "id": "ECO:0000033",
            "label": "author statement supported by traceable reference"
          },
          "reference": {
            "id": "PMID:29175559",
            "description": "Desmosterolosis presenting with multiple congenital anomalies"
          }
        }
      ]
    },
    {
      "type": {
        "id": "HP:0006610",
        "label": "Wide intermamillary distance"
      },
      "evidence": [
        {
          "evidenceCode": {
            "id": "ECO:0000033",
            "label": "author statement supported by traceable reference"
          },
          "reference": {
            "id": "PMID:29175559",
            "description": "Desmosterolosis presenting with multiple congenital anomalies"
          }
        }
      ]
    },
    {
      "type": {
        "id": "HP:0002307",
        "label": "Drooling"
      },
      "evidence": [
        {
          "evidenceCode": {
            "id": "ECO:0000033",
            "label": "author statement supported by traceable reference"
          },
          "reference": {
            "id": "PMID:29175559",
            "description": "Desmosterolosis presenting with multiple congenital anomalies"
          }
        }
      ]
    },
    {
      "type": {
        "id": "HP:0000475",
        "label": "Broad neck"
      },
      "evidence": [
        {
          "evidenceCode": {
            "id": "ECO:0000033",
            "label": "author statement supported by traceable reference"
          },
          "reference": {
            "id": "PMID:29175559",
            "description": "Desmosterolosis presenting with multiple congenital anomalies"
          }
        }
      ]
    },
    {
      "type": {
        "id": "HP:0001762",
        "label": "Talipes equinovarus"
      },
      "evidence": [
        {
          "evidenceCode": {
            "id": "ECO:0000033",
            "label": "author statement supported by traceable reference"
          },
          "reference": {
            "id": "PMID:29175559",
            "description": "Desmosterolosis presenting with multiple congenital anomalies"
          }
        }
      ]
    },
    {
      "type": {
        "id": "HP:0000369",
        "label": "Low-set ears"
      },
      "evidence": [
        {
          "evidenceCode": {
            "id": "ECO:0000033",
            "label": "author statement supported by traceable reference"
          },
          "reference": {
            "id": "PMID:29175559",
            "description": "Desmosterolosis presenting with multiple congenital anomalies"
          }
        }
      ]
    },
    {
      "type": {
        "id": "HP:0000914",
        "label": "Shield chest"
      },
      "evidence": [
        {
          "evidenceCode": {
            "id": "ECO:0000033",
            "label": "author statement supported by traceable reference"
          },
          "reference": {
            "id": "PMID:29175559",
            "description": "Desmosterolosis presenting with multiple congenital anomalies"
          }
        }
      ]
    },
    {
      "type": {
        "id": "HP:0007665",
        "label": "Curly eyelashes"
      },
      "evidence": [
        {
          "evidenceCode": {
            "id": "ECO:0000033",
            "label": "author statement supported by traceable reference"
          },
          "reference": {
            "id": "PMID:29175559",
            "description": "Desmosterolosis presenting with multiple congenital anomalies"
          }
        }
      ]
    },
    {
      "type": {
        "id": "HP:0000494",
        "label": "Downslanted palpebral fissures"
      },
      "evidence": [
        {
          "evidenceCode": {
            "id": "ECO:0000033",
            "label": "author statement supported by traceable reference"
          },
          "reference": {
            "id": "PMID:29175559",
            "description": "Desmosterolosis presenting with multiple congenital anomalies"
          }
        }
      ]
    },
    {
      "type": {
        "id": "HP:0000238",
        "label": "Hydrocephalus"
      },
      "evidence": [
        {
          "evidenceCode": {
            "id": "ECO:0000033",
            "label": "author statement supported by traceable reference"
          },
          "reference": {
            "id": "PMID:29175559",
            "description": "Desmosterolosis presenting with multiple congenital anomalies"
          }
        }
      ]
    },
    {
      "type": {
        "id": "HP:0000577",
        "label": "Exotropia"
      },
      "evidence": [
        {
          "evidenceCode": {
            "id": "ECO:0000033",
            "label": "author statement supported by traceable reference"
          },
          "reference": {
            "id": "PMID:29175559",
            "description": "Desmosterolosis presenting with multiple congenital anomalies"
          }
        }
      ]
    },
    {
      "type": {
        "id": "HP:0000358",
        "label": "Posteriorly rotated ears"
      },
      "evidence": [
        {
          "evidenceCode": {
            "id": "ECO:0000033",
            "label": "author statement supported by traceable reference"
          },
          "reference": {
            "id": "PMID:29175559",
            "description": "Desmosterolosis presenting with multiple congenital anomalies"
          }
        }
      ]
    },
    {
      "type": {
        "id": "HP:0000252",
        "label": "Microcephaly"
      },
      "evidence": [
        {
          "evidenceCode": {
            "id": "ECO:0000033",
            "label": "author statement supported by traceable reference"
          },
          "reference": {
            "id": "PMID:29175559",
            "description": "Desmosterolosis presenting with multiple congenital anomalies"
          }
        }
      ]
    },
    {
      "type": {
        "id": "HP:0000347",
        "label": "Micrognathia"
      },
      "evidence": [
        {
          "evidenceCode": {
            "id": "ECO:0000033",
            "label": "author statement supported by traceable reference"
          },
          "reference": {
            "id": "PMID:29175559",
            "description": "Desmosterolosis presenting with multiple congenital anomalies"
          }
        }
      ]
    },
    {
      "type": {
        "id": "HP:0001845",
        "label": "Overlapping toe"
      },
      "evidence": [
        {
          "evidenceCode": {
            "id": "ECO:0000033",
            "label": "author statement supported by traceable reference"
          },
          "reference": {
            "id": "PMID:29175559",
            "description": "Desmosterolosis presenting with multiple congenital anomalies"
          }
        }
      ]
    },
    {
      "type": {
        "id": "HP:0000341",
        "label": "Narrow forehead"
      },
      "evidence": [
        {
          "evidenceCode": {
            "id": "ECO:0000033",
            "label": "author statement supported by traceable reference"
          },
          "reference": {
            "id": "PMID:29175559",
            "description": "Desmosterolosis presenting with multiple congenital anomalies"
          }
        }
      ]
    },
    {
      "type": {
        "id": "HP:0001181",
        "label": "Adducted thumb"
      },
      "evidence": [
        {
          "evidenceCode": {
            "id": "ECO:0000033",
            "label": "author statement supported by traceable reference"
          },
          "reference": {
            "id": "PMID:29175559",
            "description": "Desmosterolosis presenting with multiple congenital anomalies"
          }
        }
      ]
    },
    {
      "type": {
        "id": "HP:0000175",
        "label": "Cleft palate"
      },
      "evidence": [
        {
          "evidenceCode": {
            "id": "ECO:0000033",
            "label": "author statement supported by traceable reference"
          },
          "reference": {
            "id": "PMID:29175559",
            "description": "Desmosterolosis presenting with multiple congenital anomalies"
          }
        }
      ]
    },
    {
      "type": {
        "id": "HP:0000767",
        "label": "Pectus excavatum"
      },
      "evidence": [
        {
          "evidenceCode": {
            "id": "ECO:0000033",
            "label": "author statement supported by traceable reference"
          },
          "reference": {
            "id": "PMID:29175559",
            "description": "Desmosterolosis presenting with multiple congenital anomalies"
          }
        }
      ]
    },
    {
      "type": {
        "id": "HP:0001510",
        "label": "Growth delay"
      },
      "evidence": [
        {
          "evidenceCode": {
            "id": "ECO:0000033",
            "label": "author statement supported by traceable reference"
          },
          "reference": {
            "id": "PMID:29175559",
            "description": "Desmosterolosis presenting with multiple congenital anomalies"
          }
        }
      ]
    },
    {
      "type": {
        "id": "HP:0000470",
        "label": "Short neck"
      },
      "evidence": [
        {
          "evidenceCode": {
            "id": "ECO:0000033",
            "label": "author statement supported by traceable reference"
          },
          "reference": {
            "id": "PMID:29175559",
            "description": "Desmosterolosis presenting with multiple congenital anomalies"
          }
        }
      ]
    },
    {
      "type": {
        "id": "HP:0005487",
        "label": "Prominent metopic ridge"
      },
      "evidence": [
        {
          "evidenceCode": {
            "id": "ECO:0000033",
            "label": "author statement supported by traceable reference"
          },
          "reference": {
            "id": "PMID:29175559",
            "description": "Desmosterolosis presenting with multiple congenital anomalies"
          }
        }
      ]
    },
    {
      "type": {
        "id": "HP:0000750",
        "label": "Delayed speech and language development"
      },
      "evidence": [
        {
          "evidenceCode": {
            "id": "ECO:0000033",
            "label": "author statement supported by traceable reference"
          },
          "reference": {
            "id": "PMID:29175559",
            "description": "Desmosterolosis presenting with multiple congenital anomalies"
          }
        }
      ]
    },
    {
      "type": {
        "id": "HP:0000527",
        "label": "Long eyelashes"
      },
      "evidence": [
        {
          "evidenceCode": {
            "id": "ECO:0000033",
            "label": "author statement supported by traceable reference"
          },
          "reference": {
            "id": "PMID:29175559",
            "description": "Desmosterolosis presenting with multiple congenital anomalies"
          }
        }
      ]
    },
    {
      "type": {
        "id": "HP:0031910",
        "label": "Abnormal cranial nerve physiology"
      },
      "evidence": [
        {
          "evidenceCode": {
            "id": "ECO:0000033",
            "label": "author statement supported by traceable reference"
          },
          "reference": {
            "id": "PMID:29175559",
            "description": "Desmosterolosis presenting with multiple congenital anomalies"
          }
        }
      ]
    }
  ],
  "interpretations": [
    {
      "id": "interpretation-id",
      "progressStatus": "SOLVED",
      "diagnosis": {
        "disease": {
          "id": "OMIM:602398",
          "label": "DESMOSTEROLOSIS"
        },
        "genomicInterpretations": [
          {
            "subjectOrBiosampleId": "proband",
            "interpretationStatus": "CAUSATIVE",
            "variantInterpretation": {
              "variationDescriptor": {
                "id": "variant-1",
                "geneContext": {
                  "valueId": "NCBIGene:1718",
                  "symbol": "DHCR24"
                },
                "vcfRecord": {
                  "genomeAssembly": "GRCh37",
                  "chrom": "1",
                  "pos": "55340807",
                  "ref": "C",
                  "alt": "T"
                },
                "moleculeContext": "genomic",
                "allelicState": {
                  "id": "GENO:0000136",
                  "label": "homozygous"
                }
              }
            }
          }
        ]
      }
    }
  ],
  "metaData": {
    "created": "2023-09-20T17:50:15.986649036Z",
    "createdBy": "Hpo Case Annotator : 1.0.13-SNAPSHOT",
    "submittedBy": "HPO:probinson",
    "resources": [
      {
        "id": "hp",
        "name": "human phenotype ontology",
        "url": "http://purl.obolibrary.org/obo/hp.owl",
        "version": "2018-03-08",
        "namespacePrefix": "HP",
        "iriPrefix": "http://purl.obolibrary.org/obo/HP_"
      },
      {
        "id": "pato",
        "name": "Phenotype And Trait Ontology",
        "url": "http://purl.obolibrary.org/obo/pato.owl",
        "version": "2018-03-28",
        "namespacePrefix": "PATO",
        "iriPrefix": "http://purl.obolibrary.org/obo/PATO_"
      },
      {
        "id": "geno",
        "name": "Genotype Ontology",
        "url": "http://purl.obolibrary.org/obo/geno.owl",
        "version": "19-03-2018",
        "namespacePrefix": "GENO",
        "iriPrefix": "http://purl.obolibrary.org/obo/GENO_"
      },
      {
        "id": "eco",
        "name": "Evidence and Conclusion Ontology",
        "url": "http://purl.obolibrary.org/obo/eco.owl",
        "version": "2018-11-10",
        "namespacePrefix": "ECO",
        "iriPrefix": "http://purl.obolibrary.org/obo/ECO_"
      },
      {
        "id": "omim",
        "name": "Online Mendelian Inheritance in Man",
        "url": "https://www.omim.org",
        "version": "n/a",
        "namespacePrefix": "OMIM",
        "iriPrefix": "n/a"
      }
    ],
    "phenopacketSchemaVersion": "2.0"
  }
}