{
  "id": "PMID:29379883-Kocoglu-2018-CAPN1-Fam2Pat1",
  "subject": {
    "id": "Fam2Pat1",
    "timeAtLastEncounter": {
      "age": {
        "iso8601duration": "P15Y"
      }
    },
    "sex": "FEMALE"
  },
  "phenotypicFeatures": [
    {
      "type": {
        "id": "HP:0002066",
        "label": "Gait ataxia"
      },
      "evidence": [
        {
          "evidenceCode": {
            "id": "ECO:0000033",
            "label": "author statement supported by traceable reference"
          },
          "reference": {
            "id": "PMID:29379883",
            "description": "Homozygous CAPN1 mutations causing a spastic-ataxia phenotype in 2 families"
          }
        }
      ]
    },
    {
      "type": {
        "id": "HP:0006986",
        "label": "Upper limb spasticity"
      },
      "evidence": [
        {
          "evidenceCode": {
            "id": "ECO:0000033",
            "label": "author statement supported by traceable reference"
          },
          "reference": {
            "id": "PMID:29379883",
            "description": "Homozygous CAPN1 mutations causing a spastic-ataxia phenotype in 2 families"
          }
        }
      ]
    },
    {
      "type": {
        "id": "HP:0002070",
        "label": "Limb ataxia"
      },
      "evidence": [
        {
          "evidenceCode": {
            "id": "ECO:0000033",
            "label": "author statement supported by traceable reference"
          },
          "reference": {
            "id": "PMID:29379883",
            "description": "Homozygous CAPN1 mutations causing a spastic-ataxia phenotype in 2 families"
          }
        }
      ]
    },
    {
      "type": {
        "id": "HP:0002061",
        "label": "Lower limb spasticity"
      },
      "evidence": [
        {
          "evidenceCode": {
            "id": "ECO:0000033",
            "label": "author statement supported by traceable reference"
          },
          "reference": {
            "id": "PMID:29379883",
            "description": "Homozygous CAPN1 mutations causing a spastic-ataxia phenotype in 2 families"
          }
        }
      ]
    },
    {
      "type": {
        "id": "HP:0000563",
        "label": "Keratoconus"
      },
      "evidence": [
        {
          "evidenceCode": {
            "id": "ECO:0000033",
            "label": "author statement supported by traceable reference"
          },
          "reference": {
            "id": "PMID:29379883",
            "description": "Homozygous CAPN1 mutations causing a spastic-ataxia phenotype in 2 families"
          }
        }
      ]
    },
    {
      "type": {
        "id": "HP:0001310",
        "label": "Dysmetria"
      },
      "evidence": [
        {
          "evidenceCode": {
            "id": "ECO:0000033",
            "label": "author statement supported by traceable reference"
          },
          "reference": {
            "id": "PMID:29379883",
            "description": "Homozygous CAPN1 mutations causing a spastic-ataxia phenotype in 2 families"
          }
        }
      ]
    },
    {
      "type": {
        "id": "HP:0001260",
        "label": "Dysarthria"
      },
      "evidence": [
        {
          "evidenceCode": {
            "id": "ECO:0000033",
            "label": "author statement supported by traceable reference"
          },
          "reference": {
            "id": "PMID:29379883",
            "description": "Homozygous CAPN1 mutations causing a spastic-ataxia phenotype in 2 families"
          }
        }
      ]
    }
  ],
  "interpretations": [
    {
      "id": "interpretation-id",
      "progressStatus": "SOLVED",
      "diagnosis": {
        "disease": {
          "id": "OMIM:616907",
          "label": "Spastic paraplegia 76, autosomal recessive"
        },
        "genomicInterpretations": [
          {
            "subjectOrBiosampleId": "Fam2Pat1",
            "interpretationStatus": "CAUSATIVE",
            "variantInterpretation": {
              "variationDescriptor": {
                "id": "variant-1",
                "geneContext": {
                  "valueId": "NCBIGene:823",
                  "symbol": "CAPN1"
                },
                "vcfRecord": {
                  "genomeAssembly": "GRCh37",
                  "chrom": "11",
                  "pos": "64972164",
                  "ref": "G",
                  "alt": "A"
                },
                "moleculeContext": "genomic",
                "allelicState": {
                  "id": "GENO:0000136",
                  "label": "homozygous"
                }
              }
            }
          }
        ]
      }
    }
  ],
  "metaData": {
    "created": "2023-09-20T17:50:11.633658170Z",
    "createdBy": "Hpo Case Annotator : 1.0.14-SNAPSHOT",
    "submittedBy": "UNC:biocuration",
    "resources": [
      {
        "id": "hp",
        "name": "human phenotype ontology",
        "url": "http://purl.obolibrary.org/obo/hp.owl",
        "version": "2018-03-08",
        "namespacePrefix": "HP",
        "iriPrefix": "http://purl.obolibrary.org/obo/HP_"
      },
      {
        "id": "pato",
        "name": "Phenotype And Trait Ontology",
        "url": "http://purl.obolibrary.org/obo/pato.owl",
        "version": "2018-03-28",
        "namespacePrefix": "PATO",
        "iriPrefix": "http://purl.obolibrary.org/obo/PATO_"
      },
      {
        "id": "geno",
        "name": "Genotype Ontology",
        "url": "http://purl.obolibrary.org/obo/geno.owl",
        "version": "19-03-2018",
        "namespacePrefix": "GENO",
        "iriPrefix": "http://purl.obolibrary.org/obo/GENO_"
      },
      {
        "id": "eco",
        "name": "Evidence and Conclusion Ontology",
        "url": "http://purl.obolibrary.org/obo/eco.owl",
        "version": "2018-11-10",
        "namespacePrefix": "ECO",
        "iriPrefix": "http://purl.obolibrary.org/obo/ECO_"
      },
      {
        "id": "omim",
        "name": "Online Mendelian Inheritance in Man",
        "url": "https://www.omim.org",
        "version": "n/a",
        "namespacePrefix": "OMIM",
        "iriPrefix": "n/a"
      }
    ],
    "phenopacketSchemaVersion": "2.0"
  }
}