{
  "id": "PMID:23311634-Romero-Quintana-2013-CTSC-Case_1P1",
  "subject": {
    "id": "Case 1P1",
    "timeAtLastEncounter": {
      "age": {
        "iso8601duration": "P7Y"
      }
    },
    "sex": "FEMALE"
  },
  "phenotypicFeatures": [
    {
      "type": {
        "id": "HP:0011132",
        "label": "Chronic furunculosis"
      },
      "evidence": [
        {
          "evidenceCode": {
            "id": "ECO:0000033",
            "label": "author statement supported by traceable reference"
          },
          "reference": {
            "id": "PMID:23311634",
            "description": "Identification of novel mutation in cathepsin C gene causing Papillon-Lef\u00e8vre Syndrome in Mexican patients"
          }
        }
      ]
    },
    {
      "type": {
        "id": "HP:0000972",
        "label": "Palmoplantar hyperkeratosis"
      },
      "evidence": [
        {
          "evidenceCode": {
            "id": "ECO:0000033",
            "label": "author statement supported by traceable reference"
          },
          "reference": {
            "id": "PMID:23311634",
            "description": "Identification of novel mutation in cathepsin C gene causing Papillon-Lef\u00e8vre Syndrome in Mexican patients"
          }
        }
      ]
    },
    {
      "type": {
        "id": "HP:0006323",
        "label": "Premature loss of primary teeth"
      },
      "evidence": [
        {
          "evidenceCode": {
            "id": "ECO:0000033",
            "label": "author statement supported by traceable reference"
          },
          "reference": {
            "id": "PMID:23311634",
            "description": "Identification of novel mutation in cathepsin C gene causing Papillon-Lef\u00e8vre Syndrome in Mexican patients"
          }
        }
      ]
    },
    {
      "type": {
        "id": "HP:0410027",
        "label": "Alveolar bone loss around teeth"
      },
      "evidence": [
        {
          "evidenceCode": {
            "id": "ECO:0000033",
            "label": "author statement supported by traceable reference"
          },
          "reference": {
            "id": "PMID:23311634",
            "description": "Identification of novel mutation in cathepsin C gene causing Papillon-Lef\u00e8vre Syndrome in Mexican patients"
          }
        }
      ]
    },
    {
      "type": {
        "id": "HP:0000166",
        "label": "Severe periodontitis"
      },
      "evidence": [
        {
          "evidenceCode": {
            "id": "ECO:0000033",
            "label": "author statement supported by traceable reference"
          },
          "reference": {
            "id": "PMID:23311634",
            "description": "Identification of novel mutation in cathepsin C gene causing Papillon-Lef\u00e8vre Syndrome in Mexican patients"
          }
        }
      ]
    },
    {
      "type": {
        "id": "HP:0025084",
        "label": "Folliculitis"
      },
      "evidence": [
        {
          "evidenceCode": {
            "id": "ECO:0000033",
            "label": "author statement supported by traceable reference"
          },
          "reference": {
            "id": "PMID:23311634",
            "description": "Identification of novel mutation in cathepsin C gene causing Papillon-Lef\u00e8vre Syndrome in Mexican patients"
          }
        }
      ]
    }
  ],
  "interpretations": [
    {
      "id": "interpretation-id",
      "progressStatus": "SOLVED",
      "diagnosis": {
        "disease": {
          "id": "OMIM:245000",
          "label": "PAPILLON-LEFEVRE SYNDROME; PALS"
        },
        "genomicInterpretations": [
          {
            "subjectOrBiosampleId": "Case 1P1",
            "interpretationStatus": "CAUSATIVE",
            "variantInterpretation": {
              "variationDescriptor": {
                "id": "variant-1",
                "geneContext": {
                  "valueId": "NCBIGene:1075",
                  "symbol": "CTSC"
                },
                "vcfRecord": {
                  "genomeAssembly": "GRCh37",
                  "chrom": "11",
                  "pos": "88068220",
                  "ref": "A",
                  "alt": "C"
                },
                "moleculeContext": "genomic",
                "allelicState": {
                  "id": "GENO:0000136",
                  "label": "homozygous"
                }
              }
            }
          }
        ]
      }
    }
  ],
  "metaData": {
    "created": "2023-09-20T17:50:11.621413230Z",
    "createdBy": "Hpo Case Annotator : 1.0.13-SNAPSHOT",
    "submittedBy": "HPO:probinson",
    "resources": [
      {
        "id": "hp",
        "name": "human phenotype ontology",
        "url": "http://purl.obolibrary.org/obo/hp.owl",
        "version": "2018-03-08",
        "namespacePrefix": "HP",
        "iriPrefix": "http://purl.obolibrary.org/obo/HP_"
      },
      {
        "id": "pato",
        "name": "Phenotype And Trait Ontology",
        "url": "http://purl.obolibrary.org/obo/pato.owl",
        "version": "2018-03-28",
        "namespacePrefix": "PATO",
        "iriPrefix": "http://purl.obolibrary.org/obo/PATO_"
      },
      {
        "id": "geno",
        "name": "Genotype Ontology",
        "url": "http://purl.obolibrary.org/obo/geno.owl",
        "version": "19-03-2018",
        "namespacePrefix": "GENO",
        "iriPrefix": "http://purl.obolibrary.org/obo/GENO_"
      },
      {
        "id": "eco",
        "name": "Evidence and Conclusion Ontology",
        "url": "http://purl.obolibrary.org/obo/eco.owl",
        "version": "2018-11-10",
        "namespacePrefix": "ECO",
        "iriPrefix": "http://purl.obolibrary.org/obo/ECO_"
      },
      {
        "id": "omim",
        "name": "Online Mendelian Inheritance in Man",
        "url": "https://www.omim.org",
        "version": "n/a",
        "namespacePrefix": "OMIM",
        "iriPrefix": "n/a"
      }
    ],
    "phenopacketSchemaVersion": "2.0"
  }
}