{
  "id": "PMID:28566166-Travaglini-2017-CAPN1-index",
  "subject": {
    "id": "index",
    "timeAtLastEncounter": {
      "age": {
        "iso8601duration": "P16Y"
      }
    },
    "sex": "MALE"
  },
  "phenotypicFeatures": [
    {
      "type": {
        "id": "HP:0003487",
        "label": "Babinski sign"
      },
      "evidence": [
        {
          "evidenceCode": {
            "id": "ECO:0000033",
            "label": "author statement supported by traceable reference"
          },
          "reference": {
            "id": "PMID:28566166",
            "description": "Expanding the clinical phenotype of CAPN1-associated mutations: A new case with congenital-onset pure spastic paraplegia"
          }
        }
      ]
    },
    {
      "type": {
        "id": "HP:0030051",
        "label": "Tip-toe gait"
      },
      "evidence": [
        {
          "evidenceCode": {
            "id": "ECO:0000033",
            "label": "author statement supported by traceable reference"
          },
          "reference": {
            "id": "PMID:28566166",
            "description": "Expanding the clinical phenotype of CAPN1-associated mutations: A new case with congenital-onset pure spastic paraplegia"
          }
        }
      ]
    },
    {
      "type": {
        "id": "HP:0006895",
        "label": "Lower limb hypertonia"
      },
      "evidence": [
        {
          "evidenceCode": {
            "id": "ECO:0000033",
            "label": "author statement supported by traceable reference"
          },
          "reference": {
            "id": "PMID:28566166",
            "description": "Expanding the clinical phenotype of CAPN1-associated mutations: A new case with congenital-onset pure spastic paraplegia"
          }
        }
      ]
    },
    {
      "type": {
        "id": "HP:0001347",
        "label": "Hyperreflexia"
      },
      "evidence": [
        {
          "evidenceCode": {
            "id": "ECO:0000033",
            "label": "author statement supported by traceable reference"
          },
          "reference": {
            "id": "PMID:28566166",
            "description": "Expanding the clinical phenotype of CAPN1-associated mutations: A new case with congenital-onset pure spastic paraplegia"
          }
        }
      ]
    }
  ],
  "interpretations": [
    {
      "id": "interpretation-id",
      "progressStatus": "SOLVED",
      "diagnosis": {
        "disease": {
          "id": "OMIM:616907",
          "label": "Spastic paraplegia 76, autosomal recessive"
        },
        "genomicInterpretations": [
          {
            "subjectOrBiosampleId": "index",
            "interpretationStatus": "CAUSATIVE",
            "variantInterpretation": {
              "variationDescriptor": {
                "id": "variant-1",
                "geneContext": {
                  "valueId": "NCBIGene:823",
                  "symbol": "CAPN1"
                },
                "vcfRecord": {
                  "genomeAssembly": "GRCh37",
                  "chrom": "11",
                  "pos": "64950393",
                  "ref": "G",
                  "alt": "A"
                },
                "moleculeContext": "genomic",
                "allelicState": {
                  "id": "GENO:0000135",
                  "label": "heterozygous"
                }
              }
            }
          },
          {
            "subjectOrBiosampleId": "index",
            "interpretationStatus": "CAUSATIVE",
            "variantInterpretation": {
              "variationDescriptor": {
                "id": "variant-2",
                "geneContext": {
                  "valueId": "NCBIGene:823",
                  "symbol": "CAPN1"
                },
                "vcfRecord": {
                  "genomeAssembly": "GRCh37",
                  "chrom": "11",
                  "pos": "64955493",
                  "ref": "C",
                  "alt": "T"
                },
                "moleculeContext": "genomic",
                "allelicState": {
                  "id": "GENO:0000135",
                  "label": "heterozygous"
                }
              }
            }
          }
        ]
      }
    }
  ],
  "metaData": {
    "created": "2023-09-20T17:50:11.952581882Z",
    "createdBy": "Hpo Case Annotator : 1.0.14-SNAPSHOT",
    "submittedBy": "UNC:biocuration",
    "resources": [
      {
        "id": "hp",
        "name": "human phenotype ontology",
        "url": "http://purl.obolibrary.org/obo/hp.owl",
        "version": "2018-03-08",
        "namespacePrefix": "HP",
        "iriPrefix": "http://purl.obolibrary.org/obo/HP_"
      },
      {
        "id": "pato",
        "name": "Phenotype And Trait Ontology",
        "url": "http://purl.obolibrary.org/obo/pato.owl",
        "version": "2018-03-28",
        "namespacePrefix": "PATO",
        "iriPrefix": "http://purl.obolibrary.org/obo/PATO_"
      },
      {
        "id": "geno",
        "name": "Genotype Ontology",
        "url": "http://purl.obolibrary.org/obo/geno.owl",
        "version": "19-03-2018",
        "namespacePrefix": "GENO",
        "iriPrefix": "http://purl.obolibrary.org/obo/GENO_"
      },
      {
        "id": "eco",
        "name": "Evidence and Conclusion Ontology",
        "url": "http://purl.obolibrary.org/obo/eco.owl",
        "version": "2018-11-10",
        "namespacePrefix": "ECO",
        "iriPrefix": "http://purl.obolibrary.org/obo/ECO_"
      },
      {
        "id": "omim",
        "name": "Online Mendelian Inheritance in Man",
        "url": "https://www.omim.org",
        "version": "n/a",
        "namespacePrefix": "OMIM",
        "iriPrefix": "n/a"
      }
    ],
    "phenopacketSchemaVersion": "2.0"
  }
}