{
  "id": "PMID:30099644-Bhatia-2018-PRPF31-IV:3",
  "subject": {
    "id": "IV:3",
    "timeAtLastEncounter": {
      "age": {
        "iso8601duration": "P35Y"
      }
    },
    "sex": "FEMALE"
  },
  "phenotypicFeatures": [
    {
      "type": {
        "id": "HP:0007663",
        "label": "Reduced visual acuity"
      },
      "evidence": [
        {
          "evidenceCode": {
            "id": "ECO:0000033",
            "label": "author statement supported by traceable reference"
          },
          "reference": {
            "id": "PMID:30099644",
            "description": "A novel mutation in the PRPF31 in a North Indian adRP family with incomplete penetrance"
          }
        }
      ]
    },
    {
      "type": {
        "id": "HP:0007843",
        "label": "Attenuation of retinal blood vessels"
      },
      "evidence": [
        {
          "evidenceCode": {
            "id": "ECO:0000033",
            "label": "author statement supported by traceable reference"
          },
          "reference": {
            "id": "PMID:30099644",
            "description": "A novel mutation in the PRPF31 in a North Indian adRP family with incomplete penetrance"
          }
        }
      ]
    },
    {
      "type": {
        "id": "HP:0000543",
        "label": "Optic disc pallor"
      },
      "evidence": [
        {
          "evidenceCode": {
            "id": "ECO:0000033",
            "label": "author statement supported by traceable reference"
          },
          "reference": {
            "id": "PMID:30099644",
            "description": "A novel mutation in the PRPF31 in a North Indian adRP family with incomplete penetrance"
          }
        }
      ]
    },
    {
      "type": {
        "id": "HP:0007737",
        "label": "Bone spicule pigmentation of the retina"
      },
      "evidence": [
        {
          "evidenceCode": {
            "id": "ECO:0000033",
            "label": "author statement supported by traceable reference"
          },
          "reference": {
            "id": "PMID:30099644",
            "description": "A novel mutation in the PRPF31 in a North Indian adRP family with incomplete penetrance"
          }
        }
      ]
    },
    {
      "type": {
        "id": "HP:0000662",
        "label": "Nyctalopia"
      },
      "evidence": [
        {
          "evidenceCode": {
            "id": "ECO:0000033",
            "label": "author statement supported by traceable reference"
          },
          "reference": {
            "id": "PMID:30099644",
            "description": "A novel mutation in the PRPF31 in a North Indian adRP family with incomplete penetrance"
          }
        }
      ]
    }
  ],
  "interpretations": [
    {
      "id": "interpretation-id",
      "progressStatus": "SOLVED",
      "diagnosis": {
        "disease": {
          "id": "OMIM:600138",
          "label": "RETINITIS PIGMENTOSA 11; RP11"
        },
        "genomicInterpretations": [
          {
            "subjectOrBiosampleId": "IV:3",
            "interpretationStatus": "CAUSATIVE",
            "variantInterpretation": {
              "variationDescriptor": {
                "id": "variant-1",
                "geneContext": {
                  "valueId": "NCBIGene:26121",
                  "symbol": "PRPF31"
                },
                "vcfRecord": {
                  "genomeAssembly": "GRCh37",
                  "chrom": "19",
                  "pos": "54629943",
                  "ref": "G",
                  "alt": "A"
                },
                "moleculeContext": "genomic",
                "allelicState": {
                  "id": "GENO:0000135",
                  "label": "heterozygous"
                }
              }
            }
          }
        ]
      }
    }
  ],
  "metaData": {
    "created": "2023-09-20T17:50:12.688599109Z",
    "createdBy": "n/a",
    "submittedBy": "HPO:probinson",
    "resources": [
      {
        "id": "hp",
        "name": "human phenotype ontology",
        "url": "http://purl.obolibrary.org/obo/hp.owl",
        "version": "2018-03-08",
        "namespacePrefix": "HP",
        "iriPrefix": "http://purl.obolibrary.org/obo/HP_"
      },
      {
        "id": "pato",
        "name": "Phenotype And Trait Ontology",
        "url": "http://purl.obolibrary.org/obo/pato.owl",
        "version": "2018-03-28",
        "namespacePrefix": "PATO",
        "iriPrefix": "http://purl.obolibrary.org/obo/PATO_"
      },
      {
        "id": "geno",
        "name": "Genotype Ontology",
        "url": "http://purl.obolibrary.org/obo/geno.owl",
        "version": "19-03-2018",
        "namespacePrefix": "GENO",
        "iriPrefix": "http://purl.obolibrary.org/obo/GENO_"
      },
      {
        "id": "eco",
        "name": "Evidence and Conclusion Ontology",
        "url": "http://purl.obolibrary.org/obo/eco.owl",
        "version": "2018-11-10",
        "namespacePrefix": "ECO",
        "iriPrefix": "http://purl.obolibrary.org/obo/ECO_"
      },
      {
        "id": "omim",
        "name": "Online Mendelian Inheritance in Man",
        "url": "https://www.omim.org",
        "version": "n/a",
        "namespacePrefix": "OMIM",
        "iriPrefix": "n/a"
      }
    ],
    "phenopacketSchemaVersion": "2.0"
  }
}