{
  "id": "PMID:23587214-Ritelli-2013-COL5A1-AN_002501",
  "subject": {
    "id": "AN_002501",
    "timeAtLastEncounter": {
      "age": {
        "iso8601duration": "P15Y"
      }
    },
    "sex": "FEMALE"
  },
  "phenotypicFeatures": [
    {
      "type": {
        "id": "HP:0025509",
        "label": "Piezogenic pedal papules"
      },
      "evidence": [
        {
          "evidenceCode": {
            "id": "ECO:0000033",
            "label": "author statement supported by traceable reference"
          },
          "reference": {
            "id": "PMID:23587214",
            "description": "Clinical and molecular characterization of 40 patients with classic Ehlers-Danlos syndrome: identification of 18 COL5A1 and 2 COL5A2 novel mutations"
          }
        }
      ]
    },
    {
      "type": {
        "id": "HP:0001763",
        "label": "Pes planus"
      },
      "evidence": [
        {
          "evidenceCode": {
            "id": "ECO:0000033",
            "label": "author statement supported by traceable reference"
          },
          "reference": {
            "id": "PMID:23587214",
            "description": "Clinical and molecular characterization of 40 patients with classic Ehlers-Danlos syndrome: identification of 18 COL5A1 and 2 COL5A2 novel mutations"
          }
        }
      ]
    },
    {
      "type": {
        "id": "HP:0000974",
        "label": "Hyperextensible skin"
      },
      "evidence": [
        {
          "evidenceCode": {
            "id": "ECO:0000033",
            "label": "author statement supported by traceable reference"
          },
          "reference": {
            "id": "PMID:23587214",
            "description": "Clinical and molecular characterization of 40 patients with classic Ehlers-Danlos syndrome: identification of 18 COL5A1 and 2 COL5A2 novel mutations"
          }
        }
      ]
    },
    {
      "type": {
        "id": "HP:0001382",
        "label": "Joint hypermobility"
      },
      "evidence": [
        {
          "evidenceCode": {
            "id": "ECO:0000033",
            "label": "author statement supported by traceable reference"
          },
          "reference": {
            "id": "PMID:23587214",
            "description": "Clinical and molecular characterization of 40 patients with classic Ehlers-Danlos syndrome: identification of 18 COL5A1 and 2 COL5A2 novel mutations"
          }
        }
      ]
    },
    {
      "type": {
        "id": "HP:0001373",
        "label": "Joint dislocation"
      },
      "evidence": [
        {
          "evidenceCode": {
            "id": "ECO:0000033",
            "label": "author statement supported by traceable reference"
          },
          "reference": {
            "id": "PMID:23587214",
            "description": "Clinical and molecular characterization of 40 patients with classic Ehlers-Danlos syndrome: identification of 18 COL5A1 and 2 COL5A2 novel mutations"
          }
        }
      ]
    },
    {
      "type": {
        "id": "HP:0000978",
        "label": "Bruising susceptibility"
      },
      "evidence": [
        {
          "evidenceCode": {
            "id": "ECO:0000033",
            "label": "author statement supported by traceable reference"
          },
          "reference": {
            "id": "PMID:23587214",
            "description": "Clinical and molecular characterization of 40 patients with classic Ehlers-Danlos syndrome: identification of 18 COL5A1 and 2 COL5A2 novel mutations"
          }
        }
      ]
    },
    {
      "type": {
        "id": "HP:0001065",
        "label": "Striae distensae"
      },
      "evidence": [
        {
          "evidenceCode": {
            "id": "ECO:0000033",
            "label": "author statement supported by traceable reference"
          },
          "reference": {
            "id": "PMID:23587214",
            "description": "Clinical and molecular characterization of 40 patients with classic Ehlers-Danlos syndrome: identification of 18 COL5A1 and 2 COL5A2 novel mutations"
          }
        }
      ]
    },
    {
      "type": {
        "id": "HP:0001075",
        "label": "Atrophic scars"
      },
      "evidence": [
        {
          "evidenceCode": {
            "id": "ECO:0000033",
            "label": "author statement supported by traceable reference"
          },
          "reference": {
            "id": "PMID:23587214",
            "description": "Clinical and molecular characterization of 40 patients with classic Ehlers-Danlos syndrome: identification of 18 COL5A1 and 2 COL5A2 novel mutations"
          }
        }
      ]
    },
    {
      "type": {
        "id": "HP:0002829",
        "label": "Arthralgia"
      },
      "evidence": [
        {
          "evidenceCode": {
            "id": "ECO:0000033",
            "label": "author statement supported by traceable reference"
          },
          "reference": {
            "id": "PMID:23587214",
            "description": "Clinical and molecular characterization of 40 patients with classic Ehlers-Danlos syndrome: identification of 18 COL5A1 and 2 COL5A2 novel mutations"
          }
        }
      ]
    }
  ],
  "interpretations": [
    {
      "id": "interpretation-id",
      "progressStatus": "SOLVED",
      "diagnosis": {
        "disease": {
          "id": "OMIM:130000",
          "label": "EHLERS-DANLOS SYNDROME, CLASSIC TYPE"
        },
        "genomicInterpretations": [
          {
            "subjectOrBiosampleId": "AN_002501",
            "interpretationStatus": "CAUSATIVE",
            "variantInterpretation": {
              "variationDescriptor": {
                "id": "variant-1",
                "geneContext": {
                  "valueId": "NCBIGene:1289",
                  "symbol": "COL5A1"
                },
                "vcfRecord": {
                  "genomeAssembly": "GRCh37",
                  "chrom": "9",
                  "pos": "137534120",
                  "ref": "G",
                  "alt": "A"
                },
                "moleculeContext": "genomic",
                "allelicState": {
                  "id": "GENO:0000135",
                  "label": "heterozygous"
                }
              }
            }
          }
        ]
      }
    }
  ],
  "metaData": {
    "created": "2023-09-20T17:50:11.724457979Z",
    "createdBy": "Hpo Case Annotator : 1.0.13-SNAPSHOT",
    "submittedBy": "HPO:probinson",
    "resources": [
      {
        "id": "hp",
        "name": "human phenotype ontology",
        "url": "http://purl.obolibrary.org/obo/hp.owl",
        "version": "2018-03-08",
        "namespacePrefix": "HP",
        "iriPrefix": "http://purl.obolibrary.org/obo/HP_"
      },
      {
        "id": "pato",
        "name": "Phenotype And Trait Ontology",
        "url": "http://purl.obolibrary.org/obo/pato.owl",
        "version": "2018-03-28",
        "namespacePrefix": "PATO",
        "iriPrefix": "http://purl.obolibrary.org/obo/PATO_"
      },
      {
        "id": "geno",
        "name": "Genotype Ontology",
        "url": "http://purl.obolibrary.org/obo/geno.owl",
        "version": "19-03-2018",
        "namespacePrefix": "GENO",
        "iriPrefix": "http://purl.obolibrary.org/obo/GENO_"
      },
      {
        "id": "eco",
        "name": "Evidence and Conclusion Ontology",
        "url": "http://purl.obolibrary.org/obo/eco.owl",
        "version": "2018-11-10",
        "namespacePrefix": "ECO",
        "iriPrefix": "http://purl.obolibrary.org/obo/ECO_"
      },
      {
        "id": "omim",
        "name": "Online Mendelian Inheritance in Man",
        "url": "https://www.omim.org",
        "version": "n/a",
        "namespacePrefix": "OMIM",
        "iriPrefix": "n/a"
      }
    ],
    "phenopacketSchemaVersion": "2.0"
  }
}