{
  "id": "PMID:30509212-Guo-2018-KDM6A-3_month_old_boy",
  "subject": {
    "id": "3 month old boy",
    "timeAtLastEncounter": {
      "age": {
        "iso8601duration": "P3M"
      }
    },
    "sex": "MALE"
  },
  "phenotypicFeatures": [
    {
      "type": {
        "id": "HP:0000437",
        "label": "Depressed nasal tip"
      },
      "evidence": [
        {
          "evidenceCode": {
            "id": "ECO:0000033",
            "label": "author statement supported by traceable reference"
          },
          "reference": {
            "id": "PMID:30509212",
            "description": "Novel KDM6A splice-site mutation in kabuki syndrome with congenital hydrocephalus: a case report"
          }
        }
      ]
    },
    {
      "type": {
        "id": "HP:0001510",
        "label": "Growth delay"
      },
      "evidence": [
        {
          "evidenceCode": {
            "id": "ECO:0000033",
            "label": "author statement supported by traceable reference"
          },
          "reference": {
            "id": "PMID:30509212",
            "description": "Novel KDM6A splice-site mutation in kabuki syndrome with congenital hydrocephalus: a case report"
          }
        }
      ]
    },
    {
      "type": {
        "id": "HP:0000369",
        "label": "Low-set ears"
      },
      "evidence": [
        {
          "evidenceCode": {
            "id": "ECO:0000033",
            "label": "author statement supported by traceable reference"
          },
          "reference": {
            "id": "PMID:30509212",
            "description": "Novel KDM6A splice-site mutation in kabuki syndrome with congenital hydrocephalus: a case report"
          }
        }
      ]
    },
    {
      "type": {
        "id": "HP:0001612",
        "label": "Weak cry"
      },
      "evidence": [
        {
          "evidenceCode": {
            "id": "ECO:0000033",
            "label": "author statement supported by traceable reference"
          },
          "reference": {
            "id": "PMID:30509212",
            "description": "Novel KDM6A splice-site mutation in kabuki syndrome with congenital hydrocephalus: a case report"
          }
        }
      ]
    },
    {
      "type": {
        "id": "HP:0000175",
        "label": "Cleft palate"
      },
      "evidence": [
        {
          "evidenceCode": {
            "id": "ECO:0000033",
            "label": "author statement supported by traceable reference"
          },
          "reference": {
            "id": "PMID:30509212",
            "description": "Novel KDM6A splice-site mutation in kabuki syndrome with congenital hydrocephalus: a case report"
          }
        }
      ]
    },
    {
      "type": {
        "id": "HP:0001623",
        "label": "Breech presentation"
      },
      "evidence": [
        {
          "evidenceCode": {
            "id": "ECO:0000033",
            "label": "author statement supported by traceable reference"
          },
          "reference": {
            "id": "PMID:30509212",
            "description": "Novel KDM6A splice-site mutation in kabuki syndrome with congenital hydrocephalus: a case report"
          }
        }
      ]
    },
    {
      "type": {
        "id": "HP:0007655",
        "label": "Eversion of lateral third of lower eyelids"
      },
      "evidence": [
        {
          "evidenceCode": {
            "id": "ECO:0000033",
            "label": "author statement supported by traceable reference"
          },
          "reference": {
            "id": "PMID:30509212",
            "description": "Novel KDM6A splice-site mutation in kabuki syndrome with congenital hydrocephalus: a case report"
          }
        }
      ]
    },
    {
      "type": {
        "id": "HP:0031508",
        "label": "Abnormal circulating thyroid hormone concentration"
      },
      "evidence": [
        {
          "evidenceCode": {
            "id": "ECO:0000033",
            "label": "author statement supported by traceable reference"
          },
          "reference": {
            "id": "PMID:30509212",
            "description": "Novel KDM6A splice-site mutation in kabuki syndrome with congenital hydrocephalus: a case report"
          }
        }
      ]
    },
    {
      "type": {
        "id": "HP:0000411",
        "label": "Protruding ear"
      },
      "evidence": [
        {
          "evidenceCode": {
            "id": "ECO:0000033",
            "label": "author statement supported by traceable reference"
          },
          "reference": {
            "id": "PMID:30509212",
            "description": "Novel KDM6A splice-site mutation in kabuki syndrome with congenital hydrocephalus: a case report"
          }
        }
      ]
    },
    {
      "type": {
        "id": "HP:0008897",
        "label": "Postnatal growth retardation"
      },
      "evidence": [
        {
          "evidenceCode": {
            "id": "ECO:0000033",
            "label": "author statement supported by traceable reference"
          },
          "reference": {
            "id": "PMID:30509212",
            "description": "Novel KDM6A splice-site mutation in kabuki syndrome with congenital hydrocephalus: a case report"
          }
        }
      ]
    },
    {
      "type": {
        "id": "HP:0001626",
        "label": "Abnormality of the cardiovascular system"
      },
      "evidence": [
        {
          "evidenceCode": {
            "id": "ECO:0000033",
            "label": "author statement supported by traceable reference"
          },
          "reference": {
            "id": "PMID:30509212",
            "description": "Novel KDM6A splice-site mutation in kabuki syndrome with congenital hydrocephalus: a case report"
          }
        }
      ]
    },
    {
      "type": {
        "id": "HP:0001385",
        "label": "Hip dysplasia"
      },
      "evidence": [
        {
          "evidenceCode": {
            "id": "ECO:0000033",
            "label": "author statement supported by traceable reference"
          },
          "reference": {
            "id": "PMID:30509212",
            "description": "Novel KDM6A splice-site mutation in kabuki syndrome with congenital hydrocephalus: a case report"
          }
        }
      ]
    },
    {
      "type": {
        "id": "HP:0006956",
        "label": "Lateral ventricle dilatation"
      },
      "evidence": [
        {
          "evidenceCode": {
            "id": "ECO:0000033",
            "label": "author statement supported by traceable reference"
          },
          "reference": {
            "id": "PMID:30509212",
            "description": "Novel KDM6A splice-site mutation in kabuki syndrome with congenital hydrocephalus: a case report"
          }
        }
      ]
    },
    {
      "type": {
        "id": "HP:0001743",
        "label": "Abnormality of the spleen"
      },
      "evidence": [
        {
          "evidenceCode": {
            "id": "ECO:0000033",
            "label": "author statement supported by traceable reference"
          },
          "reference": {
            "id": "PMID:30509212",
            "description": "Novel KDM6A splice-site mutation in kabuki syndrome with congenital hydrocephalus: a case report"
          }
        }
      ]
    },
    {
      "type": {
        "id": "HP:0000347",
        "label": "Micrognathia"
      },
      "evidence": [
        {
          "evidenceCode": {
            "id": "ECO:0000033",
            "label": "author statement supported by traceable reference"
          },
          "reference": {
            "id": "PMID:30509212",
            "description": "Novel KDM6A splice-site mutation in kabuki syndrome with congenital hydrocephalus: a case report"
          }
        }
      ]
    },
    {
      "type": {
        "id": "HP:0001392",
        "label": "Abnormality of the liver"
      },
      "evidence": [
        {
          "evidenceCode": {
            "id": "ECO:0000033",
            "label": "author statement supported by traceable reference"
          },
          "reference": {
            "id": "PMID:30509212",
            "description": "Novel KDM6A splice-site mutation in kabuki syndrome with congenital hydrocephalus: a case report"
          }
        }
      ]
    },
    {
      "type": {
        "id": "HP:0000238",
        "label": "Hydrocephalus"
      },
      "evidence": [
        {
          "evidenceCode": {
            "id": "ECO:0000033",
            "label": "author statement supported by traceable reference"
          },
          "reference": {
            "id": "PMID:30509212",
            "description": "Novel KDM6A splice-site mutation in kabuki syndrome with congenital hydrocephalus: a case report"
          }
        }
      ]
    },
    {
      "type": {
        "id": "HP:0045075",
        "label": "Sparse eyebrow"
      },
      "evidence": [
        {
          "evidenceCode": {
            "id": "ECO:0000033",
            "label": "author statement supported by traceable reference"
          },
          "reference": {
            "id": "PMID:30509212",
            "description": "Novel KDM6A splice-site mutation in kabuki syndrome with congenital hydrocephalus: a case report"
          }
        }
      ]
    },
    {
      "type": {
        "id": "HP:0000218",
        "label": "High palate"
      },
      "evidence": [
        {
          "evidenceCode": {
            "id": "ECO:0000033",
            "label": "author statement supported by traceable reference"
          },
          "reference": {
            "id": "PMID:30509212",
            "description": "Novel KDM6A splice-site mutation in kabuki syndrome with congenital hydrocephalus: a case report"
          }
        }
      ]
    },
    {
      "type": {
        "id": "HP:0000637",
        "label": "Long palpebral fissure"
      },
      "evidence": [
        {
          "evidenceCode": {
            "id": "ECO:0000033",
            "label": "author statement supported by traceable reference"
          },
          "reference": {
            "id": "PMID:30509212",
            "description": "Novel KDM6A splice-site mutation in kabuki syndrome with congenital hydrocephalus: a case report"
          }
        }
      ]
    },
    {
      "type": {
        "id": "HP:0001290",
        "label": "Generalized hypotonia"
      },
      "evidence": [
        {
          "evidenceCode": {
            "id": "ECO:0000033",
            "label": "author statement supported by traceable reference"
          },
          "reference": {
            "id": "PMID:30509212",
            "description": "Novel KDM6A splice-site mutation in kabuki syndrome with congenital hydrocephalus: a case report"
          }
        }
      ]
    }
  ],
  "interpretations": [
    {
      "id": "interpretation-id",
      "progressStatus": "SOLVED",
      "diagnosis": {
        "disease": {
          "id": "OMIM:300867",
          "label": "KABUKI SYNDROME 2; KABUK2"
        },
        "genomicInterpretations": [
          {
            "subjectOrBiosampleId": "3 month old boy",
            "interpretationStatus": "CAUSATIVE",
            "variantInterpretation": {
              "variationDescriptor": {
                "id": "variant-1",
                "geneContext": {
                  "valueId": "NCBIGene:7403",
                  "symbol": "KDM6A"
                },
                "vcfRecord": {
                  "genomeAssembly": "GRCh37",
                  "chrom": "X",
                  "pos": "44833910",
                  "ref": "G",
                  "alt": "T"
                },
                "moleculeContext": "genomic",
                "allelicState": {
                  "id": "GENO:0000134",
                  "label": "hemizygous"
                }
              }
            }
          }
        ]
      }
    }
  ],
  "metaData": {
    "created": "2023-09-20T17:50:15.579185009Z",
    "createdBy": "Hpo Case Annotator : 1.0.14-SNAPSHOT",
    "submittedBy": "HPO:probinson",
    "resources": [
      {
        "id": "hp",
        "name": "human phenotype ontology",
        "url": "http://purl.obolibrary.org/obo/hp.owl",
        "version": "2018-03-08",
        "namespacePrefix": "HP",
        "iriPrefix": "http://purl.obolibrary.org/obo/HP_"
      },
      {
        "id": "pato",
        "name": "Phenotype And Trait Ontology",
        "url": "http://purl.obolibrary.org/obo/pato.owl",
        "version": "2018-03-28",
        "namespacePrefix": "PATO",
        "iriPrefix": "http://purl.obolibrary.org/obo/PATO_"
      },
      {
        "id": "geno",
        "name": "Genotype Ontology",
        "url": "http://purl.obolibrary.org/obo/geno.owl",
        "version": "19-03-2018",
        "namespacePrefix": "GENO",
        "iriPrefix": "http://purl.obolibrary.org/obo/GENO_"
      },
      {
        "id": "eco",
        "name": "Evidence and Conclusion Ontology",
        "url": "http://purl.obolibrary.org/obo/eco.owl",
        "version": "2018-11-10",
        "namespacePrefix": "ECO",
        "iriPrefix": "http://purl.obolibrary.org/obo/ECO_"
      },
      {
        "id": "omim",
        "name": "Online Mendelian Inheritance in Man",
        "url": "https://www.omim.org",
        "version": "n/a",
        "namespacePrefix": "OMIM",
        "iriPrefix": "n/a"
      }
    ],
    "phenopacketSchemaVersion": "2.0"
  }
}
