{
  "id": "PMID:25808063-Dikoglu-2015-LONP1-Patient_1",
  "subject": {
    "id": "Patient 1",
    "timeAtLastEncounter": {
      "age": {
        "iso8601duration": "P3Y"
      }
    },
    "sex": "FEMALE"
  },
  "phenotypicFeatures": [
    {
      "type": {
        "id": "HP:0001263",
        "label": "Global developmental delay"
      },
      "evidence": [
        {
          "evidenceCode": {
            "id": "ECO:0000033",
            "label": "author statement supported by traceable reference"
          },
          "reference": {
            "id": "PMID:25808063",
            "description": "Mutations in LONP1, a mitochondrial matrix protease, cause CODAS syndrome"
          }
        }
      ]
    },
    {
      "type": {
        "id": "HP:0001272",
        "label": "Cerebellar atrophy"
      },
      "evidence": [
        {
          "evidenceCode": {
            "id": "ECO:0000033",
            "label": "author statement supported by traceable reference"
          },
          "reference": {
            "id": "PMID:25808063",
            "description": "Mutations in LONP1, a mitochondrial matrix protease, cause CODAS syndrome"
          }
        }
      ]
    },
    {
      "type": {
        "id": "HP:0008820",
        "label": "Absent ossification of capital femoral epiphysis"
      },
      "evidence": [
        {
          "evidenceCode": {
            "id": "ECO:0000033",
            "label": "author statement supported by traceable reference"
          },
          "reference": {
            "id": "PMID:25808063",
            "description": "Mutations in LONP1, a mitochondrial matrix protease, cause CODAS syndrome"
          }
        }
      ]
    },
    {
      "type": {
        "id": "HP:0001251",
        "label": "Ataxia"
      },
      "evidence": [
        {
          "evidenceCode": {
            "id": "ECO:0000033",
            "label": "author statement supported by traceable reference"
          },
          "reference": {
            "id": "PMID:25808063",
            "description": "Mutations in LONP1, a mitochondrial matrix protease, cause CODAS syndrome"
          }
        }
      ]
    },
    {
      "type": {
        "id": "HP:0000518",
        "label": "Cataract"
      },
      "evidence": [
        {
          "evidenceCode": {
            "id": "ECO:0000033",
            "label": "author statement supported by traceable reference"
          },
          "reference": {
            "id": "PMID:25808063",
            "description": "Mutations in LONP1, a mitochondrial matrix protease, cause CODAS syndrome"
          }
        }
      ]
    },
    {
      "type": {
        "id": "HP:0009901",
        "label": "Crumpled ear"
      },
      "evidence": [
        {
          "evidenceCode": {
            "id": "ECO:0000033",
            "label": "author statement supported by traceable reference"
          },
          "reference": {
            "id": "PMID:25808063",
            "description": "Mutations in LONP1, a mitochondrial matrix protease, cause CODAS syndrome"
          }
        }
      ]
    },
    {
      "type": {
        "id": "HP:0003417",
        "label": "Coronal cleft vertebrae"
      },
      "evidence": [
        {
          "evidenceCode": {
            "id": "ECO:0000033",
            "label": "author statement supported by traceable reference"
          },
          "reference": {
            "id": "PMID:25808063",
            "description": "Mutations in LONP1, a mitochondrial matrix protease, cause CODAS syndrome"
          }
        }
      ]
    },
    {
      "type": {
        "id": "HP:0012368",
        "label": "Flat face"
      },
      "evidence": [
        {
          "evidenceCode": {
            "id": "ECO:0000033",
            "label": "author statement supported by traceable reference"
          },
          "reference": {
            "id": "PMID:25808063",
            "description": "Mutations in LONP1, a mitochondrial matrix protease, cause CODAS syndrome"
          }
        }
      ]
    }
  ],
  "interpretations": [
    {
      "id": "interpretation-id",
      "progressStatus": "SOLVED",
      "diagnosis": {
        "disease": {
          "id": "OMIM:600373",
          "label": "CODAS SYNDROME"
        },
        "genomicInterpretations": [
          {
            "subjectOrBiosampleId": "Patient 1",
            "interpretationStatus": "CAUSATIVE",
            "variantInterpretation": {
              "variationDescriptor": {
                "id": "variant-1",
                "geneContext": {
                  "valueId": "NCBIGene:9361",
                  "symbol": "LONP1"
                },
                "vcfRecord": {
                  "genomeAssembly": "GRCh37",
                  "chrom": "19",
                  "pos": "5694473",
                  "ref": "G",
                  "alt": "A"
                },
                "moleculeContext": "genomic",
                "allelicState": {
                  "id": "GENO:0000135",
                  "label": "heterozygous"
                }
              }
            }
          },
          {
            "subjectOrBiosampleId": "Patient 1",
            "interpretationStatus": "CAUSATIVE",
            "variantInterpretation": {
              "variationDescriptor": {
                "id": "variant-2",
                "geneContext": {
                  "valueId": "NCBIGene:9361",
                  "symbol": "LONP1"
                },
                "vcfRecord": {
                  "genomeAssembly": "GRCh37",
                  "chrom": "19",
                  "pos": "5694418",
                  "ref": "C",
                  "alt": "T"
                },
                "moleculeContext": "genomic",
                "allelicState": {
                  "id": "GENO:0000135",
                  "label": "heterozygous"
                }
              }
            }
          }
        ]
      }
    }
  ],
  "metaData": {
    "created": "2023-09-20T17:50:12.185240983Z",
    "createdBy": "n/a",
    "submittedBy": "HPO:probinson",
    "resources": [
      {
        "id": "hp",
        "name": "human phenotype ontology",
        "url": "http://purl.obolibrary.org/obo/hp.owl",
        "version": "2018-03-08",
        "namespacePrefix": "HP",
        "iriPrefix": "http://purl.obolibrary.org/obo/HP_"
      },
      {
        "id": "pato",
        "name": "Phenotype And Trait Ontology",
        "url": "http://purl.obolibrary.org/obo/pato.owl",
        "version": "2018-03-28",
        "namespacePrefix": "PATO",
        "iriPrefix": "http://purl.obolibrary.org/obo/PATO_"
      },
      {
        "id": "geno",
        "name": "Genotype Ontology",
        "url": "http://purl.obolibrary.org/obo/geno.owl",
        "version": "19-03-2018",
        "namespacePrefix": "GENO",
        "iriPrefix": "http://purl.obolibrary.org/obo/GENO_"
      },
      {
        "id": "eco",
        "name": "Evidence and Conclusion Ontology",
        "url": "http://purl.obolibrary.org/obo/eco.owl",
        "version": "2018-11-10",
        "namespacePrefix": "ECO",
        "iriPrefix": "http://purl.obolibrary.org/obo/ECO_"
      },
      {
        "id": "omim",
        "name": "Online Mendelian Inheritance in Man",
        "url": "https://www.omim.org",
        "version": "n/a",
        "namespacePrefix": "OMIM",
        "iriPrefix": "n/a"
      }
    ],
    "phenopacketSchemaVersion": "2.0"
  }
}