{
  "id": "PMID:28984260-Jagadisan-2017-PYGL-2-year_5-month_old_child",
  "subject": {
    "id": "2-year 5-month old child",
    "timeAtLastEncounter": {
      "age": {
        "iso8601duration": "P2Y5M"
      }
    },
    "sex": "FEMALE"
  },
  "phenotypicFeatures": [
    {
      "type": {
        "id": "HP:0001263",
        "label": "Global developmental delay"
      },
      "evidence": [
        {
          "evidenceCode": {
            "id": "ECO:0000033",
            "label": "author statement supported by traceable reference"
          },
          "reference": {
            "id": "PMID:28984260",
            "description": "Glycogen Storage Disease Type VI With a Novel Mutation in PYGL Gene"
          }
        }
      ]
    },
    {
      "type": {
        "id": "HP:0003270",
        "label": "Abdominal distention"
      },
      "evidence": [
        {
          "evidenceCode": {
            "id": "ECO:0000033",
            "label": "author statement supported by traceable reference"
          },
          "reference": {
            "id": "PMID:28984260",
            "description": "Glycogen Storage Disease Type VI With a Novel Mutation in PYGL Gene"
          }
        }
      ]
    },
    {
      "type": {
        "id": "HP:0001892",
        "label": "Abnormal bleeding"
      },
      "evidence": [
        {
          "evidenceCode": {
            "id": "ECO:0000033",
            "label": "author statement supported by traceable reference"
          },
          "reference": {
            "id": "PMID:28984260",
            "description": "Glycogen Storage Disease Type VI With a Novel Mutation in PYGL Gene"
          }
        }
      ]
    },
    {
      "type": {
        "id": "HP:0001250",
        "label": "Seizure"
      },
      "evidence": [
        {
          "evidenceCode": {
            "id": "ECO:0000033",
            "label": "author statement supported by traceable reference"
          },
          "reference": {
            "id": "PMID:28984260",
            "description": "Glycogen Storage Disease Type VI With a Novel Mutation in PYGL Gene"
          }
        }
      ]
    },
    {
      "type": {
        "id": "HP:0004322",
        "label": "Short stature"
      },
      "evidence": [
        {
          "evidenceCode": {
            "id": "ECO:0000033",
            "label": "author statement supported by traceable reference"
          },
          "reference": {
            "id": "PMID:28984260",
            "description": "Glycogen Storage Disease Type VI With a Novel Mutation in PYGL Gene"
          }
        }
      ]
    },
    {
      "type": {
        "id": "HP:0002910",
        "label": "Elevated hepatic transaminase"
      },
      "evidence": [
        {
          "evidenceCode": {
            "id": "ECO:0000033",
            "label": "author statement supported by traceable reference"
          },
          "reference": {
            "id": "PMID:28984260",
            "description": "Glycogen Storage Disease Type VI With a Novel Mutation in PYGL Gene"
          }
        }
      ]
    },
    {
      "type": {
        "id": "HP:0001945",
        "label": "Fever"
      },
      "evidence": [
        {
          "evidenceCode": {
            "id": "ECO:0000033",
            "label": "author statement supported by traceable reference"
          },
          "reference": {
            "id": "PMID:28984260",
            "description": "Glycogen Storage Disease Type VI With a Novel Mutation in PYGL Gene"
          }
        }
      ]
    },
    {
      "type": {
        "id": "HP:0003124",
        "label": "Hypercholesterolemia"
      },
      "evidence": [
        {
          "evidenceCode": {
            "id": "ECO:0000033",
            "label": "author statement supported by traceable reference"
          },
          "reference": {
            "id": "PMID:28984260",
            "description": "Glycogen Storage Disease Type VI With a Novel Mutation in PYGL Gene"
          }
        }
      ]
    },
    {
      "type": {
        "id": "HP:0002155",
        "label": "Hypertriglyceridemia"
      },
      "evidence": [
        {
          "evidenceCode": {
            "id": "ECO:0000033",
            "label": "author statement supported by traceable reference"
          },
          "reference": {
            "id": "PMID:28984260",
            "description": "Glycogen Storage Disease Type VI With a Novel Mutation in PYGL Gene"
          }
        }
      ]
    },
    {
      "type": {
        "id": "HP:0001531",
        "label": "Failure to thrive in infancy"
      },
      "evidence": [
        {
          "evidenceCode": {
            "id": "ECO:0000033",
            "label": "author statement supported by traceable reference"
          },
          "reference": {
            "id": "PMID:28984260",
            "description": "Glycogen Storage Disease Type VI With a Novel Mutation in PYGL Gene"
          }
        }
      ]
    },
    {
      "type": {
        "id": "HP:0000952",
        "label": "Jaundice"
      },
      "evidence": [
        {
          "evidenceCode": {
            "id": "ECO:0000033",
            "label": "author statement supported by traceable reference"
          },
          "reference": {
            "id": "PMID:28984260",
            "description": "Glycogen Storage Disease Type VI With a Novel Mutation in PYGL Gene"
          }
        }
      ]
    },
    {
      "type": {
        "id": "HP:0001405",
        "label": "Periportal fibrosis"
      },
      "evidence": [
        {
          "evidenceCode": {
            "id": "ECO:0000033",
            "label": "author statement supported by traceable reference"
          },
          "reference": {
            "id": "PMID:28984260",
            "description": "Glycogen Storage Disease Type VI With a Novel Mutation in PYGL Gene"
          }
        }
      ]
    },
    {
      "type": {
        "id": "HP:0002240",
        "label": "Hepatomegaly"
      },
      "evidence": [
        {
          "evidenceCode": {
            "id": "ECO:0000033",
            "label": "author statement supported by traceable reference"
          },
          "reference": {
            "id": "PMID:28984260",
            "description": "Glycogen Storage Disease Type VI With a Novel Mutation in PYGL Gene"
          }
        }
      ]
    },
    {
      "type": {
        "id": "HP:0002013",
        "label": "Vomiting"
      },
      "evidence": [
        {
          "evidenceCode": {
            "id": "ECO:0000033",
            "label": "author statement supported by traceable reference"
          },
          "reference": {
            "id": "PMID:28984260",
            "description": "Glycogen Storage Disease Type VI With a Novel Mutation in PYGL Gene"
          }
        }
      ]
    }
  ],
  "interpretations": [
    {
      "id": "interpretation-id",
      "progressStatus": "SOLVED",
      "diagnosis": {
        "disease": {
          "id": "OMIM:232700",
          "label": "GLYCOGEN STORAGE DISEASE VI; GSD6"
        },
        "genomicInterpretations": [
          {
            "subjectOrBiosampleId": "2-year 5-month old child",
            "interpretationStatus": "CAUSATIVE",
            "variantInterpretation": {
              "variationDescriptor": {
                "id": "variant-1",
                "geneContext": {
                  "valueId": "NCBIGene:5836",
                  "symbol": "PYGL"
                },
                "vcfRecord": {
                  "genomeAssembly": "GRCh37",
                  "chrom": "14",
                  "pos": "51382160",
                  "ref": "C",
                  "alt": "A"
                },
                "moleculeContext": "genomic",
                "allelicState": {
                  "id": "GENO:0000136",
                  "label": "homozygous"
                }
              }
            }
          }
        ]
      }
    }
  ],
  "metaData": {
    "created": "2023-09-20T17:50:12.444530963Z",
    "createdBy": "n/a",
    "submittedBy": "HPO:probinson",
    "resources": [
      {
        "id": "hp",
        "name": "human phenotype ontology",
        "url": "http://purl.obolibrary.org/obo/hp.owl",
        "version": "2018-03-08",
        "namespacePrefix": "HP",
        "iriPrefix": "http://purl.obolibrary.org/obo/HP_"
      },
      {
        "id": "pato",
        "name": "Phenotype And Trait Ontology",
        "url": "http://purl.obolibrary.org/obo/pato.owl",
        "version": "2018-03-28",
        "namespacePrefix": "PATO",
        "iriPrefix": "http://purl.obolibrary.org/obo/PATO_"
      },
      {
        "id": "geno",
        "name": "Genotype Ontology",
        "url": "http://purl.obolibrary.org/obo/geno.owl",
        "version": "19-03-2018",
        "namespacePrefix": "GENO",
        "iriPrefix": "http://purl.obolibrary.org/obo/GENO_"
      },
      {
        "id": "eco",
        "name": "Evidence and Conclusion Ontology",
        "url": "http://purl.obolibrary.org/obo/eco.owl",
        "version": "2018-11-10",
        "namespacePrefix": "ECO",
        "iriPrefix": "http://purl.obolibrary.org/obo/ECO_"
      },
      {
        "id": "omim",
        "name": "Online Mendelian Inheritance in Man",
        "url": "https://www.omim.org",
        "version": "n/a",
        "namespacePrefix": "OMIM",
        "iriPrefix": "n/a"
      }
    ],
    "phenopacketSchemaVersion": "2.0"
  }
}
