{
  "id": "PMID:30808312-Bao-2019-COL6A1-II.1",
  "subject": {
    "id": "II.1",
    "timeAtLastEncounter": {
      "age": {
        "iso8601duration": "P14Y"
      }
    },
    "sex": "MALE"
  },
  "phenotypicFeatures": [
    {
      "type": {
        "id": "HP:0008944",
        "label": "Distal lower limb amyotrophy"
      },
      "evidence": [
        {
          "evidenceCode": {
            "id": "ECO:0000033",
            "label": "author statement supported by traceable reference"
          },
          "reference": {
            "id": "PMID:30808312",
            "description": "COL6A1 mutation leading to Bethlem myopathy with recurrent hematuria: a case report"
          }
        }
      ]
    },
    {
      "type": {
        "id": "HP:0001558",
        "label": "Decreased fetal movement"
      },
      "evidence": [
        {
          "evidenceCode": {
            "id": "ECO:0000033",
            "label": "author statement supported by traceable reference"
          },
          "reference": {
            "id": "PMID:30808312",
            "description": "COL6A1 mutation leading to Bethlem myopathy with recurrent hematuria: a case report"
          }
        }
      ]
    },
    {
      "type": {
        "id": "HP:0000988",
        "label": "Skin rash"
      },
      "evidence": [
        {
          "evidenceCode": {
            "id": "ECO:0000033",
            "label": "author statement supported by traceable reference"
          },
          "reference": {
            "id": "PMID:30808312",
            "description": "COL6A1 mutation leading to Bethlem myopathy with recurrent hematuria: a case report"
          }
        }
      ]
    },
    {
      "type": {
        "id": "HP:0001284",
        "label": "Areflexia"
      },
      "evidence": [
        {
          "evidenceCode": {
            "id": "ECO:0000033",
            "label": "author statement supported by traceable reference"
          },
          "reference": {
            "id": "PMID:30808312",
            "description": "COL6A1 mutation leading to Bethlem myopathy with recurrent hematuria: a case report"
          }
        }
      ]
    },
    {
      "type": {
        "id": "HP:0030051",
        "label": "Tip-toe gait"
      },
      "evidence": [
        {
          "evidenceCode": {
            "id": "ECO:0000033",
            "label": "author statement supported by traceable reference"
          },
          "reference": {
            "id": "PMID:30808312",
            "description": "COL6A1 mutation leading to Bethlem myopathy with recurrent hematuria: a case report"
          }
        }
      ]
    },
    {
      "type": {
        "id": "HP:0040129",
        "label": "Abnormal nerve conduction velocity"
      },
      "evidence": [
        {
          "evidenceCode": {
            "id": "ECO:0000033",
            "label": "author statement supported by traceable reference"
          },
          "reference": {
            "id": "PMID:30808312",
            "description": "COL6A1 mutation leading to Bethlem myopathy with recurrent hematuria: a case report"
          }
        }
      ]
    },
    {
      "type": {
        "id": "HP:0000969",
        "label": "Edema"
      },
      "evidence": [
        {
          "evidenceCode": {
            "id": "ECO:0000033",
            "label": "author statement supported by traceable reference"
          },
          "reference": {
            "id": "PMID:30808312",
            "description": "COL6A1 mutation leading to Bethlem myopathy with recurrent hematuria: a case report"
          }
        }
      ]
    },
    {
      "type": {
        "id": "HP:0001324",
        "label": "Muscle weakness"
      },
      "evidence": [
        {
          "evidenceCode": {
            "id": "ECO:0000033",
            "label": "author statement supported by traceable reference"
          },
          "reference": {
            "id": "PMID:30808312",
            "description": "COL6A1 mutation leading to Bethlem myopathy with recurrent hematuria: a case report"
          }
        }
      ]
    },
    {
      "type": {
        "id": "HP:0000010",
        "label": "Recurrent urinary tract infections"
      },
      "evidence": [
        {
          "evidenceCode": {
            "id": "ECO:0000033",
            "label": "author statement supported by traceable reference"
          },
          "reference": {
            "id": "PMID:30808312",
            "description": "COL6A1 mutation leading to Bethlem myopathy with recurrent hematuria: a case report"
          }
        }
      ]
    },
    {
      "type": {
        "id": "HP:0032152",
        "label": "Keratosis pilaris"
      },
      "evidence": [
        {
          "evidenceCode": {
            "id": "ECO:0000033",
            "label": "author statement supported by traceable reference"
          },
          "reference": {
            "id": "PMID:30808312",
            "description": "COL6A1 mutation leading to Bethlem myopathy with recurrent hematuria: a case report"
          }
        }
      ]
    },
    {
      "type": {
        "id": "HP:0003724",
        "label": "Shoulder girdle muscle atrophy"
      },
      "evidence": [
        {
          "evidenceCode": {
            "id": "ECO:0000033",
            "label": "author statement supported by traceable reference"
          },
          "reference": {
            "id": "PMID:30808312",
            "description": "COL6A1 mutation leading to Bethlem myopathy with recurrent hematuria: a case report"
          }
        }
      ]
    },
    {
      "type": {
        "id": "HP:0012587",
        "label": "Macroscopic hematuria"
      },
      "evidence": [
        {
          "evidenceCode": {
            "id": "ECO:0000033",
            "label": "author statement supported by traceable reference"
          },
          "reference": {
            "id": "PMID:30808312",
            "description": "COL6A1 mutation leading to Bethlem myopathy with recurrent hematuria: a case report"
          }
        }
      ]
    },
    {
      "type": {
        "id": "HP:0003458",
        "label": "EMG: myopathic abnormalities"
      },
      "evidence": [
        {
          "evidenceCode": {
            "id": "ECO:0000033",
            "label": "author statement supported by traceable reference"
          },
          "reference": {
            "id": "PMID:30808312",
            "description": "COL6A1 mutation leading to Bethlem myopathy with recurrent hematuria: a case report"
          }
        }
      ]
    },
    {
      "type": {
        "id": "HP:0002829",
        "label": "Arthralgia"
      },
      "evidence": [
        {
          "evidenceCode": {
            "id": "ECO:0000033",
            "label": "author statement supported by traceable reference"
          },
          "reference": {
            "id": "PMID:30808312",
            "description": "COL6A1 mutation leading to Bethlem myopathy with recurrent hematuria: a case report"
          }
        }
      ]
    },
    {
      "type": {
        "id": "HP:0031910",
        "label": "Abnormal cranial nerve physiology"
      },
      "evidence": [
        {
          "evidenceCode": {
            "id": "ECO:0000033",
            "label": "author statement supported by traceable reference"
          },
          "reference": {
            "id": "PMID:30808312",
            "description": "COL6A1 mutation leading to Bethlem myopathy with recurrent hematuria: a case report"
          }
        }
      ]
    },
    {
      "type": {
        "id": "HP:0003115",
        "label": "Abnormal EKG"
      },
      "evidence": [
        {
          "evidenceCode": {
            "id": "ECO:0000033",
            "label": "author statement supported by traceable reference"
          },
          "reference": {
            "id": "PMID:30808312",
            "description": "COL6A1 mutation leading to Bethlem myopathy with recurrent hematuria: a case report"
          }
        }
      ]
    },
    {
      "type": {
        "id": "HP:0001263",
        "label": "Global developmental delay"
      },
      "evidence": [
        {
          "evidenceCode": {
            "id": "ECO:0000033",
            "label": "author statement supported by traceable reference"
          },
          "reference": {
            "id": "PMID:30808312",
            "description": "COL6A1 mutation leading to Bethlem myopathy with recurrent hematuria: a case report"
          }
        }
      ]
    },
    {
      "type": {
        "id": "HP:0001270",
        "label": "Motor delay"
      },
      "evidence": [
        {
          "evidenceCode": {
            "id": "ECO:0000033",
            "label": "author statement supported by traceable reference"
          },
          "reference": {
            "id": "PMID:30808312",
            "description": "COL6A1 mutation leading to Bethlem myopathy with recurrent hematuria: a case report"
          }
        }
      ]
    },
    {
      "type": {
        "id": "HP:0003687",
        "label": "Centrally nucleated skeletal muscle fibers"
      },
      "evidence": [
        {
          "evidenceCode": {
            "id": "ECO:0000033",
            "label": "author statement supported by traceable reference"
          },
          "reference": {
            "id": "PMID:30808312",
            "description": "COL6A1 mutation leading to Bethlem myopathy with recurrent hematuria: a case report"
          }
        }
      ]
    },
    {
      "type": {
        "id": "HP:0002907",
        "label": "Microscopic hematuria"
      },
      "evidence": [
        {
          "evidenceCode": {
            "id": "ECO:0000033",
            "label": "author statement supported by traceable reference"
          },
          "reference": {
            "id": "PMID:30808312",
            "description": "COL6A1 mutation leading to Bethlem myopathy with recurrent hematuria: a case report"
          }
        }
      ]
    },
    {
      "type": {
        "id": "HP:0000467",
        "label": "Neck muscle weakness"
      },
      "evidence": [
        {
          "evidenceCode": {
            "id": "ECO:0000033",
            "label": "author statement supported by traceable reference"
          },
          "reference": {
            "id": "PMID:30808312",
            "description": "COL6A1 mutation leading to Bethlem myopathy with recurrent hematuria: a case report"
          }
        }
      ]
    }
  ],
  "interpretations": [
    {
      "id": "interpretation-id",
      "progressStatus": "SOLVED",
      "diagnosis": {
        "disease": {
          "id": "OMIM:158810",
          "label": "BETHLEM MYOPATHY 1; BTHLM1"
        },
        "genomicInterpretations": [
          {
            "subjectOrBiosampleId": "II.1",
            "interpretationStatus": "CAUSATIVE",
            "variantInterpretation": {
              "variationDescriptor": {
                "id": "variant-1",
                "geneContext": {
                  "valueId": "NCBIGene:1291",
                  "symbol": "COL6A1"
                },
                "vcfRecord": {
                  "genomeAssembly": "GRCh37",
                  "chrom": "21",
                  "pos": "47409540",
                  "ref": "G",
                  "alt": "A"
                },
                "moleculeContext": "genomic",
                "allelicState": {
                  "id": "GENO:0000135",
                  "label": "heterozygous"
                }
              }
            }
          }
        ]
      }
    }
  ],
  "metaData": {
    "created": "2023-09-20T17:50:11.899325847Z",
    "createdBy": "n/a",
    "submittedBy": "HPO:probinson",
    "resources": [
      {
        "id": "hp",
        "name": "human phenotype ontology",
        "url": "http://purl.obolibrary.org/obo/hp.owl",
        "version": "2018-03-08",
        "namespacePrefix": "HP",
        "iriPrefix": "http://purl.obolibrary.org/obo/HP_"
      },
      {
        "id": "pato",
        "name": "Phenotype And Trait Ontology",
        "url": "http://purl.obolibrary.org/obo/pato.owl",
        "version": "2018-03-28",
        "namespacePrefix": "PATO",
        "iriPrefix": "http://purl.obolibrary.org/obo/PATO_"
      },
      {
        "id": "geno",
        "name": "Genotype Ontology",
        "url": "http://purl.obolibrary.org/obo/geno.owl",
        "version": "19-03-2018",
        "namespacePrefix": "GENO",
        "iriPrefix": "http://purl.obolibrary.org/obo/GENO_"
      },
      {
        "id": "eco",
        "name": "Evidence and Conclusion Ontology",
        "url": "http://purl.obolibrary.org/obo/eco.owl",
        "version": "2018-11-10",
        "namespacePrefix": "ECO",
        "iriPrefix": "http://purl.obolibrary.org/obo/ECO_"
      },
      {
        "id": "omim",
        "name": "Online Mendelian Inheritance in Man",
        "url": "https://www.omim.org",
        "version": "n/a",
        "namespacePrefix": "OMIM",
        "iriPrefix": "n/a"
      }
    ],
    "phenopacketSchemaVersion": "2.0"
  }
}