{
  "id": "PMID:26590883-Savage-2016-FANCI-NCI-309-1",
  "subject": {
    "id": "NCI-309-1",
    "timeAtLastEncounter": {
      "age": {
        "iso8601duration": "P8Y"
      }
    },
    "sex": "FEMALE"
  },
  "phenotypicFeatures": [
    {
      "type": {
        "id": "HP:0002308",
        "label": "Chiari malformation"
      },
      "evidence": [
        {
          "evidenceCode": {
            "id": "ECO:0000033",
            "label": "author statement supported by traceable reference"
          },
          "reference": {
            "id": "PMID:26590883",
            "description": "Novel FANCI mutations in Fanconi anemia with VACTERL association"
          }
        }
      ]
    },
    {
      "type": {
        "id": "HP:0001631",
        "label": "Atrial septal defect"
      },
      "evidence": [
        {
          "evidenceCode": {
            "id": "ECO:0000033",
            "label": "author statement supported by traceable reference"
          },
          "reference": {
            "id": "PMID:26590883",
            "description": "Novel FANCI mutations in Fanconi anemia with VACTERL association"
          }
        }
      ]
    },
    {
      "type": {
        "id": "HP:0040012",
        "label": "Chromosome breakage"
      },
      "evidence": [
        {
          "evidenceCode": {
            "id": "ECO:0000033",
            "label": "author statement supported by traceable reference"
          },
          "reference": {
            "id": "PMID:26590883",
            "description": "Novel FANCI mutations in Fanconi anemia with VACTERL association"
          }
        }
      ]
    },
    {
      "type": {
        "id": "HP:0001629",
        "label": "Ventricular septal defect"
      },
      "evidence": [
        {
          "evidenceCode": {
            "id": "ECO:0000033",
            "label": "author statement supported by traceable reference"
          },
          "reference": {
            "id": "PMID:26590883",
            "description": "Novel FANCI mutations in Fanconi anemia with VACTERL association"
          }
        }
      ]
    },
    {
      "type": {
        "id": "HP:0001643",
        "label": "Patent ductus arteriosus"
      },
      "evidence": [
        {
          "evidenceCode": {
            "id": "ECO:0000033",
            "label": "author statement supported by traceable reference"
          },
          "reference": {
            "id": "PMID:26590883",
            "description": "Novel FANCI mutations in Fanconi anemia with VACTERL association"
          }
        }
      ]
    },
    {
      "type": {
        "id": "HP:0012506",
        "label": "Small pituitary gland"
      },
      "evidence": [
        {
          "evidenceCode": {
            "id": "ECO:0000033",
            "label": "author statement supported by traceable reference"
          },
          "reference": {
            "id": "PMID:26590883",
            "description": "Novel FANCI mutations in Fanconi anemia with VACTERL association"
          }
        }
      ]
    },
    {
      "type": {
        "id": "HP:0009778",
        "label": "Short thumb"
      },
      "evidence": [
        {
          "evidenceCode": {
            "id": "ECO:0000033",
            "label": "author statement supported by traceable reference"
          },
          "reference": {
            "id": "PMID:26590883",
            "description": "Novel FANCI mutations in Fanconi anemia with VACTERL association"
          }
        }
      ]
    },
    {
      "type": {
        "id": "HP:0001875",
        "label": "Neutropenia"
      },
      "evidence": [
        {
          "evidenceCode": {
            "id": "ECO:0000033",
            "label": "author statement supported by traceable reference"
          },
          "reference": {
            "id": "PMID:26590883",
            "description": "Novel FANCI mutations in Fanconi anemia with VACTERL association"
          }
        }
      ]
    },
    {
      "type": {
        "id": "HP:0000325",
        "label": "Triangular face"
      },
      "evidence": [
        {
          "evidenceCode": {
            "id": "ECO:0000033",
            "label": "author statement supported by traceable reference"
          },
          "reference": {
            "id": "PMID:26590883",
            "description": "Novel FANCI mutations in Fanconi anemia with VACTERL association"
          }
        }
      ]
    }
  ],
  "interpretations": [
    {
      "id": "interpretation-id",
      "progressStatus": "SOLVED",
      "diagnosis": {
        "disease": {
          "id": "OMIM:609053",
          "label": "FANCONI ANEMIA, COMPLEMENTATION GROUP I; FANCI"
        },
        "genomicInterpretations": [
          {
            "subjectOrBiosampleId": "NCI-309-1",
            "interpretationStatus": "CAUSATIVE",
            "variantInterpretation": {
              "variationDescriptor": {
                "id": "variant-1",
                "geneContext": {
                  "valueId": "NCBIGene:55215",
                  "symbol": "FANCI"
                },
                "vcfRecord": {
                  "genomeAssembly": "GRCh37",
                  "chrom": "15",
                  "pos": "89817462",
                  "ref": "T",
                  "alt": "C"
                },
                "moleculeContext": "genomic",
                "allelicState": {
                  "id": "GENO:0000135",
                  "label": "heterozygous"
                }
              }
            }
          },
          {
            "subjectOrBiosampleId": "NCI-309-1",
            "interpretationStatus": "CAUSATIVE",
            "variantInterpretation": {
              "variationDescriptor": {
                "id": "variant-2",
                "geneContext": {
                  "valueId": "NCBIGene:55215",
                  "symbol": "FANCI"
                },
                "vcfRecord": {
                  "genomeAssembly": "GRCh37",
                  "chrom": "15",
                  "pos": "89820029",
                  "ref": "TG",
                  "alt": "T"
                },
                "moleculeContext": "genomic",
                "allelicState": {
                  "id": "GENO:0000135",
                  "label": "heterozygous"
                }
              }
            }
          }
        ]
      }
    }
  ],
  "metaData": {
    "created": "2023-09-20T17:50:12.559124946Z",
    "createdBy": "n/a",
    "submittedBy": "HPO:probinson",
    "resources": [
      {
        "id": "hp",
        "name": "human phenotype ontology",
        "url": "http://purl.obolibrary.org/obo/hp.owl",
        "version": "2018-03-08",
        "namespacePrefix": "HP",
        "iriPrefix": "http://purl.obolibrary.org/obo/HP_"
      },
      {
        "id": "pato",
        "name": "Phenotype And Trait Ontology",
        "url": "http://purl.obolibrary.org/obo/pato.owl",
        "version": "2018-03-28",
        "namespacePrefix": "PATO",
        "iriPrefix": "http://purl.obolibrary.org/obo/PATO_"
      },
      {
        "id": "geno",
        "name": "Genotype Ontology",
        "url": "http://purl.obolibrary.org/obo/geno.owl",
        "version": "19-03-2018",
        "namespacePrefix": "GENO",
        "iriPrefix": "http://purl.obolibrary.org/obo/GENO_"
      },
      {
        "id": "eco",
        "name": "Evidence and Conclusion Ontology",
        "url": "http://purl.obolibrary.org/obo/eco.owl",
        "version": "2018-11-10",
        "namespacePrefix": "ECO",
        "iriPrefix": "http://purl.obolibrary.org/obo/ECO_"
      },
      {
        "id": "omim",
        "name": "Online Mendelian Inheritance in Man",
        "url": "https://www.omim.org",
        "version": "n/a",
        "namespacePrefix": "OMIM",
        "iriPrefix": "n/a"
      }
    ],
    "phenopacketSchemaVersion": "2.0"
  }
}