{
  "id": "PMID:18930476-Gonz\u00e1lez-P\u00e9rez-2009-CAV3-I1",
  "subject": {
    "id": "I1",
    "sex": "MALE"
  },
  "phenotypicFeatures": [
    {
      "type": {
        "id": "HP:0008981",
        "label": "Calf muscle hypertrophy"
      },
      "evidence": [
        {
          "evidenceCode": {
            "id": "ECO:0000033",
            "label": "author statement supported by traceable reference"
          },
          "reference": {
            "id": "PMID:18930476",
            "description": "Phenotypic variability in a Spanish family with a Caveolin-3 mutation"
          }
        }
      ]
    },
    {
      "type": {
        "id": "HP:0003128",
        "label": "Lactic acidosis"
      },
      "evidence": [
        {
          "evidenceCode": {
            "id": "ECO:0000033",
            "label": "author statement supported by traceable reference"
          },
          "reference": {
            "id": "PMID:18930476",
            "description": "Phenotypic variability in a Spanish family with a Caveolin-3 mutation"
          }
        }
      ]
    },
    {
      "type": {
        "id": "HP:0003393",
        "label": "Thenar muscle atrophy"
      },
      "evidence": [
        {
          "evidenceCode": {
            "id": "ECO:0000033",
            "label": "author statement supported by traceable reference"
          },
          "reference": {
            "id": "PMID:18930476",
            "description": "Phenotypic variability in a Spanish family with a Caveolin-3 mutation"
          }
        }
      ]
    },
    {
      "type": {
        "id": "HP:0001268",
        "label": "Mental deterioration"
      },
      "evidence": [
        {
          "evidenceCode": {
            "id": "ECO:0000033",
            "label": "author statement supported by traceable reference"
          },
          "reference": {
            "id": "PMID:18930476",
            "description": "Phenotypic variability in a Spanish family with a Caveolin-3 mutation"
          }
        }
      ]
    },
    {
      "type": {
        "id": "HP:0001761",
        "label": "Pes cavus"
      },
      "evidence": [
        {
          "evidenceCode": {
            "id": "ECO:0000033",
            "label": "author statement supported by traceable reference"
          },
          "reference": {
            "id": "PMID:18930476",
            "description": "Phenotypic variability in a Spanish family with a Caveolin-3 mutation"
          }
        }
      ]
    },
    {
      "type": {
        "id": "HP:0003259",
        "label": "Elevated circulating creatinine concentration"
      },
      "evidence": [
        {
          "evidenceCode": {
            "id": "ECO:0000033",
            "label": "author statement supported by traceable reference"
          },
          "reference": {
            "id": "PMID:18930476",
            "description": "Phenotypic variability in a Spanish family with a Caveolin-3 mutation"
          }
        }
      ]
    },
    {
      "type": {
        "id": "HP:0003546",
        "label": "Exercise intolerance"
      },
      "evidence": [
        {
          "evidenceCode": {
            "id": "ECO:0000033",
            "label": "author statement supported by traceable reference"
          },
          "reference": {
            "id": "PMID:18930476",
            "description": "Phenotypic variability in a Spanish family with a Caveolin-3 mutation"
          }
        }
      ]
    },
    {
      "type": {
        "id": "HP:0004305",
        "label": "Involuntary movements"
      },
      "evidence": [
        {
          "evidenceCode": {
            "id": "ECO:0000033",
            "label": "author statement supported by traceable reference"
          },
          "reference": {
            "id": "PMID:18930476",
            "description": "Phenotypic variability in a Spanish family with a Caveolin-3 mutation"
          }
        }
      ]
    },
    {
      "type": {
        "id": "HP:0003394",
        "label": "Muscle spasm"
      },
      "evidence": [
        {
          "evidenceCode": {
            "id": "ECO:0000033",
            "label": "author statement supported by traceable reference"
          },
          "reference": {
            "id": "PMID:18930476",
            "description": "Phenotypic variability in a Spanish family with a Caveolin-3 mutation"
          }
        }
      ]
    },
    {
      "type": {
        "id": "HP:0008954",
        "label": "Intrinsic hand muscle atrophy"
      },
      "evidence": [
        {
          "evidenceCode": {
            "id": "ECO:0000033",
            "label": "author statement supported by traceable reference"
          },
          "reference": {
            "id": "PMID:18930476",
            "description": "Phenotypic variability in a Spanish family with a Caveolin-3 mutation"
          }
        }
      ]
    },
    {
      "type": {
        "id": "HP:0003326",
        "label": "Myalgia"
      },
      "evidence": [
        {
          "evidenceCode": {
            "id": "ECO:0000033",
            "label": "author statement supported by traceable reference"
          },
          "reference": {
            "id": "PMID:18930476",
            "description": "Phenotypic variability in a Spanish family with a Caveolin-3 mutation"
          }
        }
      ]
    },
    {
      "type": {
        "id": "HP:0012378",
        "label": "Fatigue"
      },
      "evidence": [
        {
          "evidenceCode": {
            "id": "ECO:0000033",
            "label": "author statement supported by traceable reference"
          },
          "reference": {
            "id": "PMID:18930476",
            "description": "Phenotypic variability in a Spanish family with a Caveolin-3 mutation"
          }
        }
      ]
    },
    {
      "type": {
        "id": "HP:0031177",
        "label": "Finger flexor weakness"
      },
      "evidence": [
        {
          "evidenceCode": {
            "id": "ECO:0000033",
            "label": "author statement supported by traceable reference"
          },
          "reference": {
            "id": "PMID:18930476",
            "description": "Phenotypic variability in a Spanish family with a Caveolin-3 mutation"
          }
        }
      ]
    },
    {
      "type": {
        "id": "HP:0003760",
        "label": "Percussion-induced rapid rolling muscle contractions"
      },
      "evidence": [
        {
          "evidenceCode": {
            "id": "ECO:0000033",
            "label": "author statement supported by traceable reference"
          },
          "reference": {
            "id": "PMID:18930476",
            "description": "Phenotypic variability in a Spanish family with a Caveolin-3 mutation"
          }
        }
      ]
    },
    {
      "type": {
        "id": "HP:0009130",
        "label": "Hand muscle atrophy"
      },
      "evidence": [
        {
          "evidenceCode": {
            "id": "ECO:0000033",
            "label": "author statement supported by traceable reference"
          },
          "reference": {
            "id": "PMID:18930476",
            "description": "Phenotypic variability in a Spanish family with a Caveolin-3 mutation"
          }
        }
      ]
    },
    {
      "type": {
        "id": "HP:0008959",
        "label": "Distal upper limb muscle weakness"
      },
      "evidence": [
        {
          "evidenceCode": {
            "id": "ECO:0000033",
            "label": "author statement supported by traceable reference"
          },
          "reference": {
            "id": "PMID:18930476",
            "description": "Phenotypic variability in a Spanish family with a Caveolin-3 mutation"
          }
        }
      ]
    }
  ],
  "interpretations": [
    {
      "id": "interpretation-id",
      "progressStatus": "SOLVED",
      "diagnosis": {
        "disease": {
          "id": "OMIM:614321",
          "label": "MYOPATHY, DISTAL, TATEYAMA TYPE; MPDT"
        },
        "genomicInterpretations": [
          {
            "subjectOrBiosampleId": "I1",
            "interpretationStatus": "CAUSATIVE",
            "variantInterpretation": {
              "variationDescriptor": {
                "id": "variant-1",
                "geneContext": {
                  "valueId": "NCBIGene:859",
                  "symbol": "CAV3"
                },
                "vcfRecord": {
                  "genomeAssembly": "GRCh37",
                  "chrom": "3",
                  "pos": "8775642",
                  "ref": "G",
                  "alt": "A"
                },
                "moleculeContext": "genomic",
                "allelicState": {
                  "id": "GENO:0000135",
                  "label": "heterozygous"
                }
              }
            }
          }
        ]
      }
    }
  ],
  "metaData": {
    "created": "2023-09-20T17:50:12.168783903Z",
    "createdBy": "n/a",
    "submittedBy": "HPO:lccarmody",
    "resources": [
      {
        "id": "hp",
        "name": "human phenotype ontology",
        "url": "http://purl.obolibrary.org/obo/hp.owl",
        "version": "2018-03-08",
        "namespacePrefix": "HP",
        "iriPrefix": "http://purl.obolibrary.org/obo/HP_"
      },
      {
        "id": "pato",
        "name": "Phenotype And Trait Ontology",
        "url": "http://purl.obolibrary.org/obo/pato.owl",
        "version": "2018-03-28",
        "namespacePrefix": "PATO",
        "iriPrefix": "http://purl.obolibrary.org/obo/PATO_"
      },
      {
        "id": "geno",
        "name": "Genotype Ontology",
        "url": "http://purl.obolibrary.org/obo/geno.owl",
        "version": "19-03-2018",
        "namespacePrefix": "GENO",
        "iriPrefix": "http://purl.obolibrary.org/obo/GENO_"
      },
      {
        "id": "eco",
        "name": "Evidence and Conclusion Ontology",
        "url": "http://purl.obolibrary.org/obo/eco.owl",
        "version": "2018-11-10",
        "namespacePrefix": "ECO",
        "iriPrefix": "http://purl.obolibrary.org/obo/ECO_"
      },
      {
        "id": "omim",
        "name": "Online Mendelian Inheritance in Man",
        "url": "https://www.omim.org",
        "version": "n/a",
        "namespacePrefix": "OMIM",
        "iriPrefix": "n/a"
      }
    ],
    "phenopacketSchemaVersion": "2.0"
  }
}