{
  "id": "PMID:16636245-Takagi-2006-WNK1-Patient",
  "subject": {
    "id": "Patient",
    "sex": "MALE"
  },
  "phenotypicFeatures": [
    {
      "type": {
        "id": "HP:0001265",
        "label": "Hyporeflexia"
      },
      "evidence": [
        {
          "evidenceCode": {
            "id": "ECO:0000033",
            "label": "author statement supported by traceable reference"
          },
          "reference": {
            "id": "PMID:16636245",
            "description": "New HSN2 mutation in Japanese patient with hereditary sensory and autonomic neuropathy type 2"
          }
        }
      ]
    },
    {
      "type": {
        "id": "HP:0003400",
        "label": "Basal lamina onion bulb formation"
      },
      "evidence": [
        {
          "evidenceCode": {
            "id": "ECO:0000033",
            "label": "author statement supported by traceable reference"
          },
          "reference": {
            "id": "PMID:16636245",
            "description": "New HSN2 mutation in Japanese patient with hereditary sensory and autonomic neuropathy type 2"
          }
        }
      ]
    },
    {
      "type": {
        "id": "HP:0031860",
        "label": "Abnormal heart rate variability"
      },
      "evidence": [
        {
          "evidenceCode": {
            "id": "ECO:0000033",
            "label": "author statement supported by traceable reference"
          },
          "reference": {
            "id": "PMID:16636245",
            "description": "New HSN2 mutation in Japanese patient with hereditary sensory and autonomic neuropathy type 2"
          }
        }
      ]
    },
    {
      "type": {
        "id": "HP:0005406",
        "label": "Recurrent bacterial skin infections"
      },
      "evidence": [
        {
          "evidenceCode": {
            "id": "ECO:0000033",
            "label": "author statement supported by traceable reference"
          },
          "reference": {
            "id": "PMID:16636245",
            "description": "New HSN2 mutation in Japanese patient with hereditary sensory and autonomic neuropathy type 2"
          }
        }
      ]
    },
    {
      "type": {
        "id": "HP:0007021",
        "label": "Pain insensitivity"
      },
      "evidence": [
        {
          "evidenceCode": {
            "id": "ECO:0000033",
            "label": "author statement supported by traceable reference"
          },
          "reference": {
            "id": "PMID:16636245",
            "description": "New HSN2 mutation in Japanese patient with hereditary sensory and autonomic neuropathy type 2"
          }
        }
      ]
    },
    {
      "type": {
        "id": "HP:0011096",
        "label": "Peripheral demyelination"
      },
      "evidence": [
        {
          "evidenceCode": {
            "id": "ECO:0000033",
            "label": "author statement supported by traceable reference"
          },
          "reference": {
            "id": "PMID:16636245",
            "description": "New HSN2 mutation in Japanese patient with hereditary sensory and autonomic neuropathy type 2"
          }
        }
      ]
    },
    {
      "type": {
        "id": "HP:0030972",
        "label": "Abnormal systemic blood pressure"
      },
      "evidence": [
        {
          "evidenceCode": {
            "id": "ECO:0000033",
            "label": "author statement supported by traceable reference"
          },
          "reference": {
            "id": "PMID:16636245",
            "description": "New HSN2 mutation in Japanese patient with hereditary sensory and autonomic neuropathy type 2"
          }
        }
      ]
    },
    {
      "type": {
        "id": "HP:0003380",
        "label": "Decreased number of peripheral myelinated nerve fibers"
      },
      "evidence": [
        {
          "evidenceCode": {
            "id": "ECO:0000033",
            "label": "author statement supported by traceable reference"
          },
          "reference": {
            "id": "PMID:16636245",
            "description": "New HSN2 mutation in Japanese patient with hereditary sensory and autonomic neuropathy type 2"
          }
        }
      ]
    },
    {
      "type": {
        "id": "HP:0001265",
        "label": "Hyporeflexia"
      },
      "evidence": [
        {
          "evidenceCode": {
            "id": "ECO:0000033",
            "label": "author statement supported by traceable reference"
          },
          "reference": {
            "id": "PMID:16636245",
            "description": "New HSN2 mutation in Japanese patient with hereditary sensory and autonomic neuropathy type 2"
          }
        }
      ]
    },
    {
      "type": {
        "id": "HP:0040132",
        "label": "Abnormal sensory nerve conduction velocity"
      },
      "evidence": [
        {
          "evidenceCode": {
            "id": "ECO:0000033",
            "label": "author statement supported by traceable reference"
          },
          "reference": {
            "id": "PMID:16636245",
            "description": "New HSN2 mutation in Japanese patient with hereditary sensory and autonomic neuropathy type 2"
          }
        }
      ]
    },
    {
      "type": {
        "id": "HP:0031917",
        "label": "Digital ulcer"
      },
      "evidence": [
        {
          "evidenceCode": {
            "id": "ECO:0000033",
            "label": "author statement supported by traceable reference"
          },
          "reference": {
            "id": "PMID:16636245",
            "description": "New HSN2 mutation in Japanese patient with hereditary sensory and autonomic neuropathy type 2"
          }
        }
      ]
    },
    {
      "type": {
        "id": "HP:0012332",
        "label": "Abnormal autonomic nervous system physiology"
      },
      "evidence": [
        {
          "evidenceCode": {
            "id": "ECO:0000033",
            "label": "author statement supported by traceable reference"
          },
          "reference": {
            "id": "PMID:16636245",
            "description": "New HSN2 mutation in Japanese patient with hereditary sensory and autonomic neuropathy type 2"
          }
        }
      ]
    },
    {
      "type": {
        "id": "HP:0001271",
        "label": "Polyneuropathy"
      },
      "evidence": [
        {
          "evidenceCode": {
            "id": "ECO:0000033",
            "label": "author statement supported by traceable reference"
          },
          "reference": {
            "id": "PMID:16636245",
            "description": "New HSN2 mutation in Japanese patient with hereditary sensory and autonomic neuropathy type 2"
          }
        }
      ]
    }
  ],
  "interpretations": [
    {
      "id": "interpretation-id",
      "progressStatus": "SOLVED",
      "diagnosis": {
        "disease": {
          "id": "OMIM:201300",
          "label": "NEUROPATHY, HEREDITARY SENSORY AND AUTONOMIC, TYPE IIA; HSAN2A"
        },
        "genomicInterpretations": [
          {
            "subjectOrBiosampleId": "Patient",
            "interpretationStatus": "CAUSATIVE",
            "variantInterpretation": {
              "variationDescriptor": {
                "id": "variant-1",
                "geneContext": {
                  "valueId": "NCBIGene:65125",
                  "symbol": "WNK1"
                },
                "vcfRecord": {
                  "genomeAssembly": "GRCh37",
                  "chrom": "12",
                  "pos": "977212",
                  "ref": "C",
                  "alt": "T"
                },
                "moleculeContext": "genomic",
                "allelicState": {
                  "id": "GENO:0000135",
                  "label": "heterozygous"
                }
              }
            }
          },
          {
            "subjectOrBiosampleId": "Patient",
            "interpretationStatus": "CAUSATIVE",
            "variantInterpretation": {
              "variationDescriptor": {
                "id": "variant-2",
                "geneContext": {
                  "valueId": "NCBIGene:65125",
                  "symbol": "WNK1"
                },
                "vcfRecord": {
                  "genomeAssembly": "GRCh37",
                  "chrom": "12",
                  "pos": "936408",
                  "ref": "C",
                  "alt": "CT"
                },
                "moleculeContext": "genomic",
                "allelicState": {
                  "id": "GENO:0000135",
                  "label": "heterozygous"
                }
              }
            }
          }
        ]
      }
    }
  ],
  "metaData": {
    "created": "2023-09-20T17:50:14.063006877Z",
    "createdBy": "n/a",
    "submittedBy": "HPO:lccarmody",
    "resources": [
      {
        "id": "hp",
        "name": "human phenotype ontology",
        "url": "http://purl.obolibrary.org/obo/hp.owl",
        "version": "2018-03-08",
        "namespacePrefix": "HP",
        "iriPrefix": "http://purl.obolibrary.org/obo/HP_"
      },
      {
        "id": "pato",
        "name": "Phenotype And Trait Ontology",
        "url": "http://purl.obolibrary.org/obo/pato.owl",
        "version": "2018-03-28",
        "namespacePrefix": "PATO",
        "iriPrefix": "http://purl.obolibrary.org/obo/PATO_"
      },
      {
        "id": "geno",
        "name": "Genotype Ontology",
        "url": "http://purl.obolibrary.org/obo/geno.owl",
        "version": "19-03-2018",
        "namespacePrefix": "GENO",
        "iriPrefix": "http://purl.obolibrary.org/obo/GENO_"
      },
      {
        "id": "eco",
        "name": "Evidence and Conclusion Ontology",
        "url": "http://purl.obolibrary.org/obo/eco.owl",
        "version": "2018-11-10",
        "namespacePrefix": "ECO",
        "iriPrefix": "http://purl.obolibrary.org/obo/ECO_"
      },
      {
        "id": "omim",
        "name": "Online Mendelian Inheritance in Man",
        "url": "https://www.omim.org",
        "version": "n/a",
        "namespacePrefix": "OMIM",
        "iriPrefix": "n/a"
      }
    ],
    "phenopacketSchemaVersion": "2.0"
  }
}