{
  "id": "PMID:28575651-Chelban-2017-NKX6-2-IV-6",
  "subject": {
    "id": "IV-6",
    "timeAtLastEncounter": {
      "age": {
        "iso8601duration": "P6Y"
      }
    },
    "sex": "FEMALE"
  },
  "phenotypicFeatures": [
    {
      "type": {
        "id": "HP:0001257",
        "label": "Spasticity"
      },
      "evidence": [
        {
          "evidenceCode": {
            "id": "ECO:0000033",
            "label": "author statement supported by traceable reference"
          },
          "reference": {
            "id": "PMID:28575651",
            "description": "Mutations in NKX6-2 Cause Progressive Spastic Ataxia and Hypomyelination"
          }
        }
      ]
    },
    {
      "type": {
        "id": "HP:0000639",
        "label": "Nystagmus"
      },
      "evidence": [
        {
          "evidenceCode": {
            "id": "ECO:0000033",
            "label": "author statement supported by traceable reference"
          },
          "reference": {
            "id": "PMID:28575651",
            "description": "Mutations in NKX6-2 Cause Progressive Spastic Ataxia and Hypomyelination"
          }
        }
      ]
    },
    {
      "type": {
        "id": "HP:0012736",
        "label": "Profound global developmental delay"
      },
      "evidence": [
        {
          "evidenceCode": {
            "id": "ECO:0000033",
            "label": "author statement supported by traceable reference"
          },
          "reference": {
            "id": "PMID:28575651",
            "description": "Mutations in NKX6-2 Cause Progressive Spastic Ataxia and Hypomyelination"
          }
        }
      ]
    },
    {
      "type": {
        "id": "HP:0001252",
        "label": "Hypotonia"
      },
      "evidence": [
        {
          "evidenceCode": {
            "id": "ECO:0000033",
            "label": "author statement supported by traceable reference"
          },
          "reference": {
            "id": "PMID:28575651",
            "description": "Mutations in NKX6-2 Cause Progressive Spastic Ataxia and Hypomyelination"
          }
        }
      ]
    }
  ],
  "interpretations": [
    {
      "id": "interpretation-id",
      "progressStatus": "SOLVED",
      "diagnosis": {
        "disease": {
          "id": "OMIM:617560",
          "label": "Spastic ataxia 8, autosomal recessive, with hypomyelinating leukodystrophy"
        },
        "genomicInterpretations": [
          {
            "subjectOrBiosampleId": "IV-6",
            "interpretationStatus": "CAUSATIVE",
            "variantInterpretation": {
              "variationDescriptor": {
                "id": "variant-1",
                "geneContext": {
                  "valueId": "NCBIGene:84504",
                  "symbol": "NKX6-2"
                },
                "vcfRecord": {
                  "genomeAssembly": "GRCh37",
                  "chrom": "10",
                  "pos": "134598876",
                  "ref": "G",
                  "alt": "C"
                },
                "moleculeContext": "genomic",
                "allelicState": {
                  "id": "GENO:0000136",
                  "label": "homozygous"
                }
              }
            }
          }
        ]
      }
    }
  ],
  "metaData": {
    "created": "2023-09-20T17:50:12.714736938Z",
    "createdBy": "Hpo Case Annotator : 1.0.14-SNAPSHOT",
    "submittedBy": "UNC:biocuration",
    "resources": [
      {
        "id": "hp",
        "name": "human phenotype ontology",
        "url": "http://purl.obolibrary.org/obo/hp.owl",
        "version": "2018-03-08",
        "namespacePrefix": "HP",
        "iriPrefix": "http://purl.obolibrary.org/obo/HP_"
      },
      {
        "id": "pato",
        "name": "Phenotype And Trait Ontology",
        "url": "http://purl.obolibrary.org/obo/pato.owl",
        "version": "2018-03-28",
        "namespacePrefix": "PATO",
        "iriPrefix": "http://purl.obolibrary.org/obo/PATO_"
      },
      {
        "id": "geno",
        "name": "Genotype Ontology",
        "url": "http://purl.obolibrary.org/obo/geno.owl",
        "version": "19-03-2018",
        "namespacePrefix": "GENO",
        "iriPrefix": "http://purl.obolibrary.org/obo/GENO_"
      },
      {
        "id": "eco",
        "name": "Evidence and Conclusion Ontology",
        "url": "http://purl.obolibrary.org/obo/eco.owl",
        "version": "2018-11-10",
        "namespacePrefix": "ECO",
        "iriPrefix": "http://purl.obolibrary.org/obo/ECO_"
      },
      {
        "id": "omim",
        "name": "Online Mendelian Inheritance in Man",
        "url": "https://www.omim.org",
        "version": "n/a",
        "namespacePrefix": "OMIM",
        "iriPrefix": "n/a"
      }
    ],
    "phenopacketSchemaVersion": "2.0"
  }
}