{
  "id": "PMID:29149870-Rejeb-2017-VPS13B-proposita",
  "subject": {
    "id": "proposita",
    "timeAtLastEncounter": {
      "age": {
        "iso8601duration": "P12Y"
      }
    },
    "sex": "FEMALE"
  },
  "phenotypicFeatures": [
    {
      "type": {
        "id": "HP:0000580",
        "label": "Pigmentary retinopathy"
      },
      "evidence": [
        {
          "evidenceCode": {
            "id": "ECO:0000033",
            "label": "author statement supported by traceable reference"
          },
          "reference": {
            "id": "PMID:29149870",
            "description": "First case report of Cohen syndrome in the Tunisian population caused by VPS13B mutations"
          }
        }
      ]
    },
    {
      "type": {
        "id": "HP:0004322",
        "label": "Short stature"
      },
      "evidence": [
        {
          "evidenceCode": {
            "id": "ECO:0000033",
            "label": "author statement supported by traceable reference"
          },
          "reference": {
            "id": "PMID:29149870",
            "description": "First case report of Cohen syndrome in the Tunisian population caused by VPS13B mutations"
          }
        }
      ]
    },
    {
      "type": {
        "id": "HP:0001382",
        "label": "Joint hypermobility"
      },
      "evidence": [
        {
          "evidenceCode": {
            "id": "ECO:0000033",
            "label": "author statement supported by traceable reference"
          },
          "reference": {
            "id": "PMID:29149870",
            "description": "First case report of Cohen syndrome in the Tunisian population caused by VPS13B mutations"
          }
        }
      ]
    },
    {
      "type": {
        "id": "HP:0001182",
        "label": "Tapered finger"
      },
      "evidence": [
        {
          "evidenceCode": {
            "id": "ECO:0000033",
            "label": "author statement supported by traceable reference"
          },
          "reference": {
            "id": "PMID:29149870",
            "description": "First case report of Cohen syndrome in the Tunisian population caused by VPS13B mutations"
          }
        }
      ]
    },
    {
      "type": {
        "id": "HP:0000322",
        "label": "Short philtrum"
      },
      "evidence": [
        {
          "evidenceCode": {
            "id": "ECO:0000033",
            "label": "author statement supported by traceable reference"
          },
          "reference": {
            "id": "PMID:29149870",
            "description": "First case report of Cohen syndrome in the Tunisian population caused by VPS13B mutations"
          }
        }
      ]
    },
    {
      "type": {
        "id": "HP:0000574",
        "label": "Thick eyebrow"
      },
      "evidence": [
        {
          "evidenceCode": {
            "id": "ECO:0000033",
            "label": "author statement supported by traceable reference"
          },
          "reference": {
            "id": "PMID:29149870",
            "description": "First case report of Cohen syndrome in the Tunisian population caused by VPS13B mutations"
          }
        }
      ]
    },
    {
      "type": {
        "id": "HP:0000253",
        "label": "Progressive microcephaly"
      },
      "evidence": [
        {
          "evidenceCode": {
            "id": "ECO:0000033",
            "label": "author statement supported by traceable reference"
          },
          "reference": {
            "id": "PMID:29149870",
            "description": "First case report of Cohen syndrome in the Tunisian population caused by VPS13B mutations"
          }
        }
      ]
    },
    {
      "type": {
        "id": "HP:0100874",
        "label": "Thick hair"
      },
      "evidence": [
        {
          "evidenceCode": {
            "id": "ECO:0000033",
            "label": "author statement supported by traceable reference"
          },
          "reference": {
            "id": "PMID:29149870",
            "description": "First case report of Cohen syndrome in the Tunisian population caused by VPS13B mutations"
          }
        }
      ]
    },
    {
      "type": {
        "id": "HP:0002033",
        "label": "Poor suck"
      },
      "evidence": [
        {
          "evidenceCode": {
            "id": "ECO:0000033",
            "label": "author statement supported by traceable reference"
          },
          "reference": {
            "id": "PMID:29149870",
            "description": "First case report of Cohen syndrome in the Tunisian population caused by VPS13B mutations"
          }
        }
      ]
    },
    {
      "type": {
        "id": "HP:0001263",
        "label": "Global developmental delay"
      },
      "evidence": [
        {
          "evidenceCode": {
            "id": "ECO:0000033",
            "label": "author statement supported by traceable reference"
          },
          "reference": {
            "id": "PMID:29149870",
            "description": "First case report of Cohen syndrome in the Tunisian population caused by VPS13B mutations"
          }
        }
      ]
    },
    {
      "type": {
        "id": "HP:0012471",
        "label": "Thick vermilion border"
      },
      "evidence": [
        {
          "evidenceCode": {
            "id": "ECO:0000033",
            "label": "author statement supported by traceable reference"
          },
          "reference": {
            "id": "PMID:29149870",
            "description": "First case report of Cohen syndrome in the Tunisian population caused by VPS13B mutations"
          }
        }
      ]
    },
    {
      "type": {
        "id": "HP:0001510",
        "label": "Growth delay"
      },
      "evidence": [
        {
          "evidenceCode": {
            "id": "ECO:0000033",
            "label": "author statement supported by traceable reference"
          },
          "reference": {
            "id": "PMID:29149870",
            "description": "First case report of Cohen syndrome in the Tunisian population caused by VPS13B mutations"
          }
        }
      ]
    },
    {
      "type": {
        "id": "HP:0001290",
        "label": "Generalized hypotonia"
      },
      "evidence": [
        {
          "evidenceCode": {
            "id": "ECO:0000033",
            "label": "author statement supported by traceable reference"
          },
          "reference": {
            "id": "PMID:29149870",
            "description": "First case report of Cohen syndrome in the Tunisian population caused by VPS13B mutations"
          }
        }
      ]
    },
    {
      "type": {
        "id": "HP:0002363",
        "label": "Abnormal brainstem morphology"
      },
      "evidence": [
        {
          "evidenceCode": {
            "id": "ECO:0000033",
            "label": "author statement supported by traceable reference"
          },
          "reference": {
            "id": "PMID:29149870",
            "description": "First case report of Cohen syndrome in the Tunisian population caused by VPS13B mutations"
          }
        }
      ]
    },
    {
      "type": {
        "id": "HP:0001956",
        "label": "Truncal obesity"
      },
      "evidence": [
        {
          "evidenceCode": {
            "id": "ECO:0000033",
            "label": "author statement supported by traceable reference"
          },
          "reference": {
            "id": "PMID:29149870",
            "description": "First case report of Cohen syndrome in the Tunisian population caused by VPS13B mutations"
          }
        }
      ]
    },
    {
      "type": {
        "id": "HP:0007074",
        "label": "Thick corpus callosum"
      },
      "evidence": [
        {
          "evidenceCode": {
            "id": "ECO:0000033",
            "label": "author statement supported by traceable reference"
          },
          "reference": {
            "id": "PMID:29149870",
            "description": "First case report of Cohen syndrome in the Tunisian population caused by VPS13B mutations"
          }
        }
      ]
    },
    {
      "type": {
        "id": "HP:0000486",
        "label": "Strabismus"
      },
      "evidence": [
        {
          "evidenceCode": {
            "id": "ECO:0000033",
            "label": "author statement supported by traceable reference"
          },
          "reference": {
            "id": "PMID:29149870",
            "description": "First case report of Cohen syndrome in the Tunisian population caused by VPS13B mutations"
          }
        }
      ]
    },
    {
      "type": {
        "id": "HP:0001317",
        "label": "Abnormal cerebellum morphology"
      },
      "evidence": [
        {
          "evidenceCode": {
            "id": "ECO:0000033",
            "label": "author statement supported by traceable reference"
          },
          "reference": {
            "id": "PMID:29149870",
            "description": "First case report of Cohen syndrome in the Tunisian population caused by VPS13B mutations"
          }
        }
      ]
    }
  ],
  "interpretations": [
    {
      "id": "interpretation-id",
      "progressStatus": "SOLVED",
      "diagnosis": {
        "disease": {
          "id": "OMIM:216550",
          "label": "COHEN SYNDROME; COH1"
        },
        "genomicInterpretations": [
          {
            "subjectOrBiosampleId": "proposita",
            "interpretationStatus": "CAUSATIVE",
            "variantInterpretation": {
              "variationDescriptor": {
                "id": "variant-1",
                "geneContext": {
                  "valueId": "NCBIGene:157680",
                  "symbol": "VPS13B"
                },
                "vcfRecord": {
                  "genomeAssembly": "GRCh37",
                  "chrom": "8",
                  "pos": "100479777",
                  "ref": "CT",
                  "alt": "C"
                },
                "moleculeContext": "genomic",
                "allelicState": {
                  "id": "GENO:0000135",
                  "label": "heterozygous"
                }
              }
            }
          },
          {
            "subjectOrBiosampleId": "proposita",
            "interpretationStatus": "CAUSATIVE",
            "variantInterpretation": {
              "variationDescriptor": {
                "id": "variant-2",
                "geneContext": {
                  "valueId": "NCBIGene:157680",
                  "symbol": "VPS13B"
                },
                "vcfRecord": {
                  "genomeAssembly": "GRCh37",
                  "chrom": "8",
                  "pos": "100712000",
                  "ref": "CAT",
                  "alt": "C"
                },
                "moleculeContext": "genomic",
                "allelicState": {
                  "id": "GENO:0000135",
                  "label": "heterozygous"
                }
              }
            }
          }
        ]
      }
    }
  ],
  "metaData": {
    "created": "2023-09-20T17:50:15.742736816Z",
    "createdBy": "Hpo Case Annotator : 1.0.13-SNAPSHOT",
    "submittedBy": "HPO:probinson",
    "resources": [
      {
        "id": "hp",
        "name": "human phenotype ontology",
        "url": "http://purl.obolibrary.org/obo/hp.owl",
        "version": "2018-03-08",
        "namespacePrefix": "HP",
        "iriPrefix": "http://purl.obolibrary.org/obo/HP_"
      },
      {
        "id": "pato",
        "name": "Phenotype And Trait Ontology",
        "url": "http://purl.obolibrary.org/obo/pato.owl",
        "version": "2018-03-28",
        "namespacePrefix": "PATO",
        "iriPrefix": "http://purl.obolibrary.org/obo/PATO_"
      },
      {
        "id": "geno",
        "name": "Genotype Ontology",
        "url": "http://purl.obolibrary.org/obo/geno.owl",
        "version": "19-03-2018",
        "namespacePrefix": "GENO",
        "iriPrefix": "http://purl.obolibrary.org/obo/GENO_"
      },
      {
        "id": "eco",
        "name": "Evidence and Conclusion Ontology",
        "url": "http://purl.obolibrary.org/obo/eco.owl",
        "version": "2018-11-10",
        "namespacePrefix": "ECO",
        "iriPrefix": "http://purl.obolibrary.org/obo/ECO_"
      },
      {
        "id": "omim",
        "name": "Online Mendelian Inheritance in Man",
        "url": "https://www.omim.org",
        "version": "n/a",
        "namespacePrefix": "OMIM",
        "iriPrefix": "n/a"
      }
    ],
    "phenopacketSchemaVersion": "2.0"
  }
}