{
  "id": "PMID:26911354-Lv-2016-TMEM38B-family2-patient2",
  "subject": {
    "id": "family2-patient2",
    "timeAtLastEncounter": {
      "age": {
        "iso8601duration": "P8Y"
      }
    },
    "sex": "MALE"
  },
  "phenotypicFeatures": [
    {
      "type": {
        "id": "HP:0002753",
        "label": "Thin bony cortex"
      },
      "evidence": [
        {
          "evidenceCode": {
            "id": "ECO:0000033",
            "label": "author statement supported by traceable reference"
          },
          "reference": {
            "id": "PMID:26911354",
            "description": "Two novel mutations in TMEM38B result in rare autosomal recessive osteogenesis imperfecta"
          }
        }
      ]
    },
    {
      "type": {
        "id": "HP:0031846",
        "label": "Femur fracture"
      },
      "evidence": [
        {
          "evidenceCode": {
            "id": "ECO:0000033",
            "label": "author statement supported by traceable reference"
          },
          "reference": {
            "id": "PMID:26911354",
            "description": "Two novel mutations in TMEM38B result in rare autosomal recessive osteogenesis imperfecta"
          }
        }
      ]
    },
    {
      "type": {
        "id": "HP:0002953",
        "label": "Vertebral compression fracture"
      },
      "evidence": [
        {
          "evidenceCode": {
            "id": "ECO:0000033",
            "label": "author statement supported by traceable reference"
          },
          "reference": {
            "id": "PMID:26911354",
            "description": "Two novel mutations in TMEM38B result in rare autosomal recessive osteogenesis imperfecta"
          }
        }
      ]
    },
    {
      "type": {
        "id": "HP:0031425",
        "label": "Increased circulating beta-C-terminal telopeptide concentration"
      },
      "evidence": [
        {
          "evidenceCode": {
            "id": "ECO:0000033",
            "label": "author statement supported by traceable reference"
          },
          "reference": {
            "id": "PMID:26911354",
            "description": "Two novel mutations in TMEM38B result in rare autosomal recessive osteogenesis imperfecta"
          }
        }
      ]
    },
    {
      "type": {
        "id": "HP:0003100",
        "label": "Slender long bone"
      },
      "evidence": [
        {
          "evidenceCode": {
            "id": "ECO:0000033",
            "label": "author statement supported by traceable reference"
          },
          "reference": {
            "id": "PMID:26911354",
            "description": "Two novel mutations in TMEM38B result in rare autosomal recessive osteogenesis imperfecta"
          }
        }
      ]
    },
    {
      "type": {
        "id": "HP:0003155",
        "label": "Elevated circulating alkaline phosphatase concentration"
      },
      "evidence": [
        {
          "evidenceCode": {
            "id": "ECO:0000033",
            "label": "author statement supported by traceable reference"
          },
          "reference": {
            "id": "PMID:26911354",
            "description": "Two novel mutations in TMEM38B result in rare autosomal recessive osteogenesis imperfecta"
          }
        }
      ]
    },
    {
      "type": {
        "id": "HP:0002757",
        "label": "Recurrent fractures"
      },
      "evidence": [
        {
          "evidenceCode": {
            "id": "ECO:0000033",
            "label": "author statement supported by traceable reference"
          },
          "reference": {
            "id": "PMID:26911354",
            "description": "Two novel mutations in TMEM38B result in rare autosomal recessive osteogenesis imperfecta"
          }
        }
      ]
    },
    {
      "type": {
        "id": "HP:0040160",
        "label": "Generalized osteoporosis"
      },
      "evidence": [
        {
          "evidenceCode": {
            "id": "ECO:0000033",
            "label": "author statement supported by traceable reference"
          },
          "reference": {
            "id": "PMID:26911354",
            "description": "Two novel mutations in TMEM38B result in rare autosomal recessive osteogenesis imperfecta"
          }
        }
      ]
    },
    {
      "type": {
        "id": "HP:0002645",
        "label": "Wormian bones"
      },
      "evidence": [
        {
          "evidenceCode": {
            "id": "ECO:0000033",
            "label": "author statement supported by traceable reference"
          },
          "reference": {
            "id": "PMID:26911354",
            "description": "Two novel mutations in TMEM38B result in rare autosomal recessive osteogenesis imperfecta"
          }
        }
      ]
    }
  ],
  "interpretations": [
    {
      "id": "interpretation-id",
      "progressStatus": "SOLVED",
      "diagnosis": {
        "disease": {
          "id": "OMIM:615066",
          "label": "OSTEOGENESIS IMPERFECTA, TYPE XIV; OI14"
        },
        "genomicInterpretations": [
          {
            "subjectOrBiosampleId": "family2-patient2",
            "interpretationStatus": "CAUSATIVE",
            "variantInterpretation": {
              "variationDescriptor": {
                "id": "variant-1",
                "geneContext": {
                  "valueId": "NCBIGene:55151",
                  "symbol": "TMEM38B"
                },
                "vcfRecord": {
                  "genomeAssembly": "GRCh37",
                  "chrom": "9",
                  "pos": "108484867",
                  "ref": "G",
                  "alt": "A"
                },
                "moleculeContext": "genomic",
                "allelicState": {
                  "id": "GENO:0000136",
                  "label": "homozygous"
                }
              }
            }
          }
        ]
      }
    }
  ],
  "metaData": {
    "created": "2023-09-20T17:50:12.406106948Z",
    "createdBy": "Hpo Case Annotator : 1.0.13-SNAPSHOT",
    "submittedBy": "HPO:probinson",
    "resources": [
      {
        "id": "hp",
        "name": "human phenotype ontology",
        "url": "http://purl.obolibrary.org/obo/hp.owl",
        "version": "2018-03-08",
        "namespacePrefix": "HP",
        "iriPrefix": "http://purl.obolibrary.org/obo/HP_"
      },
      {
        "id": "pato",
        "name": "Phenotype And Trait Ontology",
        "url": "http://purl.obolibrary.org/obo/pato.owl",
        "version": "2018-03-28",
        "namespacePrefix": "PATO",
        "iriPrefix": "http://purl.obolibrary.org/obo/PATO_"
      },
      {
        "id": "geno",
        "name": "Genotype Ontology",
        "url": "http://purl.obolibrary.org/obo/geno.owl",
        "version": "19-03-2018",
        "namespacePrefix": "GENO",
        "iriPrefix": "http://purl.obolibrary.org/obo/GENO_"
      },
      {
        "id": "eco",
        "name": "Evidence and Conclusion Ontology",
        "url": "http://purl.obolibrary.org/obo/eco.owl",
        "version": "2018-11-10",
        "namespacePrefix": "ECO",
        "iriPrefix": "http://purl.obolibrary.org/obo/ECO_"
      },
      {
        "id": "omim",
        "name": "Online Mendelian Inheritance in Man",
        "url": "https://www.omim.org",
        "version": "n/a",
        "namespacePrefix": "OMIM",
        "iriPrefix": "n/a"
      }
    ],
    "phenopacketSchemaVersion": "2.0"
  }
}