{
  "id": "PMID:30057544-Cuchanski-2018-KIF5A-proband",
  "subject": {
    "id": "proband",
    "timeAtLastEncounter": {
      "age": {
        "iso8601duration": "P31Y"
      }
    },
    "sex": "MALE"
  },
  "phenotypicFeatures": [
    {
      "type": {
        "id": "HP:0001257",
        "label": "Spasticity"
      },
      "evidence": [
        {
          "evidenceCode": {
            "id": "ECO:0000033",
            "label": "author statement supported by traceable reference"
          },
          "reference": {
            "id": "PMID:30057544",
            "description": "Mutation in KIF5A c"
          }
        }
      ]
    },
    {
      "type": {
        "id": "HP:0003487",
        "label": "Babinski sign"
      },
      "evidence": [
        {
          "evidenceCode": {
            "id": "ECO:0000033",
            "label": "author statement supported by traceable reference"
          },
          "reference": {
            "id": "PMID:30057544",
            "description": "Mutation in KIF5A c"
          }
        }
      ]
    },
    {
      "type": {
        "id": "HP:0002169",
        "label": "Clonus"
      },
      "evidence": [
        {
          "evidenceCode": {
            "id": "ECO:0000033",
            "label": "author statement supported by traceable reference"
          },
          "reference": {
            "id": "PMID:30057544",
            "description": "Mutation in KIF5A c"
          }
        }
      ]
    },
    {
      "type": {
        "id": "HP:0009830",
        "label": "Peripheral neuropathy"
      },
      "evidence": [
        {
          "evidenceCode": {
            "id": "ECO:0000033",
            "label": "author statement supported by traceable reference"
          },
          "reference": {
            "id": "PMID:30057544",
            "description": "Mutation in KIF5A c"
          }
        }
      ]
    },
    {
      "type": {
        "id": "HP:0031910",
        "label": "Abnormal cranial nerve physiology"
      },
      "evidence": [
        {
          "evidenceCode": {
            "id": "ECO:0000033",
            "label": "author statement supported by traceable reference"
          },
          "reference": {
            "id": "PMID:30057544",
            "description": "Mutation in KIF5A c"
          }
        }
      ]
    },
    {
      "type": {
        "id": "HP:0002312",
        "label": "Clumsiness"
      },
      "evidence": [
        {
          "evidenceCode": {
            "id": "ECO:0000033",
            "label": "author statement supported by traceable reference"
          },
          "reference": {
            "id": "PMID:30057544",
            "description": "Mutation in KIF5A c"
          }
        }
      ]
    },
    {
      "type": {
        "id": "HP:0001251",
        "label": "Ataxia"
      },
      "evidence": [
        {
          "evidenceCode": {
            "id": "ECO:0000033",
            "label": "author statement supported by traceable reference"
          },
          "reference": {
            "id": "PMID:30057544",
            "description": "Mutation in KIF5A c"
          }
        }
      ]
    },
    {
      "type": {
        "id": "HP:0006886",
        "label": "Impaired distal vibration sensation"
      },
      "evidence": [
        {
          "evidenceCode": {
            "id": "ECO:0000033",
            "label": "author statement supported by traceable reference"
          },
          "reference": {
            "id": "PMID:30057544",
            "description": "Mutation in KIF5A c"
          }
        }
      ]
    },
    {
      "type": {
        "id": "HP:0012534",
        "label": "Dysesthesia"
      },
      "evidence": [
        {
          "evidenceCode": {
            "id": "ECO:0000033",
            "label": "author statement supported by traceable reference"
          },
          "reference": {
            "id": "PMID:30057544",
            "description": "Mutation in KIF5A c"
          }
        }
      ]
    },
    {
      "type": {
        "id": "HP:0002064",
        "label": "Spastic gait"
      },
      "evidence": [
        {
          "evidenceCode": {
            "id": "ECO:0000033",
            "label": "author statement supported by traceable reference"
          },
          "reference": {
            "id": "PMID:30057544",
            "description": "Mutation in KIF5A c"
          }
        }
      ]
    },
    {
      "type": {
        "id": "HP:0100543",
        "label": "Cognitive impairment"
      },
      "evidence": [
        {
          "evidenceCode": {
            "id": "ECO:0000033",
            "label": "author statement supported by traceable reference"
          },
          "reference": {
            "id": "PMID:30057544",
            "description": "Mutation in KIF5A c"
          }
        }
      ]
    },
    {
      "type": {
        "id": "HP:0003401",
        "label": "Paresthesia"
      },
      "evidence": [
        {
          "evidenceCode": {
            "id": "ECO:0000033",
            "label": "author statement supported by traceable reference"
          },
          "reference": {
            "id": "PMID:30057544",
            "description": "Mutation in KIF5A c"
          }
        }
      ]
    }
  ],
  "interpretations": [
    {
      "id": "interpretation-id",
      "progressStatus": "SOLVED",
      "diagnosis": {
        "disease": {
          "id": "OMIM:604187",
          "label": "SPASTIC PARAPLEGIA 10, AUTOSOMAL DOMINANT; SPG10"
        },
        "genomicInterpretations": [
          {
            "subjectOrBiosampleId": "proband",
            "interpretationStatus": "CAUSATIVE",
            "variantInterpretation": {
              "variationDescriptor": {
                "id": "variant-1",
                "geneContext": {
                  "valueId": "NCBIGene:3798",
                  "symbol": "KIF5A"
                },
                "vcfRecord": {
                  "genomeAssembly": "GRCh37",
                  "chrom": "12",
                  "pos": "57961297",
                  "ref": "C",
                  "alt": "T"
                },
                "moleculeContext": "genomic",
                "allelicState": {
                  "id": "GENO:0000135",
                  "label": "heterozygous"
                }
              }
            }
          }
        ]
      }
    }
  ],
  "metaData": {
    "created": "2023-09-20T17:50:13.429059982Z",
    "createdBy": "Hpo Case Annotator : 1.0.13-SNAPSHOT",
    "submittedBy": "HPO:probinson",
    "resources": [
      {
        "id": "hp",
        "name": "human phenotype ontology",
        "url": "http://purl.obolibrary.org/obo/hp.owl",
        "version": "2018-03-08",
        "namespacePrefix": "HP",
        "iriPrefix": "http://purl.obolibrary.org/obo/HP_"
      },
      {
        "id": "pato",
        "name": "Phenotype And Trait Ontology",
        "url": "http://purl.obolibrary.org/obo/pato.owl",
        "version": "2018-03-28",
        "namespacePrefix": "PATO",
        "iriPrefix": "http://purl.obolibrary.org/obo/PATO_"
      },
      {
        "id": "geno",
        "name": "Genotype Ontology",
        "url": "http://purl.obolibrary.org/obo/geno.owl",
        "version": "19-03-2018",
        "namespacePrefix": "GENO",
        "iriPrefix": "http://purl.obolibrary.org/obo/GENO_"
      },
      {
        "id": "eco",
        "name": "Evidence and Conclusion Ontology",
        "url": "http://purl.obolibrary.org/obo/eco.owl",
        "version": "2018-11-10",
        "namespacePrefix": "ECO",
        "iriPrefix": "http://purl.obolibrary.org/obo/ECO_"
      },
      {
        "id": "omim",
        "name": "Online Mendelian Inheritance in Man",
        "url": "https://www.omim.org",
        "version": "n/a",
        "namespacePrefix": "OMIM",
        "iriPrefix": "n/a"
      }
    ],
    "phenopacketSchemaVersion": "2.0"
  }
}