{
  "id": "PMID:19541485-Gerding-2009-LITAF-Proband",
  "subject": {
    "id": "Proband",
    "timeAtLastEncounter": {
      "age": {
        "iso8601duration": "P57Y"
      }
    },
    "sex": "FEMALE"
  },
  "phenotypicFeatures": [
    {
      "type": {
        "id": "HP:0007078",
        "label": "Decreased amplitude of sensory action potentials"
      },
      "evidence": [
        {
          "evidenceCode": {
            "id": "ECO:0000033",
            "label": "author statement supported by traceable reference"
          },
          "reference": {
            "id": "PMID:19541485",
            "description": "Hereditary motor and sensory neuropathy caused by a novel mutation in LITAF"
          }
        }
      ]
    },
    {
      "type": {
        "id": "HP:0003474",
        "label": "Somatic sensory dysfunction"
      },
      "evidence": [
        {
          "evidenceCode": {
            "id": "ECO:0000033",
            "label": "author statement supported by traceable reference"
          },
          "reference": {
            "id": "PMID:19541485",
            "description": "Hereditary motor and sensory neuropathy caused by a novel mutation in LITAF"
          }
        }
      ]
    },
    {
      "type": {
        "id": "HP:0002403",
        "label": "Positive Romberg sign"
      },
      "evidence": [
        {
          "evidenceCode": {
            "id": "ECO:0000033",
            "label": "author statement supported by traceable reference"
          },
          "reference": {
            "id": "PMID:19541485",
            "description": "Hereditary motor and sensory neuropathy caused by a novel mutation in LITAF"
          }
        }
      ]
    },
    {
      "type": {
        "id": "HP:0031910",
        "label": "Abnormal cranial nerve physiology"
      },
      "evidence": [
        {
          "evidenceCode": {
            "id": "ECO:0000033",
            "label": "author statement supported by traceable reference"
          },
          "reference": {
            "id": "PMID:19541485",
            "description": "Hereditary motor and sensory neuropathy caused by a novel mutation in LITAF"
          }
        }
      ]
    },
    {
      "type": {
        "id": "HP:0100543",
        "label": "Cognitive impairment"
      },
      "evidence": [
        {
          "evidenceCode": {
            "id": "ECO:0000033",
            "label": "author statement supported by traceable reference"
          },
          "reference": {
            "id": "PMID:19541485",
            "description": "Hereditary motor and sensory neuropathy caused by a novel mutation in LITAF"
          }
        }
      ]
    },
    {
      "type": {
        "id": "HP:0002070",
        "label": "Limb ataxia"
      },
      "evidence": [
        {
          "evidenceCode": {
            "id": "ECO:0000033",
            "label": "author statement supported by traceable reference"
          },
          "reference": {
            "id": "PMID:19541485",
            "description": "Hereditary motor and sensory neuropathy caused by a novel mutation in LITAF"
          }
        }
      ]
    },
    {
      "type": {
        "id": "HP:0007141",
        "label": "Sensorimotor neuropathy"
      },
      "evidence": [
        {
          "evidenceCode": {
            "id": "ECO:0000033",
            "label": "author statement supported by traceable reference"
          },
          "reference": {
            "id": "PMID:19541485",
            "description": "Hereditary motor and sensory neuropathy caused by a novel mutation in LITAF"
          }
        }
      ]
    },
    {
      "type": {
        "id": "HP:0001761",
        "label": "Pes cavus"
      },
      "evidence": [
        {
          "evidenceCode": {
            "id": "ECO:0000033",
            "label": "author statement supported by traceable reference"
          },
          "reference": {
            "id": "PMID:19541485",
            "description": "Hereditary motor and sensory neuropathy caused by a novel mutation in LITAF"
          }
        }
      ]
    },
    {
      "type": {
        "id": "HP:0003401",
        "label": "Paresthesia"
      },
      "evidence": [
        {
          "evidenceCode": {
            "id": "ECO:0000033",
            "label": "author statement supported by traceable reference"
          },
          "reference": {
            "id": "PMID:19541485",
            "description": "Hereditary motor and sensory neuropathy caused by a novel mutation in LITAF"
          }
        }
      ]
    },
    {
      "type": {
        "id": "HP:0002073",
        "label": "Progressive cerebellar ataxia"
      },
      "evidence": [
        {
          "evidenceCode": {
            "id": "ECO:0000033",
            "label": "author statement supported by traceable reference"
          },
          "reference": {
            "id": "PMID:19541485",
            "description": "Hereditary motor and sensory neuropathy caused by a novel mutation in LITAF"
          }
        }
      ]
    },
    {
      "type": {
        "id": "HP:0000762",
        "label": "Decreased nerve conduction velocity"
      },
      "evidence": [
        {
          "evidenceCode": {
            "id": "ECO:0000033",
            "label": "author statement supported by traceable reference"
          },
          "reference": {
            "id": "PMID:19541485",
            "description": "Hereditary motor and sensory neuropathy caused by a novel mutation in LITAF"
          }
        }
      ]
    },
    {
      "type": {
        "id": "HP:0009053",
        "label": "Distal lower limb muscle weakness"
      },
      "evidence": [
        {
          "evidenceCode": {
            "id": "ECO:0000033",
            "label": "author statement supported by traceable reference"
          },
          "reference": {
            "id": "PMID:19541485",
            "description": "Hereditary motor and sensory neuropathy caused by a novel mutation in LITAF"
          }
        }
      ]
    },
    {
      "type": {
        "id": "HP:0000649",
        "label": "Abnormality of visual evoked potentials"
      },
      "evidence": [
        {
          "evidenceCode": {
            "id": "ECO:0000033",
            "label": "author statement supported by traceable reference"
          },
          "reference": {
            "id": "PMID:19541485",
            "description": "Hereditary motor and sensory neuropathy caused by a novel mutation in LITAF"
          }
        }
      ]
    },
    {
      "type": {
        "id": "HP:0002066",
        "label": "Gait ataxia"
      },
      "evidence": [
        {
          "evidenceCode": {
            "id": "ECO:0000033",
            "label": "author statement supported by traceable reference"
          },
          "reference": {
            "id": "PMID:19541485",
            "description": "Hereditary motor and sensory neuropathy caused by a novel mutation in LITAF"
          }
        }
      ]
    }
  ],
  "interpretations": [
    {
      "id": "interpretation-id",
      "progressStatus": "SOLVED",
      "diagnosis": {
        "disease": {
          "id": "OMIM:601098",
          "label": "CHARCOT-MARIE-TOOTH DISEASE, DEMYELINATING, TYPE 1C; CMT1C"
        },
        "genomicInterpretations": [
          {
            "subjectOrBiosampleId": "Proband",
            "interpretationStatus": "CAUSATIVE",
            "variantInterpretation": {
              "variationDescriptor": {
                "id": "variant-1",
                "geneContext": {
                  "valueId": "NCBIGene:9516",
                  "symbol": "LITAF"
                },
                "vcfRecord": {
                  "genomeAssembly": "GRCh37",
                  "chrom": "16",
                  "pos": "11643549",
                  "ref": "C",
                  "alt": "T"
                },
                "moleculeContext": "genomic",
                "allelicState": {
                  "id": "GENO:0000135",
                  "label": "heterozygous"
                }
              }
            }
          }
        ]
      }
    }
  ],
  "metaData": {
    "created": "2023-09-20T17:50:11.737236022Z",
    "createdBy": "Hpo Case Annotator : 1.0.13-SNAPSHOT",
    "submittedBy": "HPO:probinson",
    "resources": [
      {
        "id": "hp",
        "name": "human phenotype ontology",
        "url": "http://purl.obolibrary.org/obo/hp.owl",
        "version": "2018-03-08",
        "namespacePrefix": "HP",
        "iriPrefix": "http://purl.obolibrary.org/obo/HP_"
      },
      {
        "id": "pato",
        "name": "Phenotype And Trait Ontology",
        "url": "http://purl.obolibrary.org/obo/pato.owl",
        "version": "2018-03-28",
        "namespacePrefix": "PATO",
        "iriPrefix": "http://purl.obolibrary.org/obo/PATO_"
      },
      {
        "id": "geno",
        "name": "Genotype Ontology",
        "url": "http://purl.obolibrary.org/obo/geno.owl",
        "version": "19-03-2018",
        "namespacePrefix": "GENO",
        "iriPrefix": "http://purl.obolibrary.org/obo/GENO_"
      },
      {
        "id": "eco",
        "name": "Evidence and Conclusion Ontology",
        "url": "http://purl.obolibrary.org/obo/eco.owl",
        "version": "2018-11-10",
        "namespacePrefix": "ECO",
        "iriPrefix": "http://purl.obolibrary.org/obo/ECO_"
      },
      {
        "id": "omim",
        "name": "Online Mendelian Inheritance in Man",
        "url": "https://www.omim.org",
        "version": "n/a",
        "namespacePrefix": "OMIM",
        "iriPrefix": "n/a"
      }
    ],
    "phenopacketSchemaVersion": "2.0"
  }
}