{
  "id": "PMID:29146883-Bluteau-2018-SAMD9L-UB085",
  "subject": {
    "id": "UB085",
    "timeAtLastEncounter": {
      "age": {
        "iso8601duration": "P1Y8M"
      }
    },
    "sex": "FEMALE"
  },
  "phenotypicFeatures": [
    {
      "type": {
        "id": "HP:0002500",
        "label": "Abnormal cerebral white matter morphology"
      },
      "evidence": [
        {
          "evidenceCode": {
            "id": "ECO:0000033",
            "label": "author statement supported by traceable reference"
          },
          "reference": {
            "id": "PMID:29146883",
            "description": "A landscape of germ line mutations in a cohort of inherited bone marrow failure patients"
          }
        }
      ]
    },
    {
      "type": {
        "id": "HP:0002317",
        "label": "Unsteady gait"
      },
      "evidence": [
        {
          "evidenceCode": {
            "id": "ECO:0000033",
            "label": "author statement supported by traceable reference"
          },
          "reference": {
            "id": "PMID:29146883",
            "description": "A landscape of germ line mutations in a cohort of inherited bone marrow failure patients"
          }
        }
      ]
    },
    {
      "type": {
        "id": "HP:0002673",
        "label": "Coxa valga"
      },
      "evidence": [
        {
          "evidenceCode": {
            "id": "ECO:0000033",
            "label": "author statement supported by traceable reference"
          },
          "reference": {
            "id": "PMID:29146883",
            "description": "A landscape of germ line mutations in a cohort of inherited bone marrow failure patients"
          }
        }
      ]
    },
    {
      "type": {
        "id": "HP:0000238",
        "label": "Hydrocephalus"
      },
      "evidence": [
        {
          "evidenceCode": {
            "id": "ECO:0000033",
            "label": "author statement supported by traceable reference"
          },
          "reference": {
            "id": "PMID:29146883",
            "description": "A landscape of germ line mutations in a cohort of inherited bone marrow failure patients"
          }
        }
      ]
    },
    {
      "type": {
        "id": "HP:0001321",
        "label": "Cerebellar hypoplasia"
      },
      "evidence": [
        {
          "evidenceCode": {
            "id": "ECO:0000033",
            "label": "author statement supported by traceable reference"
          },
          "reference": {
            "id": "PMID:29146883",
            "description": "A landscape of germ line mutations in a cohort of inherited bone marrow failure patients"
          }
        }
      ]
    },
    {
      "type": {
        "id": "HP:0031413",
        "label": "Short telomere length"
      },
      "evidence": [
        {
          "evidenceCode": {
            "id": "ECO:0000033",
            "label": "author statement supported by traceable reference"
          },
          "reference": {
            "id": "PMID:29146883",
            "description": "A landscape of germ line mutations in a cohort of inherited bone marrow failure patients"
          }
        }
      ]
    },
    {
      "type": {
        "id": "HP:0001256",
        "label": "Intellectual disability, mild"
      },
      "evidence": [
        {
          "evidenceCode": {
            "id": "ECO:0000033",
            "label": "author statement supported by traceable reference"
          },
          "reference": {
            "id": "PMID:29146883",
            "description": "A landscape of germ line mutations in a cohort of inherited bone marrow failure patients"
          }
        }
      ]
    },
    {
      "type": {
        "id": "HP:0000119",
        "label": "Abnormality of the genitourinary system"
      },
      "evidence": [
        {
          "evidenceCode": {
            "id": "ECO:0000033",
            "label": "author statement supported by traceable reference"
          },
          "reference": {
            "id": "PMID:29146883",
            "description": "A landscape of germ line mutations in a cohort of inherited bone marrow failure patients"
          }
        }
      ]
    },
    {
      "type": {
        "id": "HP:0004315",
        "label": "Decreased circulating IgG level"
      },
      "evidence": [
        {
          "evidenceCode": {
            "id": "ECO:0000033",
            "label": "author statement supported by traceable reference"
          },
          "reference": {
            "id": "PMID:29146883",
            "description": "A landscape of germ line mutations in a cohort of inherited bone marrow failure patients"
          }
        }
      ]
    },
    {
      "type": {
        "id": "HP:0100702",
        "label": "Arachnoid cyst"
      },
      "evidence": [
        {
          "evidenceCode": {
            "id": "ECO:0000033",
            "label": "author statement supported by traceable reference"
          },
          "reference": {
            "id": "PMID:29146883",
            "description": "A landscape of germ line mutations in a cohort of inherited bone marrow failure patients"
          }
        }
      ]
    },
    {
      "type": {
        "id": "HP:0002099",
        "label": "Asthma"
      },
      "evidence": [
        {
          "evidenceCode": {
            "id": "ECO:0000033",
            "label": "author statement supported by traceable reference"
          },
          "reference": {
            "id": "PMID:29146883",
            "description": "A landscape of germ line mutations in a cohort of inherited bone marrow failure patients"
          }
        }
      ]
    },
    {
      "type": {
        "id": "HP:0001876",
        "label": "Pancytopenia"
      },
      "evidence": [
        {
          "evidenceCode": {
            "id": "ECO:0000033",
            "label": "author statement supported by traceable reference"
          },
          "reference": {
            "id": "PMID:29146883",
            "description": "A landscape of germ line mutations in a cohort of inherited bone marrow failure patients"
          }
        }
      ]
    }
  ],
  "interpretations": [
    {
      "id": "interpretation-id",
      "progressStatus": "SOLVED",
      "diagnosis": {
        "disease": {
          "id": "OMIM:159550",
          "label": "Ataxia-pancytopenia syndrome"
        },
        "genomicInterpretations": [
          {
            "subjectOrBiosampleId": "UB085",
            "interpretationStatus": "CAUSATIVE",
            "variantInterpretation": {
              "variationDescriptor": {
                "id": "variant-1",
                "geneContext": {
                  "valueId": "NCBIGene:219285",
                  "symbol": "SAMD9L"
                },
                "vcfRecord": {
                  "genomeAssembly": "GRCh37",
                  "chrom": "7",
                  "pos": "92762185",
                  "ref": "C",
                  "alt": "A"
                },
                "moleculeContext": "genomic",
                "allelicState": {
                  "id": "GENO:0000135",
                  "label": "heterozygous"
                }
              }
            }
          }
        ]
      }
    }
  ],
  "metaData": {
    "created": "2023-09-20T17:50:13.317349195Z",
    "createdBy": "Hpo Case Annotator : 1.0.14-SNAPSHOT",
    "submittedBy": "UNC:biocuration",
    "resources": [
      {
        "id": "hp",
        "name": "human phenotype ontology",
        "url": "http://purl.obolibrary.org/obo/hp.owl",
        "version": "2018-03-08",
        "namespacePrefix": "HP",
        "iriPrefix": "http://purl.obolibrary.org/obo/HP_"
      },
      {
        "id": "pato",
        "name": "Phenotype And Trait Ontology",
        "url": "http://purl.obolibrary.org/obo/pato.owl",
        "version": "2018-03-28",
        "namespacePrefix": "PATO",
        "iriPrefix": "http://purl.obolibrary.org/obo/PATO_"
      },
      {
        "id": "geno",
        "name": "Genotype Ontology",
        "url": "http://purl.obolibrary.org/obo/geno.owl",
        "version": "19-03-2018",
        "namespacePrefix": "GENO",
        "iriPrefix": "http://purl.obolibrary.org/obo/GENO_"
      },
      {
        "id": "eco",
        "name": "Evidence and Conclusion Ontology",
        "url": "http://purl.obolibrary.org/obo/eco.owl",
        "version": "2018-11-10",
        "namespacePrefix": "ECO",
        "iriPrefix": "http://purl.obolibrary.org/obo/ECO_"
      },
      {
        "id": "omim",
        "name": "Online Mendelian Inheritance in Man",
        "url": "https://www.omim.org",
        "version": "n/a",
        "namespacePrefix": "OMIM",
        "iriPrefix": "n/a"
      }
    ],
    "phenopacketSchemaVersion": "2.0"
  }
}