{
  "id": "PMID:24269551-Sher-2014-CHSY1-IV-1",
  "subject": {
    "id": "IV-1",
    "timeAtLastEncounter": {
      "age": {
        "iso8601duration": "P21Y"
      }
    },
    "sex": "MALE"
  },
  "phenotypicFeatures": [
    {
      "type": {
        "id": "HP:0002308",
        "label": "Chiari malformation"
      },
      "evidence": [
        {
          "evidenceCode": {
            "id": "ECO:0000033",
            "label": "author statement supported by traceable reference"
          },
          "reference": {
            "id": "PMID:24269551",
            "description": "A novel CHSY1 gene mutation underlies Temtamy preaxial brachydactyly syndrome in a Pakistani family"
          }
        }
      ]
    },
    {
      "type": {
        "id": "HP:0000691",
        "label": "Microdontia"
      },
      "evidence": [
        {
          "evidenceCode": {
            "id": "ECO:0000033",
            "label": "author statement supported by traceable reference"
          },
          "reference": {
            "id": "PMID:24269551",
            "description": "A novel CHSY1 gene mutation underlies Temtamy preaxial brachydactyly syndrome in a Pakistani family"
          }
        }
      ]
    },
    {
      "type": {
        "id": "HP:0030084",
        "label": "Clinodactyly"
      },
      "evidence": [
        {
          "evidenceCode": {
            "id": "ECO:0000033",
            "label": "author statement supported by traceable reference"
          },
          "reference": {
            "id": "PMID:24269551",
            "description": "A novel CHSY1 gene mutation underlies Temtamy preaxial brachydactyly syndrome in a Pakistani family"
          }
        }
      ]
    },
    {
      "type": {
        "id": "HP:0001263",
        "label": "Global developmental delay"
      },
      "evidence": [
        {
          "evidenceCode": {
            "id": "ECO:0000033",
            "label": "author statement supported by traceable reference"
          },
          "reference": {
            "id": "PMID:24269551",
            "description": "A novel CHSY1 gene mutation underlies Temtamy preaxial brachydactyly syndrome in a Pakistani family"
          }
        }
      ]
    },
    {
      "type": {
        "id": "HP:0000347",
        "label": "Micrognathia"
      },
      "evidence": [
        {
          "evidenceCode": {
            "id": "ECO:0000033",
            "label": "author statement supported by traceable reference"
          },
          "reference": {
            "id": "PMID:24269551",
            "description": "A novel CHSY1 gene mutation underlies Temtamy preaxial brachydactyly syndrome in a Pakistani family"
          }
        }
      ]
    },
    {
      "type": {
        "id": "HP:0003196",
        "label": "Short nose"
      },
      "evidence": [
        {
          "evidenceCode": {
            "id": "ECO:0000033",
            "label": "author statement supported by traceable reference"
          },
          "reference": {
            "id": "PMID:24269551",
            "description": "A novel CHSY1 gene mutation underlies Temtamy preaxial brachydactyly syndrome in a Pakistani family"
          }
        }
      ]
    },
    {
      "type": {
        "id": "HP:0002751",
        "label": "Kyphoscoliosis"
      },
      "evidence": [
        {
          "evidenceCode": {
            "id": "ECO:0000033",
            "label": "author statement supported by traceable reference"
          },
          "reference": {
            "id": "PMID:24269551",
            "description": "A novel CHSY1 gene mutation underlies Temtamy preaxial brachydactyly syndrome in a Pakistani family"
          }
        }
      ]
    },
    {
      "type": {
        "id": "HP:0010109",
        "label": "Short hallux"
      },
      "evidence": [
        {
          "evidenceCode": {
            "id": "ECO:0000033",
            "label": "author statement supported by traceable reference"
          },
          "reference": {
            "id": "PMID:24269551",
            "description": "A novel CHSY1 gene mutation underlies Temtamy preaxial brachydactyly syndrome in a Pakistani family"
          }
        }
      ]
    },
    {
      "type": {
        "id": "HP:0000767",
        "label": "Pectus excavatum"
      },
      "evidence": [
        {
          "evidenceCode": {
            "id": "ECO:0000033",
            "label": "author statement supported by traceable reference"
          },
          "reference": {
            "id": "PMID:24269551",
            "description": "A novel CHSY1 gene mutation underlies Temtamy preaxial brachydactyly syndrome in a Pakistani family"
          }
        }
      ]
    },
    {
      "type": {
        "id": "HP:0001234",
        "label": "Hitchhiker thumb"
      },
      "evidence": [
        {
          "evidenceCode": {
            "id": "ECO:0000033",
            "label": "author statement supported by traceable reference"
          },
          "reference": {
            "id": "PMID:24269551",
            "description": "A novel CHSY1 gene mutation underlies Temtamy preaxial brachydactyly syndrome in a Pakistani family"
          }
        }
      ]
    },
    {
      "type": {
        "id": "HP:0001449",
        "label": "Duplication of metatarsal bones"
      },
      "evidence": [
        {
          "evidenceCode": {
            "id": "ECO:0000033",
            "label": "author statement supported by traceable reference"
          },
          "reference": {
            "id": "PMID:24269551",
            "description": "A novel CHSY1 gene mutation underlies Temtamy preaxial brachydactyly syndrome in a Pakistani family"
          }
        }
      ]
    },
    {
      "type": {
        "id": "HP:0000369",
        "label": "Low-set ears"
      },
      "evidence": [
        {
          "evidenceCode": {
            "id": "ECO:0000033",
            "label": "author statement supported by traceable reference"
          },
          "reference": {
            "id": "PMID:24269551",
            "description": "A novel CHSY1 gene mutation underlies Temtamy preaxial brachydactyly syndrome in a Pakistani family"
          }
        }
      ]
    },
    {
      "type": {
        "id": "HP:0012725",
        "label": "Cutaneous syndactyly"
      },
      "evidence": [
        {
          "evidenceCode": {
            "id": "ECO:0000033",
            "label": "author statement supported by traceable reference"
          },
          "reference": {
            "id": "PMID:24269551",
            "description": "A novel CHSY1 gene mutation underlies Temtamy preaxial brachydactyly syndrome in a Pakistani family"
          }
        }
      ]
    },
    {
      "type": {
        "id": "HP:0000677",
        "label": "Oligodontia"
      },
      "evidence": [
        {
          "evidenceCode": {
            "id": "ECO:0000033",
            "label": "author statement supported by traceable reference"
          },
          "reference": {
            "id": "PMID:24269551",
            "description": "A novel CHSY1 gene mutation underlies Temtamy preaxial brachydactyly syndrome in a Pakistani family"
          }
        }
      ]
    },
    {
      "type": {
        "id": "HP:0000316",
        "label": "Hypertelorism"
      },
      "evidence": [
        {
          "evidenceCode": {
            "id": "ECO:0000033",
            "label": "author statement supported by traceable reference"
          },
          "reference": {
            "id": "PMID:24269551",
            "description": "A novel CHSY1 gene mutation underlies Temtamy preaxial brachydactyly syndrome in a Pakistani family"
          }
        }
      ]
    },
    {
      "type": {
        "id": "HP:0011087",
        "label": "Talon cusp"
      },
      "evidence": [
        {
          "evidenceCode": {
            "id": "ECO:0000033",
            "label": "author statement supported by traceable reference"
          },
          "reference": {
            "id": "PMID:24269551",
            "description": "A novel CHSY1 gene mutation underlies Temtamy preaxial brachydactyly syndrome in a Pakistani family"
          }
        }
      ]
    }
  ],
  "interpretations": [
    {
      "id": "interpretation-id",
      "progressStatus": "SOLVED",
      "diagnosis": {
        "disease": {
          "id": "OMIM:605282",
          "label": "TEMTAMY PREAXIAL BRACHYDACTYLY SYNDROME; TPBS"
        },
        "genomicInterpretations": [
          {
            "subjectOrBiosampleId": "IV-1",
            "interpretationStatus": "CAUSATIVE",
            "variantInterpretation": {
              "variationDescriptor": {
                "id": "variant-1",
                "geneContext": {
                  "valueId": "NCBIGene:22856",
                  "symbol": "CHSY1"
                },
                "vcfRecord": {
                  "genomeAssembly": "GRCh37",
                  "chrom": "15",
                  "pos": "101718105",
                  "ref": "C",
                  "alt": "T"
                },
                "moleculeContext": "genomic",
                "allelicState": {
                  "id": "GENO:0000136",
                  "label": "homozygous"
                }
              }
            }
          }
        ]
      }
    }
  ],
  "metaData": {
    "created": "2023-09-20T17:50:12.337666988Z",
    "createdBy": "n/a",
    "submittedBy": "HPO:probinson",
    "resources": [
      {
        "id": "hp",
        "name": "human phenotype ontology",
        "url": "http://purl.obolibrary.org/obo/hp.owl",
        "version": "2018-03-08",
        "namespacePrefix": "HP",
        "iriPrefix": "http://purl.obolibrary.org/obo/HP_"
      },
      {
        "id": "pato",
        "name": "Phenotype And Trait Ontology",
        "url": "http://purl.obolibrary.org/obo/pato.owl",
        "version": "2018-03-28",
        "namespacePrefix": "PATO",
        "iriPrefix": "http://purl.obolibrary.org/obo/PATO_"
      },
      {
        "id": "geno",
        "name": "Genotype Ontology",
        "url": "http://purl.obolibrary.org/obo/geno.owl",
        "version": "19-03-2018",
        "namespacePrefix": "GENO",
        "iriPrefix": "http://purl.obolibrary.org/obo/GENO_"
      },
      {
        "id": "eco",
        "name": "Evidence and Conclusion Ontology",
        "url": "http://purl.obolibrary.org/obo/eco.owl",
        "version": "2018-11-10",
        "namespacePrefix": "ECO",
        "iriPrefix": "http://purl.obolibrary.org/obo/ECO_"
      },
      {
        "id": "omim",
        "name": "Online Mendelian Inheritance in Man",
        "url": "https://www.omim.org",
        "version": "n/a",
        "namespacePrefix": "OMIM",
        "iriPrefix": "n/a"
      }
    ],
    "phenopacketSchemaVersion": "2.0"
  }
}