{
  "id": "PMID:9354794-Gebbia-1997-ZIC3-III-1",
  "subject": {
    "id": "III-1",
    "timeAtLastEncounter": {
      "age": {
        "iso8601duration": "P7W"
      }
    },
    "sex": "MALE"
  },
  "phenotypicFeatures": [
    {
      "type": {
        "id": "HP:0002139",
        "label": "Arrhinencephaly"
      },
      "evidence": [
        {
          "evidenceCode": {
            "id": "ECO:0000033",
            "label": "author statement supported by traceable reference"
          },
          "reference": {
            "id": "PMID:9354794",
            "description": "X-linked situs abnormalities result from mutations in ZIC3"
          }
        }
      ]
    },
    {
      "type": {
        "id": "HP:0001750",
        "label": "Single ventricle"
      },
      "evidence": [
        {
          "evidenceCode": {
            "id": "ECO:0000033",
            "label": "author statement supported by traceable reference"
          },
          "reference": {
            "id": "PMID:9354794",
            "description": "X-linked situs abnormalities result from mutations in ZIC3"
          }
        }
      ]
    },
    {
      "type": {
        "id": "HP:0001643",
        "label": "Patent ductus arteriosus"
      },
      "evidence": [
        {
          "evidenceCode": {
            "id": "ECO:0000033",
            "label": "author statement supported by traceable reference"
          },
          "reference": {
            "id": "PMID:9354794",
            "description": "X-linked situs abnormalities result from mutations in ZIC3"
          }
        }
      ]
    },
    {
      "type": {
        "id": "HP:0001746",
        "label": "Asplenia"
      },
      "evidence": [
        {
          "evidenceCode": {
            "id": "ECO:0000033",
            "label": "author statement supported by traceable reference"
          },
          "reference": {
            "id": "PMID:9354794",
            "description": "X-linked situs abnormalities result from mutations in ZIC3"
          }
        }
      ]
    },
    {
      "type": {
        "id": "HP:0004971",
        "label": "Pulmonary artery hypoplasia"
      },
      "evidence": [
        {
          "evidenceCode": {
            "id": "ECO:0000033",
            "label": "author statement supported by traceable reference"
          },
          "reference": {
            "id": "PMID:9354794",
            "description": "X-linked situs abnormalities result from mutations in ZIC3"
          }
        }
      ]
    },
    {
      "type": {
        "id": "HP:0001674",
        "label": "Complete atrioventricular canal defect"
      },
      "evidence": [
        {
          "evidenceCode": {
            "id": "ECO:0000033",
            "label": "author statement supported by traceable reference"
          },
          "reference": {
            "id": "PMID:9354794",
            "description": "X-linked situs abnormalities result from mutations in ZIC3"
          }
        }
      ]
    },
    {
      "type": {
        "id": "HP:0001669",
        "label": "Transposition of the great arteries"
      },
      "evidence": [
        {
          "evidenceCode": {
            "id": "ECO:0000033",
            "label": "author statement supported by traceable reference"
          },
          "reference": {
            "id": "PMID:9354794",
            "description": "X-linked situs abnormalities result from mutations in ZIC3"
          }
        }
      ]
    },
    {
      "type": {
        "id": "HP:0012890",
        "label": "Posteriorly placed anus"
      },
      "evidence": [
        {
          "evidenceCode": {
            "id": "ECO:0000033",
            "label": "author statement supported by traceable reference"
          },
          "reference": {
            "id": "PMID:9354794",
            "description": "X-linked situs abnormalities result from mutations in ZIC3"
          }
        }
      ]
    },
    {
      "type": {
        "id": "HP:0001629",
        "label": "Ventricular septal defect"
      },
      "evidence": [
        {
          "evidenceCode": {
            "id": "ECO:0000033",
            "label": "author statement supported by traceable reference"
          },
          "reference": {
            "id": "PMID:9354794",
            "description": "X-linked situs abnormalities result from mutations in ZIC3"
          }
        }
      ]
    },
    {
      "type": {
        "id": "HP:0012262",
        "label": "Abnormal ciliary motility"
      },
      "evidence": [
        {
          "evidenceCode": {
            "id": "ECO:0000033",
            "label": "author statement supported by traceable reference"
          },
          "reference": {
            "id": "PMID:9354794",
            "description": "X-linked situs abnormalities result from mutations in ZIC3"
          }
        }
      ]
    },
    {
      "type": {
        "id": "HP:0004935",
        "label": "Pulmonary artery atresia"
      },
      "evidence": [
        {
          "evidenceCode": {
            "id": "ECO:0000033",
            "label": "author statement supported by traceable reference"
          },
          "reference": {
            "id": "PMID:9354794",
            "description": "X-linked situs abnormalities result from mutations in ZIC3"
          }
        }
      ]
    },
    {
      "type": {
        "id": "HP:0003363",
        "label": "Abdominal situs inversus"
      },
      "evidence": [
        {
          "evidenceCode": {
            "id": "ECO:0000033",
            "label": "author statement supported by traceable reference"
          },
          "reference": {
            "id": "PMID:9354794",
            "description": "X-linked situs abnormalities result from mutations in ZIC3"
          }
        }
      ]
    }
  ],
  "interpretations": [
    {
      "id": "interpretation-id",
      "progressStatus": "SOLVED",
      "diagnosis": {
        "disease": {
          "id": "OMIM:306955",
          "label": "HETEROTAXY, VISCERAL, 1, X-LINKED; HTX1"
        },
        "genomicInterpretations": [
          {
            "subjectOrBiosampleId": "III-1",
            "interpretationStatus": "CAUSATIVE",
            "variantInterpretation": {
              "variationDescriptor": {
                "id": "variant-1",
                "geneContext": {
                  "valueId": "NCBIGene:7547",
                  "symbol": "ZIC3"
                },
                "vcfRecord": {
                  "genomeAssembly": "GRCh37",
                  "chrom": "X",
                  "pos": "136649818",
                  "ref": "C",
                  "alt": "T"
                },
                "moleculeContext": "genomic",
                "allelicState": {
                  "id": "GENO:0000134",
                  "label": "hemizygous"
                }
              }
            }
          }
        ]
      }
    }
  ],
  "metaData": {
    "created": "2023-09-20T17:50:11.685556888Z",
    "createdBy": "n/a",
    "submittedBy": "HPO:probinson",
    "resources": [
      {
        "id": "hp",
        "name": "human phenotype ontology",
        "url": "http://purl.obolibrary.org/obo/hp.owl",
        "version": "2018-03-08",
        "namespacePrefix": "HP",
        "iriPrefix": "http://purl.obolibrary.org/obo/HP_"
      },
      {
        "id": "pato",
        "name": "Phenotype And Trait Ontology",
        "url": "http://purl.obolibrary.org/obo/pato.owl",
        "version": "2018-03-28",
        "namespacePrefix": "PATO",
        "iriPrefix": "http://purl.obolibrary.org/obo/PATO_"
      },
      {
        "id": "geno",
        "name": "Genotype Ontology",
        "url": "http://purl.obolibrary.org/obo/geno.owl",
        "version": "19-03-2018",
        "namespacePrefix": "GENO",
        "iriPrefix": "http://purl.obolibrary.org/obo/GENO_"
      },
      {
        "id": "eco",
        "name": "Evidence and Conclusion Ontology",
        "url": "http://purl.obolibrary.org/obo/eco.owl",
        "version": "2018-11-10",
        "namespacePrefix": "ECO",
        "iriPrefix": "http://purl.obolibrary.org/obo/ECO_"
      },
      {
        "id": "omim",
        "name": "Online Mendelian Inheritance in Man",
        "url": "https://www.omim.org",
        "version": "n/a",
        "namespacePrefix": "OMIM",
        "iriPrefix": "n/a"
      }
    ],
    "phenopacketSchemaVersion": "2.0"
  }
}