{
  "id": "PMID:23566664-Gu-2013-NOTCH2-proband",
  "subject": {
    "id": "proband",
    "timeAtLastEncounter": {
      "age": {
        "iso8601duration": "P60Y"
      }
    },
    "sex": "FEMALE"
  },
  "phenotypicFeatures": [
    {
      "type": {
        "id": "HP:0004322",
        "label": "Short stature"
      },
      "evidence": [
        {
          "evidenceCode": {
            "id": "ECO:0000033",
            "label": "author statement supported by traceable reference"
          },
          "reference": {
            "id": "PMID:23566664",
            "description": "A mutation in NOTCH2 gene in a Chinese patient with Hajdu-Cheney syndrome"
          }
        }
      ]
    },
    {
      "type": {
        "id": "HP:0000347",
        "label": "Micrognathia"
      },
      "evidence": [
        {
          "evidenceCode": {
            "id": "ECO:0000033",
            "label": "author statement supported by traceable reference"
          },
          "reference": {
            "id": "PMID:23566664",
            "description": "A mutation in NOTCH2 gene in a Chinese patient with Hajdu-Cheney syndrome"
          }
        }
      ]
    },
    {
      "type": {
        "id": "HP:0002953",
        "label": "Vertebral compression fracture"
      },
      "evidence": [
        {
          "evidenceCode": {
            "id": "ECO:0000033",
            "label": "author statement supported by traceable reference"
          },
          "reference": {
            "id": "PMID:23566664",
            "description": "A mutation in NOTCH2 gene in a Chinese patient with Hajdu-Cheney syndrome"
          }
        }
      ]
    },
    {
      "type": {
        "id": "HP:0002354",
        "label": "Memory impairment"
      },
      "evidence": [
        {
          "evidenceCode": {
            "id": "ECO:0000033",
            "label": "author statement supported by traceable reference"
          },
          "reference": {
            "id": "PMID:23566664",
            "description": "A mutation in NOTCH2 gene in a Chinese patient with Hajdu-Cheney syndrome"
          }
        }
      ]
    },
    {
      "type": {
        "id": "HP:0000365",
        "label": "Hearing impairment"
      },
      "evidence": [
        {
          "evidenceCode": {
            "id": "ECO:0000033",
            "label": "author statement supported by traceable reference"
          },
          "reference": {
            "id": "PMID:23566664",
            "description": "A mutation in NOTCH2 gene in a Chinese patient with Hajdu-Cheney syndrome"
          }
        }
      ]
    },
    {
      "type": {
        "id": "HP:0000939",
        "label": "Osteoporosis"
      },
      "evidence": [
        {
          "evidenceCode": {
            "id": "ECO:0000033",
            "label": "author statement supported by traceable reference"
          },
          "reference": {
            "id": "PMID:23566664",
            "description": "A mutation in NOTCH2 gene in a Chinese patient with Hajdu-Cheney syndrome"
          }
        }
      ]
    },
    {
      "type": {
        "id": "HP:0000400",
        "label": "Macrotia"
      },
      "evidence": [
        {
          "evidenceCode": {
            "id": "ECO:0000033",
            "label": "author statement supported by traceable reference"
          },
          "reference": {
            "id": "PMID:23566664",
            "description": "A mutation in NOTCH2 gene in a Chinese patient with Hajdu-Cheney syndrome"
          }
        }
      ]
    },
    {
      "type": {
        "id": "HP:0000574",
        "label": "Thick eyebrow"
      },
      "evidence": [
        {
          "evidenceCode": {
            "id": "ECO:0000033",
            "label": "author statement supported by traceable reference"
          },
          "reference": {
            "id": "PMID:23566664",
            "description": "A mutation in NOTCH2 gene in a Chinese patient with Hajdu-Cheney syndrome"
          }
        }
      ]
    },
    {
      "type": {
        "id": "HP:0004349",
        "label": "Reduced bone mineral density"
      },
      "evidence": [
        {
          "evidenceCode": {
            "id": "ECO:0000033",
            "label": "author statement supported by traceable reference"
          },
          "reference": {
            "id": "PMID:23566664",
            "description": "A mutation in NOTCH2 gene in a Chinese patient with Hajdu-Cheney syndrome"
          }
        }
      ]
    },
    {
      "type": {
        "id": "HP:0009771",
        "label": "Osteolytic defects of the phalanges of the hand"
      },
      "evidence": [
        {
          "evidenceCode": {
            "id": "ECO:0000033",
            "label": "author statement supported by traceable reference"
          },
          "reference": {
            "id": "PMID:23566664",
            "description": "A mutation in NOTCH2 gene in a Chinese patient with Hajdu-Cheney syndrome"
          }
        }
      ]
    },
    {
      "type": {
        "id": "HP:0012368",
        "label": "Flat face"
      },
      "evidence": [
        {
          "evidenceCode": {
            "id": "ECO:0000033",
            "label": "author statement supported by traceable reference"
          },
          "reference": {
            "id": "PMID:23566664",
            "description": "A mutation in NOTCH2 gene in a Chinese patient with Hajdu-Cheney syndrome"
          }
        }
      ]
    },
    {
      "type": {
        "id": "HP:0011927",
        "label": "Short digit"
      },
      "evidence": [
        {
          "evidenceCode": {
            "id": "ECO:0000033",
            "label": "author statement supported by traceable reference"
          },
          "reference": {
            "id": "PMID:23566664",
            "description": "A mutation in NOTCH2 gene in a Chinese patient with Hajdu-Cheney syndrome"
          }
        }
      ]
    }
  ],
  "interpretations": [
    {
      "id": "interpretation-id",
      "progressStatus": "SOLVED",
      "diagnosis": {
        "disease": {
          "id": "OMIM:102500",
          "label": "HAJDU-CHENEY SYNDROME; HJCYS"
        },
        "genomicInterpretations": [
          {
            "subjectOrBiosampleId": "proband",
            "interpretationStatus": "CAUSATIVE",
            "variantInterpretation": {
              "variationDescriptor": {
                "id": "variant-1",
                "geneContext": {
                  "valueId": "NCBIGene:4853",
                  "symbol": "NOTCH2"
                },
                "vcfRecord": {
                  "genomeAssembly": "GRCh37",
                  "chrom": "1",
                  "pos": "120458723",
                  "ref": "G",
                  "alt": "A"
                },
                "moleculeContext": "genomic",
                "allelicState": {
                  "id": "GENO:0000135",
                  "label": "heterozygous"
                }
              }
            }
          }
        ]
      }
    }
  ],
  "metaData": {
    "created": "2023-09-20T17:50:11.438063144Z",
    "createdBy": "Hpo Case Annotator : 1.0.13-SNAPSHOT",
    "submittedBy": "HPO:probinson",
    "resources": [
      {
        "id": "hp",
        "name": "human phenotype ontology",
        "url": "http://purl.obolibrary.org/obo/hp.owl",
        "version": "2018-03-08",
        "namespacePrefix": "HP",
        "iriPrefix": "http://purl.obolibrary.org/obo/HP_"
      },
      {
        "id": "pato",
        "name": "Phenotype And Trait Ontology",
        "url": "http://purl.obolibrary.org/obo/pato.owl",
        "version": "2018-03-28",
        "namespacePrefix": "PATO",
        "iriPrefix": "http://purl.obolibrary.org/obo/PATO_"
      },
      {
        "id": "geno",
        "name": "Genotype Ontology",
        "url": "http://purl.obolibrary.org/obo/geno.owl",
        "version": "19-03-2018",
        "namespacePrefix": "GENO",
        "iriPrefix": "http://purl.obolibrary.org/obo/GENO_"
      },
      {
        "id": "eco",
        "name": "Evidence and Conclusion Ontology",
        "url": "http://purl.obolibrary.org/obo/eco.owl",
        "version": "2018-11-10",
        "namespacePrefix": "ECO",
        "iriPrefix": "http://purl.obolibrary.org/obo/ECO_"
      },
      {
        "id": "omim",
        "name": "Online Mendelian Inheritance in Man",
        "url": "https://www.omim.org",
        "version": "n/a",
        "namespacePrefix": "OMIM",
        "iriPrefix": "n/a"
      }
    ],
    "phenopacketSchemaVersion": "2.0"
  }
}