{
  "id": "PMID:24533970-Jeon-2014-LAMC2-patient",
  "subject": {
    "id": "patient",
    "timeAtLastEncounter": {
      "age": {
        "iso8601duration": "P2W"
      }
    },
    "sex": "MALE"
  },
  "phenotypicFeatures": [
    {
      "type": {
        "id": "HP:0100806",
        "label": "Sepsis"
      },
      "evidence": [
        {
          "evidenceCode": {
            "id": "ECO:0000033",
            "label": "author statement supported by traceable reference"
          },
          "reference": {
            "id": "PMID:24533970",
            "description": "Novel compound heterozygous mutation in LAMC2 genes (c"
          }
        }
      ]
    },
    {
      "type": {
        "id": "HP:0200041",
        "label": "Skin erosion"
      },
      "evidence": [
        {
          "evidenceCode": {
            "id": "ECO:0000033",
            "label": "author statement supported by traceable reference"
          },
          "reference": {
            "id": "PMID:24533970",
            "description": "Novel compound heterozygous mutation in LAMC2 genes (c"
          }
        }
      ]
    },
    {
      "type": {
        "id": "HP:0031446",
        "label": "Erosion of oral mucosa"
      },
      "evidence": [
        {
          "evidenceCode": {
            "id": "ECO:0000033",
            "label": "author statement supported by traceable reference"
          },
          "reference": {
            "id": "PMID:24533970",
            "description": "Novel compound heterozygous mutation in LAMC2 genes (c"
          }
        }
      ]
    },
    {
      "type": {
        "id": "HP:0008066",
        "label": "Abnormal blistering of the skin"
      },
      "evidence": [
        {
          "evidenceCode": {
            "id": "ECO:0000033",
            "label": "author statement supported by traceable reference"
          },
          "reference": {
            "id": "PMID:24533970",
            "description": "Novel compound heterozygous mutation in LAMC2 genes (c"
          }
        }
      ]
    },
    {
      "type": {
        "id": "HP:0003341",
        "label": "Lamina lucida cleavage"
      },
      "evidence": [
        {
          "evidenceCode": {
            "id": "ECO:0000033",
            "label": "author statement supported by traceable reference"
          },
          "reference": {
            "id": "PMID:24533970",
            "description": "Novel compound heterozygous mutation in LAMC2 genes (c"
          }
        }
      ]
    }
  ],
  "interpretations": [
    {
      "id": "interpretation-id",
      "progressStatus": "SOLVED",
      "diagnosis": {
        "disease": {
          "id": "OMIM:226700",
          "label": "EPIDERMOLYSIS BULLOSA, JUNCTIONAL, HERLITZ TYPE"
        },
        "genomicInterpretations": [
          {
            "subjectOrBiosampleId": "patient",
            "interpretationStatus": "CAUSATIVE",
            "variantInterpretation": {
              "variationDescriptor": {
                "id": "variant-1",
                "geneContext": {
                  "valueId": "NCBIGene:3918",
                  "symbol": "LAMC2"
                },
                "vcfRecord": {
                  "genomeAssembly": "GRCh37",
                  "chrom": "1",
                  "pos": "183155566",
                  "ref": "G",
                  "alt": "A"
                },
                "moleculeContext": "genomic",
                "allelicState": {
                  "id": "GENO:0000135",
                  "label": "heterozygous"
                }
              }
            }
          },
          {
            "subjectOrBiosampleId": "patient",
            "interpretationStatus": "CAUSATIVE",
            "variantInterpretation": {
              "variationDescriptor": {
                "id": "variant-2",
                "geneContext": {
                  "valueId": "NCBIGene:3918",
                  "symbol": "LAMC2"
                },
                "vcfRecord": {
                  "genomeAssembly": "GRCh37",
                  "chrom": "1",
                  "pos": "183184700",
                  "ref": "G",
                  "alt": "GT"
                },
                "moleculeContext": "genomic",
                "allelicState": {
                  "id": "GENO:0000135",
                  "label": "heterozygous"
                }
              }
            }
          }
        ]
      }
    }
  ],
  "metaData": {
    "created": "2023-09-20T17:50:12.644750118Z",
    "createdBy": "Hpo Case Annotator : 1.0.13-SNAPSHOT",
    "submittedBy": "HPO:probinson",
    "resources": [
      {
        "id": "hp",
        "name": "human phenotype ontology",
        "url": "http://purl.obolibrary.org/obo/hp.owl",
        "version": "2018-03-08",
        "namespacePrefix": "HP",
        "iriPrefix": "http://purl.obolibrary.org/obo/HP_"
      },
      {
        "id": "pato",
        "name": "Phenotype And Trait Ontology",
        "url": "http://purl.obolibrary.org/obo/pato.owl",
        "version": "2018-03-28",
        "namespacePrefix": "PATO",
        "iriPrefix": "http://purl.obolibrary.org/obo/PATO_"
      },
      {
        "id": "geno",
        "name": "Genotype Ontology",
        "url": "http://purl.obolibrary.org/obo/geno.owl",
        "version": "19-03-2018",
        "namespacePrefix": "GENO",
        "iriPrefix": "http://purl.obolibrary.org/obo/GENO_"
      },
      {
        "id": "eco",
        "name": "Evidence and Conclusion Ontology",
        "url": "http://purl.obolibrary.org/obo/eco.owl",
        "version": "2018-11-10",
        "namespacePrefix": "ECO",
        "iriPrefix": "http://purl.obolibrary.org/obo/ECO_"
      },
      {
        "id": "omim",
        "name": "Online Mendelian Inheritance in Man",
        "url": "https://www.omim.org",
        "version": "n/a",
        "namespacePrefix": "OMIM",
        "iriPrefix": "n/a"
      }
    ],
    "phenopacketSchemaVersion": "2.0"
  }
}