{
  "id": "PMID:28540407-Zhu-2017-AIRE-V-1",
  "subject": {
    "id": "V-1",
    "timeAtLastEncounter": {
      "age": {
        "iso8601duration": "P19Y"
      }
    },
    "sex": "MALE"
  },
  "phenotypicFeatures": [
    {
      "type": {
        "id": "HP:0006297",
        "label": "Enamel hypoplasia"
      },
      "evidence": [
        {
          "evidenceCode": {
            "id": "ECO:0000033",
            "label": "author statement supported by traceable reference"
          },
          "reference": {
            "id": "PMID:28540407",
            "description": "A new mutation site in the AIRE gene causes autoimmune polyendocrine syndrome type 1"
          }
        }
      ]
    },
    {
      "type": {
        "id": "HP:0002901",
        "label": "Hypocalcemia"
      },
      "evidence": [
        {
          "evidenceCode": {
            "id": "ECO:0000033",
            "label": "author statement supported by traceable reference"
          },
          "reference": {
            "id": "PMID:28540407",
            "description": "A new mutation site in the AIRE gene causes autoimmune polyendocrine syndrome type 1"
          }
        }
      ]
    },
    {
      "type": {
        "id": "HP:0002024",
        "label": "Malabsorption"
      },
      "evidence": [
        {
          "evidenceCode": {
            "id": "ECO:0000033",
            "label": "author statement supported by traceable reference"
          },
          "reference": {
            "id": "PMID:28540407",
            "description": "A new mutation site in the AIRE gene causes autoimmune polyendocrine syndrome type 1"
          }
        }
      ]
    },
    {
      "type": {
        "id": "HP:0008207",
        "label": "Primary adrenal insufficiency"
      },
      "evidence": [
        {
          "evidenceCode": {
            "id": "ECO:0000033",
            "label": "author statement supported by traceable reference"
          },
          "reference": {
            "id": "PMID:28540407",
            "description": "A new mutation site in the AIRE gene causes autoimmune polyendocrine syndrome type 1"
          }
        }
      ]
    },
    {
      "type": {
        "id": "HP:0002728",
        "label": "Chronic mucocutaneous candidiasis"
      },
      "evidence": [
        {
          "evidenceCode": {
            "id": "ECO:0000033",
            "label": "author statement supported by traceable reference"
          },
          "reference": {
            "id": "PMID:28540407",
            "description": "A new mutation site in the AIRE gene causes autoimmune polyendocrine syndrome type 1"
          }
        }
      ]
    },
    {
      "type": {
        "id": "HP:0000829",
        "label": "Hypoparathyroidism"
      },
      "evidence": [
        {
          "evidenceCode": {
            "id": "ECO:0000033",
            "label": "author statement supported by traceable reference"
          },
          "reference": {
            "id": "PMID:28540407",
            "description": "A new mutation site in the AIRE gene causes autoimmune polyendocrine syndrome type 1"
          }
        }
      ]
    },
    {
      "type": {
        "id": "HP:0000790",
        "label": "Hematuria"
      },
      "evidence": [
        {
          "evidenceCode": {
            "id": "ECO:0000033",
            "label": "author statement supported by traceable reference"
          },
          "reference": {
            "id": "PMID:28540407",
            "description": "A new mutation site in the AIRE gene causes autoimmune polyendocrine syndrome type 1"
          }
        }
      ]
    },
    {
      "type": {
        "id": "HP:0000518",
        "label": "Cataract"
      },
      "evidence": [
        {
          "evidenceCode": {
            "id": "ECO:0000033",
            "label": "author statement supported by traceable reference"
          },
          "reference": {
            "id": "PMID:28540407",
            "description": "A new mutation site in the AIRE gene causes autoimmune polyendocrine syndrome type 1"
          }
        }
      ]
    },
    {
      "type": {
        "id": "HP:0002321",
        "label": "Vertigo"
      },
      "evidence": [
        {
          "evidenceCode": {
            "id": "ECO:0000033",
            "label": "author statement supported by traceable reference"
          },
          "reference": {
            "id": "PMID:28540407",
            "description": "A new mutation site in the AIRE gene causes autoimmune polyendocrine syndrome type 1"
          }
        }
      ]
    },
    {
      "type": {
        "id": "HP:0001281",
        "label": "Tetany"
      },
      "evidence": [
        {
          "evidenceCode": {
            "id": "ECO:0000033",
            "label": "author statement supported by traceable reference"
          },
          "reference": {
            "id": "PMID:28540407",
            "description": "A new mutation site in the AIRE gene causes autoimmune polyendocrine syndrome type 1"
          }
        }
      ]
    }
  ],
  "interpretations": [
    {
      "id": "interpretation-id",
      "progressStatus": "SOLVED",
      "diagnosis": {
        "disease": {
          "id": "OMIM:240300",
          "label": "AUTOIMMUNE POLYENDOCRINE SYNDROME, TYPE I, WITH OR WITHOUT REVERSIBLEMETAPHYSEAL DYSPLASIA; APS1"
        },
        "genomicInterpretations": [
          {
            "subjectOrBiosampleId": "V-1",
            "interpretationStatus": "CAUSATIVE",
            "variantInterpretation": {
              "variationDescriptor": {
                "id": "variant-1",
                "geneContext": {
                  "valueId": "NCBIGene:326",
                  "symbol": "AIRE"
                },
                "vcfRecord": {
                  "genomeAssembly": "GRCh37",
                  "chrom": "21",
                  "pos": "45706513",
                  "ref": "A",
                  "alt": "C"
                },
                "moleculeContext": "genomic",
                "allelicState": {
                  "id": "GENO:0000136",
                  "label": "homozygous"
                }
              }
            }
          }
        ]
      }
    }
  ],
  "metaData": {
    "created": "2023-09-20T17:50:14.030106782Z",
    "createdBy": "n/a",
    "submittedBy": "HPO:probinson",
    "resources": [
      {
        "id": "hp",
        "name": "human phenotype ontology",
        "url": "http://purl.obolibrary.org/obo/hp.owl",
        "version": "2018-03-08",
        "namespacePrefix": "HP",
        "iriPrefix": "http://purl.obolibrary.org/obo/HP_"
      },
      {
        "id": "pato",
        "name": "Phenotype And Trait Ontology",
        "url": "http://purl.obolibrary.org/obo/pato.owl",
        "version": "2018-03-28",
        "namespacePrefix": "PATO",
        "iriPrefix": "http://purl.obolibrary.org/obo/PATO_"
      },
      {
        "id": "geno",
        "name": "Genotype Ontology",
        "url": "http://purl.obolibrary.org/obo/geno.owl",
        "version": "19-03-2018",
        "namespacePrefix": "GENO",
        "iriPrefix": "http://purl.obolibrary.org/obo/GENO_"
      },
      {
        "id": "eco",
        "name": "Evidence and Conclusion Ontology",
        "url": "http://purl.obolibrary.org/obo/eco.owl",
        "version": "2018-11-10",
        "namespacePrefix": "ECO",
        "iriPrefix": "http://purl.obolibrary.org/obo/ECO_"
      },
      {
        "id": "omim",
        "name": "Online Mendelian Inheritance in Man",
        "url": "https://www.omim.org",
        "version": "n/a",
        "namespacePrefix": "OMIM",
        "iriPrefix": "n/a"
      }
    ],
    "phenopacketSchemaVersion": "2.0"
  }
}