{
  "id": "PMID:30103036-Zapata-Aldana-2019-TBCK-Patient_2",
  "subject": {
    "id": "Patient 2",
    "timeAtLastEncounter": {
      "age": {
        "iso8601duration": "P3Y"
      }
    },
    "sex": "FEMALE"
  },
  "phenotypicFeatures": [
    {
      "type": {
        "id": "HP:0000194",
        "label": "Open mouth"
      },
      "evidence": [
        {
          "evidenceCode": {
            "id": "ECO:0000033",
            "label": "author statement supported by traceable reference"
          },
          "reference": {
            "id": "PMID:30103036",
            "description": "Further delineation of TBCK - Infantile hypotonia with psychomotor retardation and characteristic facies type 3"
          }
        }
      ]
    },
    {
      "type": {
        "id": "HP:0100716",
        "label": "Self-injurious behavior"
      },
      "evidence": [
        {
          "evidenceCode": {
            "id": "ECO:0000033",
            "label": "author statement supported by traceable reference"
          },
          "reference": {
            "id": "PMID:30103036",
            "description": "Further delineation of TBCK - Infantile hypotonia with psychomotor retardation and characteristic facies type 3"
          }
        }
      ]
    },
    {
      "type": {
        "id": "HP:0002421",
        "label": "Poor head control"
      },
      "evidence": [
        {
          "evidenceCode": {
            "id": "ECO:0000033",
            "label": "author statement supported by traceable reference"
          },
          "reference": {
            "id": "PMID:30103036",
            "description": "Further delineation of TBCK - Infantile hypotonia with psychomotor retardation and characteristic facies type 3"
          }
        }
      ]
    },
    {
      "type": {
        "id": "HP:0000248",
        "label": "Brachycephaly"
      },
      "evidence": [
        {
          "evidenceCode": {
            "id": "ECO:0000033",
            "label": "author statement supported by traceable reference"
          },
          "reference": {
            "id": "PMID:30103036",
            "description": "Further delineation of TBCK - Infantile hypotonia with psychomotor retardation and characteristic facies type 3"
          }
        }
      ]
    },
    {
      "type": {
        "id": "HP:0000343",
        "label": "Long philtrum"
      },
      "evidence": [
        {
          "evidenceCode": {
            "id": "ECO:0000033",
            "label": "author statement supported by traceable reference"
          },
          "reference": {
            "id": "PMID:30103036",
            "description": "Further delineation of TBCK - Infantile hypotonia with psychomotor retardation and characteristic facies type 3"
          }
        }
      ]
    },
    {
      "type": {
        "id": "HP:0000490",
        "label": "Deeply set eye"
      },
      "evidence": [
        {
          "evidenceCode": {
            "id": "ECO:0000033",
            "label": "author statement supported by traceable reference"
          },
          "reference": {
            "id": "PMID:30103036",
            "description": "Further delineation of TBCK - Infantile hypotonia with psychomotor retardation and characteristic facies type 3"
          }
        }
      ]
    },
    {
      "type": {
        "id": "HP:0001270",
        "label": "Motor delay"
      },
      "evidence": [
        {
          "evidenceCode": {
            "id": "ECO:0000033",
            "label": "author statement supported by traceable reference"
          },
          "reference": {
            "id": "PMID:30103036",
            "description": "Further delineation of TBCK - Infantile hypotonia with psychomotor retardation and characteristic facies type 3"
          }
        }
      ]
    },
    {
      "type": {
        "id": "HP:0001344",
        "label": "Absent speech"
      },
      "evidence": [
        {
          "evidenceCode": {
            "id": "ECO:0000033",
            "label": "author statement supported by traceable reference"
          },
          "reference": {
            "id": "PMID:30103036",
            "description": "Further delineation of TBCK - Infantile hypotonia with psychomotor retardation and characteristic facies type 3"
          }
        }
      ]
    },
    {
      "type": {
        "id": "HP:0000817",
        "label": "Reduced eye contact"
      },
      "evidence": [
        {
          "evidenceCode": {
            "id": "ECO:0000033",
            "label": "author statement supported by traceable reference"
          },
          "reference": {
            "id": "PMID:30103036",
            "description": "Further delineation of TBCK - Infantile hypotonia with psychomotor retardation and characteristic facies type 3"
          }
        }
      ]
    },
    {
      "type": {
        "id": "HP:0000565",
        "label": "Esotropia"
      },
      "evidence": [
        {
          "evidenceCode": {
            "id": "ECO:0000033",
            "label": "author statement supported by traceable reference"
          },
          "reference": {
            "id": "PMID:30103036",
            "description": "Further delineation of TBCK - Infantile hypotonia with psychomotor retardation and characteristic facies type 3"
          }
        }
      ]
    },
    {
      "type": {
        "id": "HP:0006829",
        "label": "Severe muscular hypotonia"
      },
      "evidence": [
        {
          "evidenceCode": {
            "id": "ECO:0000033",
            "label": "author statement supported by traceable reference"
          },
          "reference": {
            "id": "PMID:30103036",
            "description": "Further delineation of TBCK - Infantile hypotonia with psychomotor retardation and characteristic facies type 3"
          }
        }
      ]
    },
    {
      "type": {
        "id": "HP:0010804",
        "label": "Tented upper lip vermilion"
      },
      "evidence": [
        {
          "evidenceCode": {
            "id": "ECO:0000033",
            "label": "author statement supported by traceable reference"
          },
          "reference": {
            "id": "PMID:30103036",
            "description": "Further delineation of TBCK - Infantile hypotonia with psychomotor retardation and characteristic facies type 3"
          }
        }
      ]
    },
    {
      "type": {
        "id": "HP:0000340",
        "label": "Sloping forehead"
      },
      "evidence": [
        {
          "evidenceCode": {
            "id": "ECO:0000033",
            "label": "author statement supported by traceable reference"
          },
          "reference": {
            "id": "PMID:30103036",
            "description": "Further delineation of TBCK - Infantile hypotonia with psychomotor retardation and characteristic facies type 3"
          }
        }
      ]
    },
    {
      "type": {
        "id": "HP:0001347",
        "label": "Hyperreflexia"
      },
      "evidence": [
        {
          "evidenceCode": {
            "id": "ECO:0000033",
            "label": "author statement supported by traceable reference"
          },
          "reference": {
            "id": "PMID:30103036",
            "description": "Further delineation of TBCK - Infantile hypotonia with psychomotor retardation and characteristic facies type 3"
          }
        }
      ]
    },
    {
      "type": {
        "id": "HP:0000586",
        "label": "Shallow orbits"
      },
      "evidence": [
        {
          "evidenceCode": {
            "id": "ECO:0000033",
            "label": "author statement supported by traceable reference"
          },
          "reference": {
            "id": "PMID:30103036",
            "description": "Further delineation of TBCK - Infantile hypotonia with psychomotor retardation and characteristic facies type 3"
          }
        }
      ]
    },
    {
      "type": {
        "id": "HP:0002878",
        "label": "Respiratory failure"
      },
      "evidence": [
        {
          "evidenceCode": {
            "id": "ECO:0000033",
            "label": "author statement supported by traceable reference"
          },
          "reference": {
            "id": "PMID:30103036",
            "description": "Further delineation of TBCK - Infantile hypotonia with psychomotor retardation and characteristic facies type 3"
          }
        }
      ]
    }
  ],
  "interpretations": [
    {
      "id": "interpretation-id",
      "progressStatus": "SOLVED",
      "diagnosis": {
        "disease": {
          "id": "OMIM:616900",
          "label": "Hypotonia, infantile, with psychomotor retardation and characteristic facies 3"
        },
        "genomicInterpretations": [
          {
            "subjectOrBiosampleId": "Patient 2",
            "interpretationStatus": "CAUSATIVE",
            "variantInterpretation": {
              "variationDescriptor": {
                "id": "variant-1",
                "geneContext": {
                  "valueId": "NCBIGene:93627",
                  "symbol": "TBCK"
                },
                "vcfRecord": {
                  "genomeAssembly": "GRCh37",
                  "chrom": "4",
                  "pos": "107169430",
                  "ref": "T",
                  "alt": "TA"
                },
                "moleculeContext": "genomic",
                "allelicState": {
                  "id": "GENO:0000136",
                  "label": "homozygous"
                }
              }
            }
          }
        ]
      }
    }
  ],
  "metaData": {
    "created": "2023-09-20T17:50:11.543040990Z",
    "createdBy": "Hpo Case Annotator : 1.0.14-SNAPSHOT",
    "submittedBy": "UNC:biocuration",
    "resources": [
      {
        "id": "hp",
        "name": "human phenotype ontology",
        "url": "http://purl.obolibrary.org/obo/hp.owl",
        "version": "2018-03-08",
        "namespacePrefix": "HP",
        "iriPrefix": "http://purl.obolibrary.org/obo/HP_"
      },
      {
        "id": "pato",
        "name": "Phenotype And Trait Ontology",
        "url": "http://purl.obolibrary.org/obo/pato.owl",
        "version": "2018-03-28",
        "namespacePrefix": "PATO",
        "iriPrefix": "http://purl.obolibrary.org/obo/PATO_"
      },
      {
        "id": "geno",
        "name": "Genotype Ontology",
        "url": "http://purl.obolibrary.org/obo/geno.owl",
        "version": "19-03-2018",
        "namespacePrefix": "GENO",
        "iriPrefix": "http://purl.obolibrary.org/obo/GENO_"
      },
      {
        "id": "eco",
        "name": "Evidence and Conclusion Ontology",
        "url": "http://purl.obolibrary.org/obo/eco.owl",
        "version": "2018-11-10",
        "namespacePrefix": "ECO",
        "iriPrefix": "http://purl.obolibrary.org/obo/ECO_"
      },
      {
        "id": "omim",
        "name": "Online Mendelian Inheritance in Man",
        "url": "https://www.omim.org",
        "version": "n/a",
        "namespacePrefix": "OMIM",
        "iriPrefix": "n/a"
      }
    ],
    "phenopacketSchemaVersion": "2.0"
  }
}