{
  "id": "PMID:30473892-Al-Hashmi-2018-SNX14-IV-1",
  "subject": {
    "id": "IV-1",
    "timeAtLastEncounter": {
      "age": {
        "iso8601duration": "P6Y9M"
      }
    },
    "sex": "FEMALE"
  },
  "phenotypicFeatures": [
    {
      "type": {
        "id": "HP:0000280",
        "label": "Coarse facial features"
      },
      "evidence": [
        {
          "evidenceCode": {
            "id": "ECO:0000033",
            "label": "author statement supported by traceable reference"
          },
          "reference": {
            "id": "PMID:30473892",
            "description": "Exome Sequencing Identifies a Novel Sorting Nexin 14 Gene Mutation Causing Cerebellar Atrophy and Intellectual Disability"
          }
        }
      ]
    },
    {
      "type": {
        "id": "HP:0002783",
        "label": "Recurrent lower respiratory tract infections"
      },
      "evidence": [
        {
          "evidenceCode": {
            "id": "ECO:0000033",
            "label": "author statement supported by traceable reference"
          },
          "reference": {
            "id": "PMID:30473892",
            "description": "Exome Sequencing Identifies a Novel Sorting Nexin 14 Gene Mutation Causing Cerebellar Atrophy and Intellectual Disability"
          }
        }
      ]
    },
    {
      "type": {
        "id": "HP:0010471",
        "label": "Oligosacchariduria"
      },
      "evidence": [
        {
          "evidenceCode": {
            "id": "ECO:0000033",
            "label": "author statement supported by traceable reference"
          },
          "reference": {
            "id": "PMID:30473892",
            "description": "Exome Sequencing Identifies a Novel Sorting Nexin 14 Gene Mutation Causing Cerebellar Atrophy and Intellectual Disability"
          }
        }
      ]
    },
    {
      "type": {
        "id": "HP:0003355",
        "label": "Aminoaciduria"
      },
      "evidence": [
        {
          "evidenceCode": {
            "id": "ECO:0000033",
            "label": "author statement supported by traceable reference"
          },
          "reference": {
            "id": "PMID:30473892",
            "description": "Exome Sequencing Identifies a Novel Sorting Nexin 14 Gene Mutation Causing Cerebellar Atrophy and Intellectual Disability"
          }
        }
      ]
    },
    {
      "type": {
        "id": "HP:0000286",
        "label": "Epicanthus"
      },
      "evidence": [
        {
          "evidenceCode": {
            "id": "ECO:0000033",
            "label": "author statement supported by traceable reference"
          },
          "reference": {
            "id": "PMID:30473892",
            "description": "Exome Sequencing Identifies a Novel Sorting Nexin 14 Gene Mutation Causing Cerebellar Atrophy and Intellectual Disability"
          }
        }
      ]
    },
    {
      "type": {
        "id": "HP:0005280",
        "label": "Depressed nasal bridge"
      },
      "evidence": [
        {
          "evidenceCode": {
            "id": "ECO:0000033",
            "label": "author statement supported by traceable reference"
          },
          "reference": {
            "id": "PMID:30473892",
            "description": "Exome Sequencing Identifies a Novel Sorting Nexin 14 Gene Mutation Causing Cerebellar Atrophy and Intellectual Disability"
          }
        }
      ]
    },
    {
      "type": {
        "id": "HP:0000316",
        "label": "Hypertelorism"
      },
      "evidence": [
        {
          "evidenceCode": {
            "id": "ECO:0000033",
            "label": "author statement supported by traceable reference"
          },
          "reference": {
            "id": "PMID:30473892",
            "description": "Exome Sequencing Identifies a Novel Sorting Nexin 14 Gene Mutation Causing Cerebellar Atrophy and Intellectual Disability"
          }
        }
      ]
    },
    {
      "type": {
        "id": "HP:0000639",
        "label": "Nystagmus"
      },
      "evidence": [
        {
          "evidenceCode": {
            "id": "ECO:0000033",
            "label": "author statement supported by traceable reference"
          },
          "reference": {
            "id": "PMID:30473892",
            "description": "Exome Sequencing Identifies a Novel Sorting Nexin 14 Gene Mutation Causing Cerebellar Atrophy and Intellectual Disability"
          }
        }
      ]
    },
    {
      "type": {
        "id": "HP:0001290",
        "label": "Generalized hypotonia"
      },
      "evidence": [
        {
          "evidenceCode": {
            "id": "ECO:0000033",
            "label": "author statement supported by traceable reference"
          },
          "reference": {
            "id": "PMID:30473892",
            "description": "Exome Sequencing Identifies a Novel Sorting Nexin 14 Gene Mutation Causing Cerebellar Atrophy and Intellectual Disability"
          }
        }
      ]
    },
    {
      "type": {
        "id": "HP:0008155",
        "label": "Mucopolysacchariduria"
      },
      "evidence": [
        {
          "evidenceCode": {
            "id": "ECO:0000033",
            "label": "author statement supported by traceable reference"
          },
          "reference": {
            "id": "PMID:30473892",
            "description": "Exome Sequencing Identifies a Novel Sorting Nexin 14 Gene Mutation Causing Cerebellar Atrophy and Intellectual Disability"
          }
        }
      ]
    },
    {
      "type": {
        "id": "HP:0040129",
        "label": "Abnormal nerve conduction velocity"
      },
      "evidence": [
        {
          "evidenceCode": {
            "id": "ECO:0000033",
            "label": "author statement supported by traceable reference"
          },
          "reference": {
            "id": "PMID:30473892",
            "description": "Exome Sequencing Identifies a Novel Sorting Nexin 14 Gene Mutation Causing Cerebellar Atrophy and Intellectual Disability"
          }
        }
      ]
    },
    {
      "type": {
        "id": "HP:0002780",
        "label": "Bronchomalacia"
      },
      "evidence": [
        {
          "evidenceCode": {
            "id": "ECO:0000033",
            "label": "author statement supported by traceable reference"
          },
          "reference": {
            "id": "PMID:30473892",
            "description": "Exome Sequencing Identifies a Novel Sorting Nexin 14 Gene Mutation Causing Cerebellar Atrophy and Intellectual Disability"
          }
        }
      ]
    },
    {
      "type": {
        "id": "HP:0001272",
        "label": "Cerebellar atrophy"
      },
      "evidence": [
        {
          "evidenceCode": {
            "id": "ECO:0000033",
            "label": "author statement supported by traceable reference"
          },
          "reference": {
            "id": "PMID:30473892",
            "description": "Exome Sequencing Identifies a Novel Sorting Nexin 14 Gene Mutation Causing Cerebellar Atrophy and Intellectual Disability"
          }
        }
      ]
    },
    {
      "type": {
        "id": "HP:0001684",
        "label": "Secundum atrial septal defect"
      },
      "evidence": [
        {
          "evidenceCode": {
            "id": "ECO:0000033",
            "label": "author statement supported by traceable reference"
          },
          "reference": {
            "id": "PMID:30473892",
            "description": "Exome Sequencing Identifies a Novel Sorting Nexin 14 Gene Mutation Causing Cerebellar Atrophy and Intellectual Disability"
          }
        }
      ]
    },
    {
      "type": {
        "id": "HP:0001250",
        "label": "Seizure"
      },
      "evidence": [
        {
          "evidenceCode": {
            "id": "ECO:0000033",
            "label": "author statement supported by traceable reference"
          },
          "reference": {
            "id": "PMID:30473892",
            "description": "Exome Sequencing Identifies a Novel Sorting Nexin 14 Gene Mutation Causing Cerebellar Atrophy and Intellectual Disability"
          }
        }
      ]
    },
    {
      "type": {
        "id": "HP:0001249",
        "label": "Intellectual disability"
      },
      "evidence": [
        {
          "evidenceCode": {
            "id": "ECO:0000033",
            "label": "author statement supported by traceable reference"
          },
          "reference": {
            "id": "PMID:30473892",
            "description": "Exome Sequencing Identifies a Novel Sorting Nexin 14 Gene Mutation Causing Cerebellar Atrophy and Intellectual Disability"
          }
        }
      ]
    },
    {
      "type": {
        "id": "HP:0002540",
        "label": "Inability to walk"
      },
      "evidence": [
        {
          "evidenceCode": {
            "id": "ECO:0000033",
            "label": "author statement supported by traceable reference"
          },
          "reference": {
            "id": "PMID:30473892",
            "description": "Exome Sequencing Identifies a Novel Sorting Nexin 14 Gene Mutation Causing Cerebellar Atrophy and Intellectual Disability"
          }
        }
      ]
    },
    {
      "type": {
        "id": "HP:0001263",
        "label": "Global developmental delay"
      },
      "evidence": [
        {
          "evidenceCode": {
            "id": "ECO:0000033",
            "label": "author statement supported by traceable reference"
          },
          "reference": {
            "id": "PMID:30473892",
            "description": "Exome Sequencing Identifies a Novel Sorting Nexin 14 Gene Mutation Causing Cerebellar Atrophy and Intellectual Disability"
          }
        }
      ]
    }
  ],
  "interpretations": [
    {
      "id": "interpretation-id",
      "progressStatus": "SOLVED",
      "diagnosis": {
        "disease": {
          "id": "OMIM:616354",
          "label": "SPINOCEREBELLAR ATAXIA, AUTOSOMAL RECESSIVE 20; SCAR20"
        },
        "genomicInterpretations": [
          {
            "subjectOrBiosampleId": "IV-1",
            "interpretationStatus": "CAUSATIVE",
            "variantInterpretation": {
              "variationDescriptor": {
                "id": "variant-1",
                "geneContext": {
                  "valueId": "NCBIGene:57231",
                  "symbol": "SNX14"
                },
                "vcfRecord": {
                  "genomeAssembly": "GRCh37",
                  "chrom": "6",
                  "pos": "86224293",
                  "ref": "TTCTC",
                  "alt": "T"
                },
                "moleculeContext": "genomic",
                "allelicState": {
                  "id": "GENO:0000136",
                  "label": "homozygous"
                }
              }
            }
          }
        ]
      }
    }
  ],
  "metaData": {
    "created": "2023-09-20T17:50:11.493490934Z",
    "createdBy": "Hpo Case Annotator : 1.0.13-SNAPSHOT",
    "submittedBy": "HPO:probinson",
    "resources": [
      {
        "id": "hp",
        "name": "human phenotype ontology",
        "url": "http://purl.obolibrary.org/obo/hp.owl",
        "version": "2018-03-08",
        "namespacePrefix": "HP",
        "iriPrefix": "http://purl.obolibrary.org/obo/HP_"
      },
      {
        "id": "pato",
        "name": "Phenotype And Trait Ontology",
        "url": "http://purl.obolibrary.org/obo/pato.owl",
        "version": "2018-03-28",
        "namespacePrefix": "PATO",
        "iriPrefix": "http://purl.obolibrary.org/obo/PATO_"
      },
      {
        "id": "geno",
        "name": "Genotype Ontology",
        "url": "http://purl.obolibrary.org/obo/geno.owl",
        "version": "19-03-2018",
        "namespacePrefix": "GENO",
        "iriPrefix": "http://purl.obolibrary.org/obo/GENO_"
      },
      {
        "id": "eco",
        "name": "Evidence and Conclusion Ontology",
        "url": "http://purl.obolibrary.org/obo/eco.owl",
        "version": "2018-11-10",
        "namespacePrefix": "ECO",
        "iriPrefix": "http://purl.obolibrary.org/obo/ECO_"
      },
      {
        "id": "omim",
        "name": "Online Mendelian Inheritance in Man",
        "url": "https://www.omim.org",
        "version": "n/a",
        "namespacePrefix": "OMIM",
        "iriPrefix": "n/a"
      }
    ],
    "phenopacketSchemaVersion": "2.0"
  }
}