{
  "id": "PMID:28132690-Oud-2017-EXTL3-C:II-1",
  "subject": {
    "id": "C:II-1",
    "timeAtLastEncounter": {
      "age": {
        "iso8601duration": "P12Y"
      }
    },
    "sex": "FEMALE"
  },
  "phenotypicFeatures": [
    {
      "type": {
        "id": "HP:0011569",
        "label": "Cleft anterior mitral valve leaflet"
      },
      "evidence": [
        {
          "evidenceCode": {
            "id": "ECO:0000033",
            "label": "author statement supported by traceable reference"
          },
          "reference": {
            "id": "PMID:28132690",
            "description": "Mutations in EXTL3 Cause Neuro-immuno-skeletal Dysplasia Syndrome"
          }
        }
      ]
    },
    {
      "type": {
        "id": "HP:0001363",
        "label": "Craniosynostosis"
      },
      "evidence": [
        {
          "evidenceCode": {
            "id": "ECO:0000033",
            "label": "author statement supported by traceable reference"
          },
          "reference": {
            "id": "PMID:28132690",
            "description": "Mutations in EXTL3 Cause Neuro-immuno-skeletal Dysplasia Syndrome"
          }
        }
      ]
    },
    {
      "type": {
        "id": "HP:0000193",
        "label": "Bifid uvula"
      },
      "evidence": [
        {
          "evidenceCode": {
            "id": "ECO:0000033",
            "label": "author statement supported by traceable reference"
          },
          "reference": {
            "id": "PMID:28132690",
            "description": "Mutations in EXTL3 Cause Neuro-immuno-skeletal Dysplasia Syndrome"
          }
        }
      ]
    },
    {
      "type": {
        "id": "HP:0002652",
        "label": "Skeletal dysplasia"
      },
      "evidence": [
        {
          "evidenceCode": {
            "id": "ECO:0000033",
            "label": "author statement supported by traceable reference"
          },
          "reference": {
            "id": "PMID:28132690",
            "description": "Mutations in EXTL3 Cause Neuro-immuno-skeletal Dysplasia Syndrome"
          }
        }
      ]
    },
    {
      "type": {
        "id": "HP:0002904",
        "label": "Hyperbilirubinemia"
      },
      "evidence": [
        {
          "evidenceCode": {
            "id": "ECO:0000033",
            "label": "author statement supported by traceable reference"
          },
          "reference": {
            "id": "PMID:28132690",
            "description": "Mutations in EXTL3 Cause Neuro-immuno-skeletal Dysplasia Syndrome"
          }
        }
      ]
    },
    {
      "type": {
        "id": "HP:0008454",
        "label": "Lumbar kyphosis"
      },
      "evidence": [
        {
          "evidenceCode": {
            "id": "ECO:0000033",
            "label": "author statement supported by traceable reference"
          },
          "reference": {
            "id": "PMID:28132690",
            "description": "Mutations in EXTL3 Cause Neuro-immuno-skeletal Dysplasia Syndrome"
          }
        }
      ]
    },
    {
      "type": {
        "id": "HP:0001888",
        "label": "Lymphopenia"
      },
      "evidence": [
        {
          "evidenceCode": {
            "id": "ECO:0000033",
            "label": "author statement supported by traceable reference"
          },
          "reference": {
            "id": "PMID:28132690",
            "description": "Mutations in EXTL3 Cause Neuro-immuno-skeletal Dysplasia Syndrome"
          }
        }
      ]
    },
    {
      "type": {
        "id": "HP:0001655",
        "label": "Patent foramen ovale"
      },
      "evidence": [
        {
          "evidenceCode": {
            "id": "ECO:0000033",
            "label": "author statement supported by traceable reference"
          },
          "reference": {
            "id": "PMID:28132690",
            "description": "Mutations in EXTL3 Cause Neuro-immuno-skeletal Dysplasia Syndrome"
          }
        }
      ]
    },
    {
      "type": {
        "id": "HP:0001999",
        "label": "Abnormal facial shape"
      },
      "evidence": [
        {
          "evidenceCode": {
            "id": "ECO:0000033",
            "label": "author statement supported by traceable reference"
          },
          "reference": {
            "id": "PMID:28132690",
            "description": "Mutations in EXTL3 Cause Neuro-immuno-skeletal Dysplasia Syndrome"
          }
        }
      ]
    },
    {
      "type": {
        "id": "HP:0002205",
        "label": "Recurrent respiratory infections"
      },
      "evidence": [
        {
          "evidenceCode": {
            "id": "ECO:0000033",
            "label": "author statement supported by traceable reference"
          },
          "reference": {
            "id": "PMID:28132690",
            "description": "Mutations in EXTL3 Cause Neuro-immuno-skeletal Dysplasia Syndrome"
          }
        }
      ]
    },
    {
      "type": {
        "id": "HP:0001943",
        "label": "Hypoglycemia"
      },
      "evidence": [
        {
          "evidenceCode": {
            "id": "ECO:0000033",
            "label": "author statement supported by traceable reference"
          },
          "reference": {
            "id": "PMID:28132690",
            "description": "Mutations in EXTL3 Cause Neuro-immuno-skeletal Dysplasia Syndrome"
          }
        }
      ]
    },
    {
      "type": {
        "id": "HP:0000158",
        "label": "Macroglossia"
      },
      "evidence": [
        {
          "evidenceCode": {
            "id": "ECO:0000033",
            "label": "author statement supported by traceable reference"
          },
          "reference": {
            "id": "PMID:28132690",
            "description": "Mutations in EXTL3 Cause Neuro-immuno-skeletal Dysplasia Syndrome"
          }
        }
      ]
    }
  ],
  "interpretations": [
    {
      "id": "interpretation-id",
      "progressStatus": "SOLVED",
      "diagnosis": {
        "disease": {
          "id": "OMIM:617425",
          "label": "Immunoskeletal dysplasia with neurodevelopmental abnormalities"
        },
        "genomicInterpretations": [
          {
            "subjectOrBiosampleId": "C:II-1",
            "interpretationStatus": "CAUSATIVE",
            "variantInterpretation": {
              "variationDescriptor": {
                "id": "variant-1",
                "geneContext": {
                  "valueId": "NCBIGene:2137",
                  "symbol": "EXTL3"
                },
                "vcfRecord": {
                  "genomeAssembly": "GRCh37",
                  "chrom": "8",
                  "pos": "28574958",
                  "ref": "C",
                  "alt": "T"
                },
                "moleculeContext": "genomic",
                "allelicState": {
                  "id": "GENO:0000136",
                  "label": "homozygous"
                }
              }
            }
          }
        ]
      }
    }
  ],
  "metaData": {
    "created": "2023-09-20T17:50:15.897962093Z",
    "createdBy": "Hpo Case Annotator : 1.0.14-SNAPSHOT",
    "submittedBy": "UNC:biocuration",
    "resources": [
      {
        "id": "hp",
        "name": "human phenotype ontology",
        "url": "http://purl.obolibrary.org/obo/hp.owl",
        "version": "2018-03-08",
        "namespacePrefix": "HP",
        "iriPrefix": "http://purl.obolibrary.org/obo/HP_"
      },
      {
        "id": "pato",
        "name": "Phenotype And Trait Ontology",
        "url": "http://purl.obolibrary.org/obo/pato.owl",
        "version": "2018-03-28",
        "namespacePrefix": "PATO",
        "iriPrefix": "http://purl.obolibrary.org/obo/PATO_"
      },
      {
        "id": "geno",
        "name": "Genotype Ontology",
        "url": "http://purl.obolibrary.org/obo/geno.owl",
        "version": "19-03-2018",
        "namespacePrefix": "GENO",
        "iriPrefix": "http://purl.obolibrary.org/obo/GENO_"
      },
      {
        "id": "eco",
        "name": "Evidence and Conclusion Ontology",
        "url": "http://purl.obolibrary.org/obo/eco.owl",
        "version": "2018-11-10",
        "namespacePrefix": "ECO",
        "iriPrefix": "http://purl.obolibrary.org/obo/ECO_"
      },
      {
        "id": "omim",
        "name": "Online Mendelian Inheritance in Man",
        "url": "https://www.omim.org",
        "version": "n/a",
        "namespacePrefix": "OMIM",
        "iriPrefix": "n/a"
      }
    ],
    "phenopacketSchemaVersion": "2.0"
  }
}