{
  "id": "PMID:29330883-Jordan-2018-RERE-Subject_8",
  "subject": {
    "id": "Subject 8",
    "timeAtLastEncounter": {
      "age": {
        "iso8601duration": "P8Y"
      }
    },
    "sex": "FEMALE"
  },
  "phenotypicFeatures": [
    {
      "type": {
        "id": "HP:0001249",
        "label": "Intellectual disability"
      },
      "evidence": [
        {
          "evidenceCode": {
            "id": "ECO:0000033",
            "label": "author statement supported by traceable reference"
          },
          "reference": {
            "id": "PMID:29330883",
            "description": "Genotype-phenotype correlations in individuals with pathogenic RERE variants"
          }
        }
      ]
    },
    {
      "type": {
        "id": "HP:0002376",
        "label": "Developmental regression"
      },
      "evidence": [
        {
          "evidenceCode": {
            "id": "ECO:0000033",
            "label": "author statement supported by traceable reference"
          },
          "reference": {
            "id": "PMID:29330883",
            "description": "Genotype-phenotype correlations in individuals with pathogenic RERE variants"
          }
        }
      ]
    },
    {
      "type": {
        "id": "HP:0000453",
        "label": "Choanal atresia"
      },
      "evidence": [
        {
          "evidenceCode": {
            "id": "ECO:0000033",
            "label": "author statement supported by traceable reference"
          },
          "reference": {
            "id": "PMID:29330883",
            "description": "Genotype-phenotype correlations in individuals with pathogenic RERE variants"
          }
        }
      ]
    },
    {
      "type": {
        "id": "HP:0001371",
        "label": "Flexion contracture"
      },
      "evidence": [
        {
          "evidenceCode": {
            "id": "ECO:0000033",
            "label": "author statement supported by traceable reference"
          },
          "reference": {
            "id": "PMID:29330883",
            "description": "Genotype-phenotype correlations in individuals with pathogenic RERE variants"
          }
        }
      ]
    },
    {
      "type": {
        "id": "HP:0001385",
        "label": "Hip dysplasia"
      },
      "evidence": [
        {
          "evidenceCode": {
            "id": "ECO:0000033",
            "label": "author statement supported by traceable reference"
          },
          "reference": {
            "id": "PMID:29330883",
            "description": "Genotype-phenotype correlations in individuals with pathogenic RERE variants"
          }
        }
      ]
    },
    {
      "type": {
        "id": "HP:0000357",
        "label": "Abnormal location of ears"
      },
      "evidence": [
        {
          "evidenceCode": {
            "id": "ECO:0000033",
            "label": "author statement supported by traceable reference"
          },
          "reference": {
            "id": "PMID:29330883",
            "description": "Genotype-phenotype correlations in individuals with pathogenic RERE variants"
          }
        }
      ]
    },
    {
      "type": {
        "id": "HP:0001511",
        "label": "Intrauterine growth retardation"
      },
      "evidence": [
        {
          "evidenceCode": {
            "id": "ECO:0000033",
            "label": "author statement supported by traceable reference"
          },
          "reference": {
            "id": "PMID:29330883",
            "description": "Genotype-phenotype correlations in individuals with pathogenic RERE variants"
          }
        }
      ]
    },
    {
      "type": {
        "id": "HP:0004322",
        "label": "Short stature"
      },
      "evidence": [
        {
          "evidenceCode": {
            "id": "ECO:0000033",
            "label": "author statement supported by traceable reference"
          },
          "reference": {
            "id": "PMID:29330883",
            "description": "Genotype-phenotype correlations in individuals with pathogenic RERE variants"
          }
        }
      ]
    },
    {
      "type": {
        "id": "HP:0001290",
        "label": "Generalized hypotonia"
      },
      "evidence": [
        {
          "evidenceCode": {
            "id": "ECO:0000033",
            "label": "author statement supported by traceable reference"
          },
          "reference": {
            "id": "PMID:29330883",
            "description": "Genotype-phenotype correlations in individuals with pathogenic RERE variants"
          }
        }
      ]
    },
    {
      "type": {
        "id": "HP:0004502",
        "label": "Bilateral choanal atresia"
      },
      "evidence": [
        {
          "evidenceCode": {
            "id": "ECO:0000033",
            "label": "author statement supported by traceable reference"
          },
          "reference": {
            "id": "PMID:29330883",
            "description": "Genotype-phenotype correlations in individuals with pathogenic RERE variants"
          }
        }
      ]
    },
    {
      "type": {
        "id": "HP:0000365",
        "label": "Hearing impairment"
      },
      "evidence": [
        {
          "evidenceCode": {
            "id": "ECO:0000033",
            "label": "author statement supported by traceable reference"
          },
          "reference": {
            "id": "PMID:29330883",
            "description": "Genotype-phenotype correlations in individuals with pathogenic RERE variants"
          }
        }
      ]
    },
    {
      "type": {
        "id": "HP:0002355",
        "label": "Difficulty walking"
      },
      "evidence": [
        {
          "evidenceCode": {
            "id": "ECO:0000033",
            "label": "author statement supported by traceable reference"
          },
          "reference": {
            "id": "PMID:29330883",
            "description": "Genotype-phenotype correlations in individuals with pathogenic RERE variants"
          }
        }
      ]
    },
    {
      "type": {
        "id": "HP:0001649",
        "label": "Tachycardia"
      },
      "evidence": [
        {
          "evidenceCode": {
            "id": "ECO:0000033",
            "label": "author statement supported by traceable reference"
          },
          "reference": {
            "id": "PMID:29330883",
            "description": "Genotype-phenotype correlations in individuals with pathogenic RERE variants"
          }
        }
      ]
    },
    {
      "type": {
        "id": "HP:0000589",
        "label": "Coloboma"
      },
      "evidence": [
        {
          "evidenceCode": {
            "id": "ECO:0000033",
            "label": "author statement supported by traceable reference"
          },
          "reference": {
            "id": "PMID:29330883",
            "description": "Genotype-phenotype correlations in individuals with pathogenic RERE variants"
          }
        }
      ]
    },
    {
      "type": {
        "id": "HP:0000612",
        "label": "Iris coloboma"
      },
      "evidence": [
        {
          "evidenceCode": {
            "id": "ECO:0000033",
            "label": "author statement supported by traceable reference"
          },
          "reference": {
            "id": "PMID:29330883",
            "description": "Genotype-phenotype correlations in individuals with pathogenic RERE variants"
          }
        }
      ]
    },
    {
      "type": {
        "id": "HP:0000567",
        "label": "Chorioretinal coloboma"
      },
      "evidence": [
        {
          "evidenceCode": {
            "id": "ECO:0000033",
            "label": "author statement supported by traceable reference"
          },
          "reference": {
            "id": "PMID:29330883",
            "description": "Genotype-phenotype correlations in individuals with pathogenic RERE variants"
          }
        }
      ]
    },
    {
      "type": {
        "id": "HP:0000385",
        "label": "Small earlobe"
      },
      "evidence": [
        {
          "evidenceCode": {
            "id": "ECO:0000033",
            "label": "author statement supported by traceable reference"
          },
          "reference": {
            "id": "PMID:29330883",
            "description": "Genotype-phenotype correlations in individuals with pathogenic RERE variants"
          }
        }
      ]
    },
    {
      "type": {
        "id": "HP:0001344",
        "label": "Absent speech"
      },
      "evidence": [
        {
          "evidenceCode": {
            "id": "ECO:0000033",
            "label": "author statement supported by traceable reference"
          },
          "reference": {
            "id": "PMID:29330883",
            "description": "Genotype-phenotype correlations in individuals with pathogenic RERE variants"
          }
        }
      ]
    },
    {
      "type": {
        "id": "HP:0000077",
        "label": "Abnormality of the kidney"
      },
      "evidence": [
        {
          "evidenceCode": {
            "id": "ECO:0000033",
            "label": "author statement supported by traceable reference"
          },
          "reference": {
            "id": "PMID:29330883",
            "description": "Genotype-phenotype correlations in individuals with pathogenic RERE variants"
          }
        }
      ]
    },
    {
      "type": {
        "id": "HP:0000431",
        "label": "Wide nasal bridge"
      },
      "evidence": [
        {
          "evidenceCode": {
            "id": "ECO:0000033",
            "label": "author statement supported by traceable reference"
          },
          "reference": {
            "id": "PMID:29330883",
            "description": "Genotype-phenotype correlations in individuals with pathogenic RERE variants"
          }
        }
      ]
    },
    {
      "type": {
        "id": "HP:0011849",
        "label": "Abnormal bone ossification"
      },
      "evidence": [
        {
          "evidenceCode": {
            "id": "ECO:0000033",
            "label": "author statement supported by traceable reference"
          },
          "reference": {
            "id": "PMID:29330883",
            "description": "Genotype-phenotype correlations in individuals with pathogenic RERE variants"
          }
        }
      ]
    },
    {
      "type": {
        "id": "HP:0003698",
        "label": "Difficulty standing"
      },
      "evidence": [
        {
          "evidenceCode": {
            "id": "ECO:0000033",
            "label": "author statement supported by traceable reference"
          },
          "reference": {
            "id": "PMID:29330883",
            "description": "Genotype-phenotype correlations in individuals with pathogenic RERE variants"
          }
        }
      ]
    },
    {
      "type": {
        "id": "HP:0000408",
        "label": "Progressive sensorineural hearing impairment"
      },
      "evidence": [
        {
          "evidenceCode": {
            "id": "ECO:0000033",
            "label": "author statement supported by traceable reference"
          },
          "reference": {
            "id": "PMID:29330883",
            "description": "Genotype-phenotype correlations in individuals with pathogenic RERE variants"
          }
        }
      ]
    },
    {
      "type": {
        "id": "HP:0002098",
        "label": "Respiratory distress"
      },
      "evidence": [
        {
          "evidenceCode": {
            "id": "ECO:0000033",
            "label": "author statement supported by traceable reference"
          },
          "reference": {
            "id": "PMID:29330883",
            "description": "Genotype-phenotype correlations in individuals with pathogenic RERE variants"
          }
        }
      ]
    },
    {
      "type": {
        "id": "HP:0012803",
        "label": "Anisometropia"
      },
      "evidence": [
        {
          "evidenceCode": {
            "id": "ECO:0000033",
            "label": "author statement supported by traceable reference"
          },
          "reference": {
            "id": "PMID:29330883",
            "description": "Genotype-phenotype correlations in individuals with pathogenic RERE variants"
          }
        }
      ]
    },
    {
      "type": {
        "id": "HP:0002650",
        "label": "Scoliosis"
      },
      "evidence": [
        {
          "evidenceCode": {
            "id": "ECO:0000033",
            "label": "author statement supported by traceable reference"
          },
          "reference": {
            "id": "PMID:29330883",
            "description": "Genotype-phenotype correlations in individuals with pathogenic RERE variants"
          }
        }
      ]
    },
    {
      "type": {
        "id": "HP:0000395",
        "label": "Prominent antihelix"
      },
      "evidence": [
        {
          "evidenceCode": {
            "id": "ECO:0000033",
            "label": "author statement supported by traceable reference"
          },
          "reference": {
            "id": "PMID:29330883",
            "description": "Genotype-phenotype correlations in individuals with pathogenic RERE variants"
          }
        }
      ]
    },
    {
      "type": {
        "id": "HP:0004384",
        "label": "Type I truncus arteriosus"
      },
      "evidence": [
        {
          "evidenceCode": {
            "id": "ECO:0000033",
            "label": "author statement supported by traceable reference"
          },
          "reference": {
            "id": "PMID:29330883",
            "description": "Genotype-phenotype correlations in individuals with pathogenic RERE variants"
          }
        }
      ]
    },
    {
      "type": {
        "id": "HP:0012368",
        "label": "Flat face"
      },
      "evidence": [
        {
          "evidenceCode": {
            "id": "ECO:0000033",
            "label": "author statement supported by traceable reference"
          },
          "reference": {
            "id": "PMID:29330883",
            "description": "Genotype-phenotype correlations in individuals with pathogenic RERE variants"
          }
        }
      ]
    },
    {
      "type": {
        "id": "HP:0001252",
        "label": "Hypotonia"
      },
      "evidence": [
        {
          "evidenceCode": {
            "id": "ECO:0000033",
            "label": "author statement supported by traceable reference"
          },
          "reference": {
            "id": "PMID:29330883",
            "description": "Genotype-phenotype correlations in individuals with pathogenic RERE variants"
          }
        }
      ]
    },
    {
      "type": {
        "id": "HP:0002944",
        "label": "Thoracolumbar scoliosis"
      },
      "evidence": [
        {
          "evidenceCode": {
            "id": "ECO:0000033",
            "label": "author statement supported by traceable reference"
          },
          "reference": {
            "id": "PMID:29330883",
            "description": "Genotype-phenotype correlations in individuals with pathogenic RERE variants"
          }
        }
      ]
    },
    {
      "type": {
        "id": "HP:0001263",
        "label": "Global developmental delay"
      },
      "evidence": [
        {
          "evidenceCode": {
            "id": "ECO:0000033",
            "label": "author statement supported by traceable reference"
          },
          "reference": {
            "id": "PMID:29330883",
            "description": "Genotype-phenotype correlations in individuals with pathogenic RERE variants"
          }
        }
      ]
    },
    {
      "type": {
        "id": "HP:0000708",
        "label": "Atypical behavior"
      },
      "evidence": [
        {
          "evidenceCode": {
            "id": "ECO:0000033",
            "label": "author statement supported by traceable reference"
          },
          "reference": {
            "id": "PMID:29330883",
            "description": "Genotype-phenotype correlations in individuals with pathogenic RERE variants"
          }
        }
      ]
    },
    {
      "type": {
        "id": "HP:0000316",
        "label": "Hypertelorism"
      },
      "evidence": [
        {
          "evidenceCode": {
            "id": "ECO:0000033",
            "label": "author statement supported by traceable reference"
          },
          "reference": {
            "id": "PMID:29330883",
            "description": "Genotype-phenotype correlations in individuals with pathogenic RERE variants"
          }
        }
      ]
    },
    {
      "type": {
        "id": "HP:0004755",
        "label": "Supraventricular tachycardia"
      },
      "evidence": [
        {
          "evidenceCode": {
            "id": "ECO:0000033",
            "label": "author statement supported by traceable reference"
          },
          "reference": {
            "id": "PMID:29330883",
            "description": "Genotype-phenotype correlations in individuals with pathogenic RERE variants"
          }
        }
      ]
    },
    {
      "type": {
        "id": "HP:0001250",
        "label": "Seizure"
      },
      "evidence": [
        {
          "evidenceCode": {
            "id": "ECO:0000033",
            "label": "author statement supported by traceable reference"
          },
          "reference": {
            "id": "PMID:29330883",
            "description": "Genotype-phenotype correlations in individuals with pathogenic RERE variants"
          }
        }
      ]
    },
    {
      "type": {
        "id": "HP:0001510",
        "label": "Growth delay"
      },
      "evidence": [
        {
          "evidenceCode": {
            "id": "ECO:0000033",
            "label": "author statement supported by traceable reference"
          },
          "reference": {
            "id": "PMID:29330883",
            "description": "Genotype-phenotype correlations in individuals with pathogenic RERE variants"
          }
        }
      ]
    }
  ],
  "interpretations": [
    {
      "id": "interpretation-id",
      "progressStatus": "SOLVED",
      "diagnosis": {
        "disease": {
          "id": "OMIM:616975",
          "label": "Neurodevelopmental disorder with or without anomalies of the brain, eye, or heart"
        },
        "genomicInterpretations": [
          {
            "subjectOrBiosampleId": "Subject 8",
            "interpretationStatus": "CAUSATIVE",
            "variantInterpretation": {
              "variationDescriptor": {
                "id": "variant-1",
                "geneContext": {
                  "valueId": "NCBIGene:473",
                  "symbol": "RERE"
                },
                "vcfRecord": {
                  "genomeAssembly": "GRCh37",
                  "chrom": "1",
                  "pos": "8418276",
                  "ref": "T",
                  "alt": "TGGTGGA"
                },
                "moleculeContext": "genomic",
                "allelicState": {
                  "id": "GENO:0000135",
                  "label": "heterozygous"
                }
              }
            }
          }
        ]
      }
    }
  ],
  "metaData": {
    "created": "2023-09-20T17:50:14.338199138Z",
    "createdBy": "Hpo Case Annotator : 1.0.14-SNAPSHOT",
    "submittedBy": "UNC:biocuration",
    "resources": [
      {
        "id": "hp",
        "name": "human phenotype ontology",
        "url": "http://purl.obolibrary.org/obo/hp.owl",
        "version": "2018-03-08",
        "namespacePrefix": "HP",
        "iriPrefix": "http://purl.obolibrary.org/obo/HP_"
      },
      {
        "id": "pato",
        "name": "Phenotype And Trait Ontology",
        "url": "http://purl.obolibrary.org/obo/pato.owl",
        "version": "2018-03-28",
        "namespacePrefix": "PATO",
        "iriPrefix": "http://purl.obolibrary.org/obo/PATO_"
      },
      {
        "id": "geno",
        "name": "Genotype Ontology",
        "url": "http://purl.obolibrary.org/obo/geno.owl",
        "version": "19-03-2018",
        "namespacePrefix": "GENO",
        "iriPrefix": "http://purl.obolibrary.org/obo/GENO_"
      },
      {
        "id": "eco",
        "name": "Evidence and Conclusion Ontology",
        "url": "http://purl.obolibrary.org/obo/eco.owl",
        "version": "2018-11-10",
        "namespacePrefix": "ECO",
        "iriPrefix": "http://purl.obolibrary.org/obo/ECO_"
      },
      {
        "id": "omim",
        "name": "Online Mendelian Inheritance in Man",
        "url": "https://www.omim.org",
        "version": "n/a",
        "namespacePrefix": "OMIM",
        "iriPrefix": "n/a"
      }
    ],
    "phenopacketSchemaVersion": "2.0"
  }
}