{
  "id": "PMID:30046498-Reyes-de_la_Rosa-2018-JAG1-Proband",
  "subject": {
    "id": "Proband",
    "timeAtLastEncounter": {
      "age": {
        "iso8601duration": "P2Y7M"
      }
    },
    "sex": "MALE"
  },
  "phenotypicFeatures": [
    {
      "type": {
        "id": "HP:0000958",
        "label": "Dry skin"
      },
      "evidence": [
        {
          "evidenceCode": {
            "id": "ECO:0000033",
            "label": "author statement supported by traceable reference"
          },
          "reference": {
            "id": "PMID:30046498",
            "description": "A Novel c"
          }
        }
      ]
    },
    {
      "type": {
        "id": "HP:0000411",
        "label": "Protruding ear"
      },
      "evidence": [
        {
          "evidenceCode": {
            "id": "ECO:0000033",
            "label": "author statement supported by traceable reference"
          },
          "reference": {
            "id": "PMID:30046498",
            "description": "A Novel c"
          }
        }
      ]
    },
    {
      "type": {
        "id": "HP:0003316",
        "label": "Butterfly vertebrae"
      },
      "evidence": [
        {
          "evidenceCode": {
            "id": "ECO:0000033",
            "label": "author statement supported by traceable reference"
          },
          "reference": {
            "id": "PMID:30046498",
            "description": "A Novel c"
          }
        }
      ]
    },
    {
      "type": {
        "id": "HP:0001263",
        "label": "Global developmental delay"
      },
      "evidence": [
        {
          "evidenceCode": {
            "id": "ECO:0000033",
            "label": "author statement supported by traceable reference"
          },
          "reference": {
            "id": "PMID:30046498",
            "description": "A Novel c"
          }
        }
      ]
    },
    {
      "type": {
        "id": "HP:0001114",
        "label": "Xanthelasma"
      },
      "evidence": [
        {
          "evidenceCode": {
            "id": "ECO:0000033",
            "label": "author statement supported by traceable reference"
          },
          "reference": {
            "id": "PMID:30046498",
            "description": "A Novel c"
          }
        }
      ]
    },
    {
      "type": {
        "id": "HP:0000325",
        "label": "Triangular face"
      },
      "evidence": [
        {
          "evidenceCode": {
            "id": "ECO:0000033",
            "label": "author statement supported by traceable reference"
          },
          "reference": {
            "id": "PMID:30046498",
            "description": "A Novel c"
          }
        }
      ]
    },
    {
      "type": {
        "id": "HP:0002240",
        "label": "Hepatomegaly"
      },
      "evidence": [
        {
          "evidenceCode": {
            "id": "ECO:0000033",
            "label": "author statement supported by traceable reference"
          },
          "reference": {
            "id": "PMID:30046498",
            "description": "A Novel c"
          }
        }
      ]
    },
    {
      "type": {
        "id": "HP:0002089",
        "label": "Pulmonary hypoplasia"
      },
      "evidence": [
        {
          "evidenceCode": {
            "id": "ECO:0000033",
            "label": "author statement supported by traceable reference"
          },
          "reference": {
            "id": "PMID:30046498",
            "description": "A Novel c"
          }
        }
      ]
    },
    {
      "type": {
        "id": "HP:0012704",
        "label": "Widened subarachnoid space"
      },
      "evidence": [
        {
          "evidenceCode": {
            "id": "ECO:0000033",
            "label": "author statement supported by traceable reference"
          },
          "reference": {
            "id": "PMID:30046498",
            "description": "A Novel c"
          }
        }
      ]
    },
    {
      "type": {
        "id": "HP:0001396",
        "label": "Cholestasis"
      },
      "evidence": [
        {
          "evidenceCode": {
            "id": "ECO:0000033",
            "label": "author statement supported by traceable reference"
          },
          "reference": {
            "id": "PMID:30046498",
            "description": "A Novel c"
          }
        }
      ]
    },
    {
      "type": {
        "id": "HP:0045075",
        "label": "Sparse eyebrow"
      },
      "evidence": [
        {
          "evidenceCode": {
            "id": "ECO:0000033",
            "label": "author statement supported by traceable reference"
          },
          "reference": {
            "id": "PMID:30046498",
            "description": "A Novel c"
          }
        }
      ]
    },
    {
      "type": {
        "id": "HP:0000490",
        "label": "Deeply set eye"
      },
      "evidence": [
        {
          "evidenceCode": {
            "id": "ECO:0000033",
            "label": "author statement supported by traceable reference"
          },
          "reference": {
            "id": "PMID:30046498",
            "description": "A Novel c"
          }
        }
      ]
    },
    {
      "type": {
        "id": "HP:0030148",
        "label": "Heart murmur"
      },
      "evidence": [
        {
          "evidenceCode": {
            "id": "ECO:0000033",
            "label": "author statement supported by traceable reference"
          },
          "reference": {
            "id": "PMID:30046498",
            "description": "A Novel c"
          }
        }
      ]
    },
    {
      "type": {
        "id": "HP:0000952",
        "label": "Jaundice"
      },
      "evidence": [
        {
          "evidenceCode": {
            "id": "ECO:0000033",
            "label": "author statement supported by traceable reference"
          },
          "reference": {
            "id": "PMID:30046498",
            "description": "A Novel c"
          }
        }
      ]
    },
    {
      "type": {
        "id": "HP:0011985",
        "label": "Acholic stools"
      },
      "evidence": [
        {
          "evidenceCode": {
            "id": "ECO:0000033",
            "label": "author statement supported by traceable reference"
          },
          "reference": {
            "id": "PMID:30046498",
            "description": "A Novel c"
          }
        }
      ]
    },
    {
      "type": {
        "id": "HP:0000627",
        "label": "Posterior embryotoxon"
      },
      "evidence": [
        {
          "evidenceCode": {
            "id": "ECO:0000033",
            "label": "author statement supported by traceable reference"
          },
          "reference": {
            "id": "PMID:30046498",
            "description": "A Novel c"
          }
        }
      ]
    },
    {
      "type": {
        "id": "HP:0000337",
        "label": "Broad forehead"
      },
      "evidence": [
        {
          "evidenceCode": {
            "id": "ECO:0000033",
            "label": "author statement supported by traceable reference"
          },
          "reference": {
            "id": "PMID:30046498",
            "description": "A Novel c"
          }
        }
      ]
    },
    {
      "type": {
        "id": "HP:0000303",
        "label": "Mandibular prognathia"
      },
      "evidence": [
        {
          "evidenceCode": {
            "id": "ECO:0000033",
            "label": "author statement supported by traceable reference"
          },
          "reference": {
            "id": "PMID:30046498",
            "description": "A Novel c"
          }
        }
      ]
    }
  ],
  "interpretations": [
    {
      "id": "interpretation-id",
      "progressStatus": "SOLVED",
      "diagnosis": {
        "disease": {
          "id": "OMIM:118450",
          "label": "ALAGILLE SYNDROME 1; ALGS1"
        },
        "genomicInterpretations": [
          {
            "subjectOrBiosampleId": "Proband",
            "interpretationStatus": "CAUSATIVE",
            "variantInterpretation": {
              "variationDescriptor": {
                "id": "variant-1",
                "geneContext": {
                  "valueId": "NCBIGene:182",
                  "symbol": "JAG1"
                },
                "vcfRecord": {
                  "genomeAssembly": "GRCh37",
                  "chrom": "20",
                  "pos": "10653644",
                  "ref": "G",
                  "alt": "GC"
                },
                "moleculeContext": "genomic",
                "allelicState": {
                  "id": "GENO:0000135",
                  "label": "heterozygous"
                }
              }
            }
          }
        ]
      }
    }
  ],
  "metaData": {
    "created": "2023-09-20T17:50:13.079429149Z",
    "createdBy": "Hpo Case Annotator : 1.0.14-SNAPSHOT",
    "submittedBy": "HPO:probinson",
    "resources": [
      {
        "id": "hp",
        "name": "human phenotype ontology",
        "url": "http://purl.obolibrary.org/obo/hp.owl",
        "version": "2018-03-08",
        "namespacePrefix": "HP",
        "iriPrefix": "http://purl.obolibrary.org/obo/HP_"
      },
      {
        "id": "pato",
        "name": "Phenotype And Trait Ontology",
        "url": "http://purl.obolibrary.org/obo/pato.owl",
        "version": "2018-03-28",
        "namespacePrefix": "PATO",
        "iriPrefix": "http://purl.obolibrary.org/obo/PATO_"
      },
      {
        "id": "geno",
        "name": "Genotype Ontology",
        "url": "http://purl.obolibrary.org/obo/geno.owl",
        "version": "19-03-2018",
        "namespacePrefix": "GENO",
        "iriPrefix": "http://purl.obolibrary.org/obo/GENO_"
      },
      {
        "id": "eco",
        "name": "Evidence and Conclusion Ontology",
        "url": "http://purl.obolibrary.org/obo/eco.owl",
        "version": "2018-11-10",
        "namespacePrefix": "ECO",
        "iriPrefix": "http://purl.obolibrary.org/obo/ECO_"
      },
      {
        "id": "omim",
        "name": "Online Mendelian Inheritance in Man",
        "url": "https://www.omim.org",
        "version": "n/a",
        "namespacePrefix": "OMIM",
        "iriPrefix": "n/a"
      }
    ],
    "phenopacketSchemaVersion": "2.0"
  }
}