{
  "id": "PMID:28181366-Badin-2017-RUNX1-Pedigree_I,_V:2",
  "subject": {
    "id": "Pedigree I, V:2",
    "sex": "MALE"
  },
  "phenotypicFeatures": [
    {
      "type": {
        "id": "HP:0012484",
        "label": "Abnormal dense granules"
      },
      "evidence": [
        {
          "evidenceCode": {
            "id": "ECO:0000033",
            "label": "author statement supported by traceable reference"
          },
          "reference": {
            "id": "PMID:28181366",
            "description": "Molecular phenotype and bleeding risks of an inherited platelet disorder in a family with a RUNX1 frameshift mutation"
          }
        }
      ]
    },
    {
      "type": {
        "id": "HP:0030402",
        "label": "Abnormal platelet aggregation"
      },
      "evidence": [
        {
          "evidenceCode": {
            "id": "ECO:0000033",
            "label": "author statement supported by traceable reference"
          },
          "reference": {
            "id": "PMID:28181366",
            "description": "Molecular phenotype and bleeding risks of an inherited platelet disorder in a family with a RUNX1 frameshift mutation"
          }
        }
      ]
    },
    {
      "type": {
        "id": "HP:0004808",
        "label": "Acute myeloid leukemia"
      },
      "evidence": [
        {
          "evidenceCode": {
            "id": "ECO:0000033",
            "label": "author statement supported by traceable reference"
          },
          "reference": {
            "id": "PMID:28181366",
            "description": "Molecular phenotype and bleeding risks of an inherited platelet disorder in a family with a RUNX1 frameshift mutation"
          }
        }
      ]
    }
  ],
  "interpretations": [
    {
      "id": "interpretation-id",
      "progressStatus": "SOLVED",
      "diagnosis": {
        "disease": {
          "id": "OMIM:601399",
          "label": "PLATELET DISORDER, FAMILIAL, WITH ASSOCIATED MYELOID MALIGNANCY; FPDMM"
        },
        "genomicInterpretations": [
          {
            "subjectOrBiosampleId": "Pedigree I, V:2",
            "interpretationStatus": "CAUSATIVE",
            "variantInterpretation": {
              "variationDescriptor": {
                "id": "variant-1",
                "geneContext": {
                  "valueId": "NCBIGene:861",
                  "symbol": "RUNX1"
                },
                "vcfRecord": {
                  "genomeAssembly": "GRCh37",
                  "chrom": "21",
                  "pos": "36259163",
                  "ref": "T",
                  "alt": "C"
                },
                "moleculeContext": "genomic",
                "allelicState": {
                  "id": "GENO:0000135",
                  "label": "heterozygous"
                }
              }
            }
          }
        ]
      }
    }
  ],
  "metaData": {
    "created": "2023-09-20T17:50:13.351269006Z",
    "createdBy": "n/a",
    "submittedBy": "HPO:probinson",
    "resources": [
      {
        "id": "hp",
        "name": "human phenotype ontology",
        "url": "http://purl.obolibrary.org/obo/hp.owl",
        "version": "2018-03-08",
        "namespacePrefix": "HP",
        "iriPrefix": "http://purl.obolibrary.org/obo/HP_"
      },
      {
        "id": "pato",
        "name": "Phenotype And Trait Ontology",
        "url": "http://purl.obolibrary.org/obo/pato.owl",
        "version": "2018-03-28",
        "namespacePrefix": "PATO",
        "iriPrefix": "http://purl.obolibrary.org/obo/PATO_"
      },
      {
        "id": "geno",
        "name": "Genotype Ontology",
        "url": "http://purl.obolibrary.org/obo/geno.owl",
        "version": "19-03-2018",
        "namespacePrefix": "GENO",
        "iriPrefix": "http://purl.obolibrary.org/obo/GENO_"
      },
      {
        "id": "eco",
        "name": "Evidence and Conclusion Ontology",
        "url": "http://purl.obolibrary.org/obo/eco.owl",
        "version": "2018-11-10",
        "namespacePrefix": "ECO",
        "iriPrefix": "http://purl.obolibrary.org/obo/ECO_"
      },
      {
        "id": "omim",
        "name": "Online Mendelian Inheritance in Man",
        "url": "https://www.omim.org",
        "version": "n/a",
        "namespacePrefix": "OMIM",
        "iriPrefix": "n/a"
      }
    ],
    "phenopacketSchemaVersion": "2.0"
  }
}