{
  "id": "PMID:30200888-Chebly-2018-ERCC6-Patient_B",
  "subject": {
    "id": "Patient B",
    "timeAtLastEncounter": {
      "age": {
        "iso8601duration": "P1Y"
      }
    },
    "sex": "FEMALE"
  },
  "phenotypicFeatures": [
    {
      "type": {
        "id": "HP:0000958",
        "label": "Dry skin"
      },
      "evidence": [
        {
          "evidenceCode": {
            "id": "ECO:0000033",
            "label": "author statement supported by traceable reference"
          },
          "reference": {
            "id": "PMID:30200888",
            "description": "First molecular study in Lebanese patients with Cockayne syndrome and report of a novel mutation in ERCC8 gene"
          }
        }
      ]
    },
    {
      "type": {
        "id": "HP:0000519",
        "label": "Developmental cataract"
      },
      "evidence": [
        {
          "evidenceCode": {
            "id": "ECO:0000033",
            "label": "author statement supported by traceable reference"
          },
          "reference": {
            "id": "PMID:30200888",
            "description": "First molecular study in Lebanese patients with Cockayne syndrome and report of a novel mutation in ERCC8 gene"
          }
        }
      ]
    },
    {
      "type": {
        "id": "HP:0000992",
        "label": "Cutaneous photosensitivity"
      },
      "evidence": [
        {
          "evidenceCode": {
            "id": "ECO:0000033",
            "label": "author statement supported by traceable reference"
          },
          "reference": {
            "id": "PMID:30200888",
            "description": "First molecular study in Lebanese patients with Cockayne syndrome and report of a novel mutation in ERCC8 gene"
          }
        }
      ]
    },
    {
      "type": {
        "id": "HP:0000490",
        "label": "Deeply set eye"
      },
      "evidence": [
        {
          "evidenceCode": {
            "id": "ECO:0000033",
            "label": "author statement supported by traceable reference"
          },
          "reference": {
            "id": "PMID:30200888",
            "description": "First molecular study in Lebanese patients with Cockayne syndrome and report of a novel mutation in ERCC8 gene"
          }
        }
      ]
    },
    {
      "type": {
        "id": "HP:0000252",
        "label": "Microcephaly"
      },
      "evidence": [
        {
          "evidenceCode": {
            "id": "ECO:0000033",
            "label": "author statement supported by traceable reference"
          },
          "reference": {
            "id": "PMID:30200888",
            "description": "First molecular study in Lebanese patients with Cockayne syndrome and report of a novel mutation in ERCC8 gene"
          }
        }
      ]
    }
  ],
  "interpretations": [
    {
      "id": "interpretation-id",
      "progressStatus": "SOLVED",
      "diagnosis": {
        "disease": {
          "id": "OMIM:133540",
          "label": "COCKAYNE SYNDROME B; CSB"
        },
        "genomicInterpretations": [
          {
            "subjectOrBiosampleId": "Patient B",
            "interpretationStatus": "CAUSATIVE",
            "variantInterpretation": {
              "variationDescriptor": {
                "id": "variant-1",
                "geneContext": {
                  "valueId": "NCBIGene:2074",
                  "symbol": "ERCC6"
                },
                "vcfRecord": {
                  "genomeAssembly": "GRCh37",
                  "chrom": "10",
                  "pos": "50690894",
                  "ref": "G",
                  "alt": "A"
                },
                "moleculeContext": "genomic",
                "allelicState": {
                  "id": "GENO:0000136",
                  "label": "homozygous"
                }
              }
            }
          }
        ]
      }
    }
  ],
  "metaData": {
    "created": "2023-09-20T17:50:12.378341197Z",
    "createdBy": "Hpo Case Annotator : 1.0.13-SNAPSHOT",
    "submittedBy": "HPO:probinson",
    "resources": [
      {
        "id": "hp",
        "name": "human phenotype ontology",
        "url": "http://purl.obolibrary.org/obo/hp.owl",
        "version": "2018-03-08",
        "namespacePrefix": "HP",
        "iriPrefix": "http://purl.obolibrary.org/obo/HP_"
      },
      {
        "id": "pato",
        "name": "Phenotype And Trait Ontology",
        "url": "http://purl.obolibrary.org/obo/pato.owl",
        "version": "2018-03-28",
        "namespacePrefix": "PATO",
        "iriPrefix": "http://purl.obolibrary.org/obo/PATO_"
      },
      {
        "id": "geno",
        "name": "Genotype Ontology",
        "url": "http://purl.obolibrary.org/obo/geno.owl",
        "version": "19-03-2018",
        "namespacePrefix": "GENO",
        "iriPrefix": "http://purl.obolibrary.org/obo/GENO_"
      },
      {
        "id": "eco",
        "name": "Evidence and Conclusion Ontology",
        "url": "http://purl.obolibrary.org/obo/eco.owl",
        "version": "2018-11-10",
        "namespacePrefix": "ECO",
        "iriPrefix": "http://purl.obolibrary.org/obo/ECO_"
      },
      {
        "id": "omim",
        "name": "Online Mendelian Inheritance in Man",
        "url": "https://www.omim.org",
        "version": "n/a",
        "namespacePrefix": "OMIM",
        "iriPrefix": "n/a"
      }
    ],
    "phenopacketSchemaVersion": "2.0"
  }
}