{
  "id": "PMID:28183707-Helmi-2017-LYST-patient",
  "subject": {
    "id": "patient",
    "timeAtLastEncounter": {
      "age": {
        "iso8601duration": "P2Y6M"
      }
    },
    "sex": "MALE"
  },
  "phenotypicFeatures": [
    {
      "type": {
        "id": "HP:0002013",
        "label": "Vomiting"
      },
      "evidence": [
        {
          "evidenceCode": {
            "id": "ECO:0000033",
            "label": "author statement supported by traceable reference"
          },
          "reference": {
            "id": "PMID:28183707",
            "description": "Ch\u00e9diak-Higashi syndrome with novel gene mutation"
          }
        }
      ]
    },
    {
      "type": {
        "id": "HP:0001263",
        "label": "Global developmental delay"
      },
      "evidence": [
        {
          "evidenceCode": {
            "id": "ECO:0000033",
            "label": "author statement supported by traceable reference"
          },
          "reference": {
            "id": "PMID:28183707",
            "description": "Ch\u00e9diak-Higashi syndrome with novel gene mutation"
          }
        }
      ]
    },
    {
      "type": {
        "id": "HP:0002090",
        "label": "Pneumonia"
      },
      "evidence": [
        {
          "evidenceCode": {
            "id": "ECO:0000033",
            "label": "author statement supported by traceable reference"
          },
          "reference": {
            "id": "PMID:28183707",
            "description": "Ch\u00e9diak-Higashi syndrome with novel gene mutation"
          }
        }
      ]
    },
    {
      "type": {
        "id": "HP:0001010",
        "label": "Hypopigmentation of the skin"
      },
      "evidence": [
        {
          "evidenceCode": {
            "id": "ECO:0000033",
            "label": "author statement supported by traceable reference"
          },
          "reference": {
            "id": "PMID:28183707",
            "description": "Ch\u00e9diak-Higashi syndrome with novel gene mutation"
          }
        }
      ]
    },
    {
      "type": {
        "id": "HP:0008070",
        "label": "Sparse hair"
      },
      "evidence": [
        {
          "evidenceCode": {
            "id": "ECO:0000033",
            "label": "author statement supported by traceable reference"
          },
          "reference": {
            "id": "PMID:28183707",
            "description": "Ch\u00e9diak-Higashi syndrome with novel gene mutation"
          }
        }
      ]
    },
    {
      "type": {
        "id": "HP:0003212",
        "label": "Increased circulating IgE level"
      },
      "evidence": [
        {
          "evidenceCode": {
            "id": "ECO:0000033",
            "label": "author statement supported by traceable reference"
          },
          "reference": {
            "id": "PMID:28183707",
            "description": "Ch\u00e9diak-Higashi syndrome with novel gene mutation"
          }
        }
      ]
    },
    {
      "type": {
        "id": "HP:0001945",
        "label": "Fever"
      },
      "evidence": [
        {
          "evidenceCode": {
            "id": "ECO:0000033",
            "label": "author statement supported by traceable reference"
          },
          "reference": {
            "id": "PMID:28183707",
            "description": "Ch\u00e9diak-Higashi syndrome with novel gene mutation"
          }
        }
      ]
    },
    {
      "type": {
        "id": "HP:0001386",
        "label": "Joint swelling"
      },
      "evidence": [
        {
          "evidenceCode": {
            "id": "ECO:0000033",
            "label": "author statement supported by traceable reference"
          },
          "reference": {
            "id": "PMID:28183707",
            "description": "Ch\u00e9diak-Higashi syndrome with novel gene mutation"
          }
        }
      ]
    },
    {
      "type": {
        "id": "HP:0000964",
        "label": "Eczema"
      },
      "evidence": [
        {
          "evidenceCode": {
            "id": "ECO:0000033",
            "label": "author statement supported by traceable reference"
          },
          "reference": {
            "id": "PMID:28183707",
            "description": "Ch\u00e9diak-Higashi syndrome with novel gene mutation"
          }
        }
      ]
    },
    {
      "type": {
        "id": "HP:0001892",
        "label": "Abnormal bleeding"
      },
      "evidence": [
        {
          "evidenceCode": {
            "id": "ECO:0000033",
            "label": "author statement supported by traceable reference"
          },
          "reference": {
            "id": "PMID:28183707",
            "description": "Ch\u00e9diak-Higashi syndrome with novel gene mutation"
          }
        }
      ]
    },
    {
      "type": {
        "id": "HP:0002014",
        "label": "Diarrhea"
      },
      "evidence": [
        {
          "evidenceCode": {
            "id": "ECO:0000033",
            "label": "author statement supported by traceable reference"
          },
          "reference": {
            "id": "PMID:28183707",
            "description": "Ch\u00e9diak-Higashi syndrome with novel gene mutation"
          }
        }
      ]
    },
    {
      "type": {
        "id": "HP:0012735",
        "label": "Cough"
      },
      "evidence": [
        {
          "evidenceCode": {
            "id": "ECO:0000033",
            "label": "author statement supported by traceable reference"
          },
          "reference": {
            "id": "PMID:28183707",
            "description": "Ch\u00e9diak-Higashi syndrome with novel gene mutation"
          }
        }
      ]
    },
    {
      "type": {
        "id": "HP:0001433",
        "label": "Hepatosplenomegaly"
      },
      "evidence": [
        {
          "evidenceCode": {
            "id": "ECO:0000033",
            "label": "author statement supported by traceable reference"
          },
          "reference": {
            "id": "PMID:28183707",
            "description": "Ch\u00e9diak-Higashi syndrome with novel gene mutation"
          }
        }
      ]
    },
    {
      "type": {
        "id": "HP:0004396",
        "label": "Poor appetite"
      },
      "evidence": [
        {
          "evidenceCode": {
            "id": "ECO:0000033",
            "label": "author statement supported by traceable reference"
          },
          "reference": {
            "id": "PMID:28183707",
            "description": "Ch\u00e9diak-Higashi syndrome with novel gene mutation"
          }
        }
      ]
    }
  ],
  "interpretations": [
    {
      "id": "interpretation-id",
      "progressStatus": "SOLVED",
      "diagnosis": {
        "disease": {
          "id": "OMIM:214500",
          "label": "CHEDIAK-HIGASHI SYNDROME; CHS"
        },
        "genomicInterpretations": [
          {
            "subjectOrBiosampleId": "patient",
            "interpretationStatus": "CAUSATIVE",
            "variantInterpretation": {
              "variationDescriptor": {
                "id": "variant-1",
                "geneContext": {
                  "valueId": "NCBIGene:1130",
                  "symbol": "LYST"
                },
                "vcfRecord": {
                  "genomeAssembly": "GRCh37",
                  "chrom": "1",
                  "pos": "235926112",
                  "ref": "TAC",
                  "alt": "T"
                },
                "moleculeContext": "genomic",
                "allelicState": {
                  "id": "GENO:0000136",
                  "label": "homozygous"
                }
              }
            }
          }
        ]
      }
    }
  ],
  "metaData": {
    "created": "2023-09-20T17:50:14.508641004Z",
    "createdBy": "Hpo Case Annotator : 1.0.13-SNAPSHOT",
    "submittedBy": "HPO:probinson",
    "resources": [
      {
        "id": "hp",
        "name": "human phenotype ontology",
        "url": "http://purl.obolibrary.org/obo/hp.owl",
        "version": "2018-03-08",
        "namespacePrefix": "HP",
        "iriPrefix": "http://purl.obolibrary.org/obo/HP_"
      },
      {
        "id": "pato",
        "name": "Phenotype And Trait Ontology",
        "url": "http://purl.obolibrary.org/obo/pato.owl",
        "version": "2018-03-28",
        "namespacePrefix": "PATO",
        "iriPrefix": "http://purl.obolibrary.org/obo/PATO_"
      },
      {
        "id": "geno",
        "name": "Genotype Ontology",
        "url": "http://purl.obolibrary.org/obo/geno.owl",
        "version": "19-03-2018",
        "namespacePrefix": "GENO",
        "iriPrefix": "http://purl.obolibrary.org/obo/GENO_"
      },
      {
        "id": "eco",
        "name": "Evidence and Conclusion Ontology",
        "url": "http://purl.obolibrary.org/obo/eco.owl",
        "version": "2018-11-10",
        "namespacePrefix": "ECO",
        "iriPrefix": "http://purl.obolibrary.org/obo/ECO_"
      },
      {
        "id": "omim",
        "name": "Online Mendelian Inheritance in Man",
        "url": "https://www.omim.org",
        "version": "n/a",
        "namespacePrefix": "OMIM",
        "iriPrefix": "n/a"
      }
    ],
    "phenopacketSchemaVersion": "2.0"
  }
}