{
  "id": "PMID:28851325-Zhang-2017-FOXG1-Patient_2",
  "subject": {
    "id": "Patient 2",
    "timeAtLastEncounter": {
      "age": {
        "iso8601duration": "P4Y6M"
      }
    },
    "sex": "FEMALE"
  },
  "phenotypicFeatures": [
    {
      "type": {
        "id": "HP:0002360",
        "label": "Sleep disturbance"
      },
      "evidence": [
        {
          "evidenceCode": {
            "id": "ECO:0000033",
            "label": "author statement supported by traceable reference"
          },
          "reference": {
            "id": "PMID:28851325",
            "description": "Novel FOXG1 mutations in Chinese patients with Rett syndrome or Rett-like mental retardation"
          }
        }
      ]
    },
    {
      "type": {
        "id": "HP:0002079",
        "label": "Hypoplasia of the corpus callosum"
      },
      "evidence": [
        {
          "evidenceCode": {
            "id": "ECO:0000033",
            "label": "author statement supported by traceable reference"
          },
          "reference": {
            "id": "PMID:28851325",
            "description": "Novel FOXG1 mutations in Chinese patients with Rett syndrome or Rett-like mental retardation"
          }
        }
      ]
    },
    {
      "type": {
        "id": "HP:0001252",
        "label": "Hypotonia"
      },
      "evidence": [
        {
          "evidenceCode": {
            "id": "ECO:0000033",
            "label": "author statement supported by traceable reference"
          },
          "reference": {
            "id": "PMID:28851325",
            "description": "Novel FOXG1 mutations in Chinese patients with Rett syndrome or Rett-like mental retardation"
          }
        }
      ]
    },
    {
      "type": {
        "id": "HP:0011968",
        "label": "Feeding difficulties"
      },
      "evidence": [
        {
          "evidenceCode": {
            "id": "ECO:0000033",
            "label": "author statement supported by traceable reference"
          },
          "reference": {
            "id": "PMID:28851325",
            "description": "Novel FOXG1 mutations in Chinese patients with Rett syndrome or Rett-like mental retardation"
          }
        }
      ]
    },
    {
      "type": {
        "id": "HP:0000750",
        "label": "Delayed speech and language development"
      },
      "evidence": [
        {
          "evidenceCode": {
            "id": "ECO:0000033",
            "label": "author statement supported by traceable reference"
          },
          "reference": {
            "id": "PMID:28851325",
            "description": "Novel FOXG1 mutations in Chinese patients with Rett syndrome or Rett-like mental retardation"
          }
        }
      ]
    },
    {
      "type": {
        "id": "HP:0003763",
        "label": "Bruxism"
      },
      "evidence": [
        {
          "evidenceCode": {
            "id": "ECO:0000033",
            "label": "author statement supported by traceable reference"
          },
          "reference": {
            "id": "PMID:28851325",
            "description": "Novel FOXG1 mutations in Chinese patients with Rett syndrome or Rett-like mental retardation"
          }
        }
      ]
    },
    {
      "type": {
        "id": "HP:0000817",
        "label": "Reduced eye contact"
      },
      "evidence": [
        {
          "evidenceCode": {
            "id": "ECO:0000033",
            "label": "author statement supported by traceable reference"
          },
          "reference": {
            "id": "PMID:28851325",
            "description": "Novel FOXG1 mutations in Chinese patients with Rett syndrome or Rett-like mental retardation"
          }
        }
      ]
    },
    {
      "type": {
        "id": "HP:0000733",
        "label": "Abnormal repetitive mannerisms"
      },
      "evidence": [
        {
          "evidenceCode": {
            "id": "ECO:0000033",
            "label": "author statement supported by traceable reference"
          },
          "reference": {
            "id": "PMID:28851325",
            "description": "Novel FOXG1 mutations in Chinese patients with Rett syndrome or Rett-like mental retardation"
          }
        }
      ]
    },
    {
      "type": {
        "id": "HP:0001250",
        "label": "Seizure"
      },
      "evidence": [
        {
          "evidenceCode": {
            "id": "ECO:0000033",
            "label": "author statement supported by traceable reference"
          },
          "reference": {
            "id": "PMID:28851325",
            "description": "Novel FOXG1 mutations in Chinese patients with Rett syndrome or Rett-like mental retardation"
          }
        }
      ]
    },
    {
      "type": {
        "id": "HP:0002353",
        "label": "EEG abnormality"
      },
      "evidence": [
        {
          "evidenceCode": {
            "id": "ECO:0000033",
            "label": "author statement supported by traceable reference"
          },
          "reference": {
            "id": "PMID:28851325",
            "description": "Novel FOXG1 mutations in Chinese patients with Rett syndrome or Rett-like mental retardation"
          }
        }
      ]
    },
    {
      "type": {
        "id": "HP:0007333",
        "label": "Hypoplasia of the frontal lobes"
      },
      "evidence": [
        {
          "evidenceCode": {
            "id": "ECO:0000033",
            "label": "author statement supported by traceable reference"
          },
          "reference": {
            "id": "PMID:28851325",
            "description": "Novel FOXG1 mutations in Chinese patients with Rett syndrome or Rett-like mental retardation"
          }
        }
      ]
    }
  ],
  "interpretations": [
    {
      "id": "interpretation-id",
      "progressStatus": "SOLVED",
      "diagnosis": {
        "disease": {
          "id": "OMIM:613454",
          "label": "RETT SYNDROME, CONGENITAL VARIANT"
        },
        "genomicInterpretations": [
          {
            "subjectOrBiosampleId": "Patient 2",
            "interpretationStatus": "CAUSATIVE",
            "variantInterpretation": {
              "variationDescriptor": {
                "id": "variant-1",
                "geneContext": {
                  "valueId": "NCBIGene:2290",
                  "symbol": "FOXG1"
                },
                "vcfRecord": {
                  "genomeAssembly": "GRCh37",
                  "chrom": "14",
                  "pos": "29237179",
                  "ref": "A",
                  "alt": "T"
                },
                "moleculeContext": "genomic",
                "allelicState": {
                  "id": "GENO:0000135",
                  "label": "heterozygous"
                }
              }
            }
          }
        ]
      }
    }
  ],
  "metaData": {
    "created": "2023-09-20T17:50:12.415348052Z",
    "createdBy": "Hpo Case Annotator : 1.0.13-SNAPSHOT",
    "submittedBy": "HPO:probinson",
    "resources": [
      {
        "id": "hp",
        "name": "human phenotype ontology",
        "url": "http://purl.obolibrary.org/obo/hp.owl",
        "version": "2018-03-08",
        "namespacePrefix": "HP",
        "iriPrefix": "http://purl.obolibrary.org/obo/HP_"
      },
      {
        "id": "pato",
        "name": "Phenotype And Trait Ontology",
        "url": "http://purl.obolibrary.org/obo/pato.owl",
        "version": "2018-03-28",
        "namespacePrefix": "PATO",
        "iriPrefix": "http://purl.obolibrary.org/obo/PATO_"
      },
      {
        "id": "geno",
        "name": "Genotype Ontology",
        "url": "http://purl.obolibrary.org/obo/geno.owl",
        "version": "19-03-2018",
        "namespacePrefix": "GENO",
        "iriPrefix": "http://purl.obolibrary.org/obo/GENO_"
      },
      {
        "id": "eco",
        "name": "Evidence and Conclusion Ontology",
        "url": "http://purl.obolibrary.org/obo/eco.owl",
        "version": "2018-11-10",
        "namespacePrefix": "ECO",
        "iriPrefix": "http://purl.obolibrary.org/obo/ECO_"
      },
      {
        "id": "omim",
        "name": "Online Mendelian Inheritance in Man",
        "url": "https://www.omim.org",
        "version": "n/a",
        "namespacePrefix": "OMIM",
        "iriPrefix": "n/a"
      }
    ],
    "phenopacketSchemaVersion": "2.0"
  }
}