{
  "id": "PMID:29801479-Maghami-2018-FKBP10-proband",
  "subject": {
    "id": "proband",
    "timeAtLastEncounter": {
      "age": {
        "iso8601duration": "P8Y"
      }
    },
    "sex": "MALE"
  },
  "phenotypicFeatures": [
    {
      "type": {
        "id": "HP:0003155",
        "label": "Elevated circulating alkaline phosphatase concentration"
      },
      "evidence": [
        {
          "evidenceCode": {
            "id": "ECO:0000033",
            "label": "author statement supported by traceable reference"
          },
          "reference": {
            "id": "PMID:29801479",
            "description": "Splicing defect in FKBP10 gene causes autosomal recessive osteogenesis imperfecta disease: a case report"
          }
        }
      ]
    },
    {
      "type": {
        "id": "HP:0001433",
        "label": "Hepatosplenomegaly"
      },
      "evidence": [
        {
          "evidenceCode": {
            "id": "ECO:0000033",
            "label": "author statement supported by traceable reference"
          },
          "reference": {
            "id": "PMID:29801479",
            "description": "Splicing defect in FKBP10 gene causes autosomal recessive osteogenesis imperfecta disease: a case report"
          }
        }
      ]
    },
    {
      "type": {
        "id": "HP:0001371",
        "label": "Flexion contracture"
      },
      "evidence": [
        {
          "evidenceCode": {
            "id": "ECO:0000033",
            "label": "author statement supported by traceable reference"
          },
          "reference": {
            "id": "PMID:29801479",
            "description": "Splicing defect in FKBP10 gene causes autosomal recessive osteogenesis imperfecta disease: a case report"
          }
        }
      ]
    },
    {
      "type": {
        "id": "HP:0001626",
        "label": "Abnormality of the cardiovascular system"
      },
      "evidence": [
        {
          "evidenceCode": {
            "id": "ECO:0000033",
            "label": "author statement supported by traceable reference"
          },
          "reference": {
            "id": "PMID:29801479",
            "description": "Splicing defect in FKBP10 gene causes autosomal recessive osteogenesis imperfecta disease: a case report"
          }
        }
      ]
    },
    {
      "type": {
        "id": "HP:0004349",
        "label": "Reduced bone mineral density"
      },
      "evidence": [
        {
          "evidenceCode": {
            "id": "ECO:0000033",
            "label": "author statement supported by traceable reference"
          },
          "reference": {
            "id": "PMID:29801479",
            "description": "Splicing defect in FKBP10 gene causes autosomal recessive osteogenesis imperfecta disease: a case report"
          }
        }
      ]
    },
    {
      "type": {
        "id": "HP:0000592",
        "label": "Blue sclerae"
      },
      "evidence": [
        {
          "evidenceCode": {
            "id": "ECO:0000033",
            "label": "author statement supported by traceable reference"
          },
          "reference": {
            "id": "PMID:29801479",
            "description": "Splicing defect in FKBP10 gene causes autosomal recessive osteogenesis imperfecta disease: a case report"
          }
        }
      ]
    },
    {
      "type": {
        "id": "HP:0004322",
        "label": "Short stature"
      },
      "evidence": [
        {
          "evidenceCode": {
            "id": "ECO:0000033",
            "label": "author statement supported by traceable reference"
          },
          "reference": {
            "id": "PMID:29801479",
            "description": "Splicing defect in FKBP10 gene causes autosomal recessive osteogenesis imperfecta disease: a case report"
          }
        }
      ]
    },
    {
      "type": {
        "id": "HP:0002757",
        "label": "Recurrent fractures"
      },
      "evidence": [
        {
          "evidenceCode": {
            "id": "ECO:0000033",
            "label": "author statement supported by traceable reference"
          },
          "reference": {
            "id": "PMID:29801479",
            "description": "Splicing defect in FKBP10 gene causes autosomal recessive osteogenesis imperfecta disease: a case report"
          }
        }
      ]
    },
    {
      "type": {
        "id": "HP:0000365",
        "label": "Hearing impairment"
      },
      "evidence": [
        {
          "evidenceCode": {
            "id": "ECO:0000033",
            "label": "author statement supported by traceable reference"
          },
          "reference": {
            "id": "PMID:29801479",
            "description": "Splicing defect in FKBP10 gene causes autosomal recessive osteogenesis imperfecta disease: a case report"
          }
        }
      ]
    }
  ],
  "interpretations": [
    {
      "id": "interpretation-id",
      "progressStatus": "SOLVED",
      "diagnosis": {
        "disease": {
          "id": "OMIM:610968",
          "label": "OSTEOGENESIS IMPERFECTA, TYPE XI; OI11"
        },
        "genomicInterpretations": [
          {
            "subjectOrBiosampleId": "proband",
            "interpretationStatus": "CAUSATIVE",
            "variantInterpretation": {
              "variationDescriptor": {
                "id": "variant-1",
                "geneContext": {
                  "valueId": "NCBIGene:60681",
                  "symbol": "FKBP10"
                },
                "vcfRecord": {
                  "genomeAssembly": "GRCh37",
                  "chrom": "17",
                  "pos": "39977197",
                  "ref": "A",
                  "alt": "G"
                },
                "moleculeContext": "genomic",
                "allelicState": {
                  "id": "GENO:0000136",
                  "label": "homozygous"
                }
              }
            }
          }
        ]
      }
    }
  ],
  "metaData": {
    "created": "2023-09-20T17:50:13.922164916Z",
    "createdBy": "Hpo Case Annotator : 1.0.13-SNAPSHOT",
    "submittedBy": "HPO:probinson",
    "resources": [
      {
        "id": "hp",
        "name": "human phenotype ontology",
        "url": "http://purl.obolibrary.org/obo/hp.owl",
        "version": "2018-03-08",
        "namespacePrefix": "HP",
        "iriPrefix": "http://purl.obolibrary.org/obo/HP_"
      },
      {
        "id": "pato",
        "name": "Phenotype And Trait Ontology",
        "url": "http://purl.obolibrary.org/obo/pato.owl",
        "version": "2018-03-28",
        "namespacePrefix": "PATO",
        "iriPrefix": "http://purl.obolibrary.org/obo/PATO_"
      },
      {
        "id": "geno",
        "name": "Genotype Ontology",
        "url": "http://purl.obolibrary.org/obo/geno.owl",
        "version": "19-03-2018",
        "namespacePrefix": "GENO",
        "iriPrefix": "http://purl.obolibrary.org/obo/GENO_"
      },
      {
        "id": "eco",
        "name": "Evidence and Conclusion Ontology",
        "url": "http://purl.obolibrary.org/obo/eco.owl",
        "version": "2018-11-10",
        "namespacePrefix": "ECO",
        "iriPrefix": "http://purl.obolibrary.org/obo/ECO_"
      },
      {
        "id": "omim",
        "name": "Online Mendelian Inheritance in Man",
        "url": "https://www.omim.org",
        "version": "n/a",
        "namespacePrefix": "OMIM",
        "iriPrefix": "n/a"
      }
    ],
    "phenopacketSchemaVersion": "2.0"
  }
}