{
  "id": "PMID:29051910-Hsu-2017-SNAP29-The_patient",
  "subject": {
    "id": "The patient",
    "timeAtLastEncounter": {
      "age": {
        "iso8601duration": "P10Y"
      }
    },
    "sex": "MALE"
  },
  "phenotypicFeatures": [
    {
      "type": {
        "id": "HP:0006532",
        "label": "Recurrent pneumonia"
      },
      "evidence": [
        {
          "evidenceCode": {
            "id": "ECO:0000033",
            "label": "author statement supported by traceable reference"
          },
          "reference": {
            "id": "PMID:29051910",
            "description": "CEDNIK: Phenotypic and Molecular Characterization of an Additional Patient and Review of the Literature"
          }
        }
      ]
    },
    {
      "type": {
        "id": "HP:0006989",
        "label": "Dysplastic corpus callosum"
      },
      "evidence": [
        {
          "evidenceCode": {
            "id": "ECO:0000033",
            "label": "author statement supported by traceable reference"
          },
          "reference": {
            "id": "PMID:29051910",
            "description": "CEDNIK: Phenotypic and Molecular Characterization of an Additional Patient and Review of the Literature"
          }
        }
      ]
    },
    {
      "type": {
        "id": "HP:0000958",
        "label": "Dry skin"
      },
      "evidence": [
        {
          "evidenceCode": {
            "id": "ECO:0000033",
            "label": "author statement supported by traceable reference"
          },
          "reference": {
            "id": "PMID:29051910",
            "description": "CEDNIK: Phenotypic and Molecular Characterization of an Additional Patient and Review of the Literature"
          }
        }
      ]
    },
    {
      "type": {
        "id": "HP:0000664",
        "label": "Synophrys"
      },
      "evidence": [
        {
          "evidenceCode": {
            "id": "ECO:0000033",
            "label": "author statement supported by traceable reference"
          },
          "reference": {
            "id": "PMID:29051910",
            "description": "CEDNIK: Phenotypic and Molecular Characterization of an Additional Patient and Review of the Literature"
          }
        }
      ]
    },
    {
      "type": {
        "id": "HP:0000574",
        "label": "Thick eyebrow"
      },
      "evidence": [
        {
          "evidenceCode": {
            "id": "ECO:0000033",
            "label": "author statement supported by traceable reference"
          },
          "reference": {
            "id": "PMID:29051910",
            "description": "CEDNIK: Phenotypic and Molecular Characterization of an Additional Patient and Review of the Literature"
          }
        }
      ]
    },
    {
      "type": {
        "id": "HP:0000490",
        "label": "Deeply set eye"
      },
      "evidence": [
        {
          "evidenceCode": {
            "id": "ECO:0000033",
            "label": "author statement supported by traceable reference"
          },
          "reference": {
            "id": "PMID:29051910",
            "description": "CEDNIK: Phenotypic and Molecular Characterization of an Additional Patient and Review of the Literature"
          }
        }
      ]
    },
    {
      "type": {
        "id": "HP:0001344",
        "label": "Absent speech"
      },
      "evidence": [
        {
          "evidenceCode": {
            "id": "ECO:0000033",
            "label": "author statement supported by traceable reference"
          },
          "reference": {
            "id": "PMID:29051910",
            "description": "CEDNIK: Phenotypic and Molecular Characterization of an Additional Patient and Review of the Literature"
          }
        }
      ]
    },
    {
      "type": {
        "id": "HP:0000421",
        "label": "Epistaxis"
      },
      "evidence": [
        {
          "evidenceCode": {
            "id": "ECO:0000033",
            "label": "author statement supported by traceable reference"
          },
          "reference": {
            "id": "PMID:29051910",
            "description": "CEDNIK: Phenotypic and Molecular Characterization of an Additional Patient and Review of the Literature"
          }
        }
      ]
    },
    {
      "type": {
        "id": "HP:0000294",
        "label": "Low anterior hairline"
      },
      "evidence": [
        {
          "evidenceCode": {
            "id": "ECO:0000033",
            "label": "author statement supported by traceable reference"
          },
          "reference": {
            "id": "PMID:29051910",
            "description": "CEDNIK: Phenotypic and Molecular Characterization of an Additional Patient and Review of the Literature"
          }
        }
      ]
    },
    {
      "type": {
        "id": "HP:0000448",
        "label": "Prominent nose"
      },
      "evidence": [
        {
          "evidenceCode": {
            "id": "ECO:0000033",
            "label": "author statement supported by traceable reference"
          },
          "reference": {
            "id": "PMID:29051910",
            "description": "CEDNIK: Phenotypic and Molecular Characterization of an Additional Patient and Review of the Literature"
          }
        }
      ]
    },
    {
      "type": {
        "id": "HP:0001263",
        "label": "Global developmental delay"
      },
      "evidence": [
        {
          "evidenceCode": {
            "id": "ECO:0000033",
            "label": "author statement supported by traceable reference"
          },
          "reference": {
            "id": "PMID:29051910",
            "description": "CEDNIK: Phenotypic and Molecular Characterization of an Additional Patient and Review of the Literature"
          }
        }
      ]
    },
    {
      "type": {
        "id": "HP:0001257",
        "label": "Spasticity"
      },
      "evidence": [
        {
          "evidenceCode": {
            "id": "ECO:0000033",
            "label": "author statement supported by traceable reference"
          },
          "reference": {
            "id": "PMID:29051910",
            "description": "CEDNIK: Phenotypic and Molecular Characterization of an Additional Patient and Review of the Literature"
          }
        }
      ]
    },
    {
      "type": {
        "id": "HP:0000527",
        "label": "Long eyelashes"
      },
      "evidence": [
        {
          "evidenceCode": {
            "id": "ECO:0000033",
            "label": "author statement supported by traceable reference"
          },
          "reference": {
            "id": "PMID:29051910",
            "description": "CEDNIK: Phenotypic and Molecular Characterization of an Additional Patient and Review of the Literature"
          }
        }
      ]
    },
    {
      "type": {
        "id": "HP:0002015",
        "label": "Dysphagia"
      },
      "evidence": [
        {
          "evidenceCode": {
            "id": "ECO:0000033",
            "label": "author statement supported by traceable reference"
          },
          "reference": {
            "id": "PMID:29051910",
            "description": "CEDNIK: Phenotypic and Molecular Characterization of an Additional Patient and Review of the Literature"
          }
        }
      ]
    },
    {
      "type": {
        "id": "HP:0000193",
        "label": "Bifid uvula"
      },
      "evidence": [
        {
          "evidenceCode": {
            "id": "ECO:0000033",
            "label": "author statement supported by traceable reference"
          },
          "reference": {
            "id": "PMID:29051910",
            "description": "CEDNIK: Phenotypic and Molecular Characterization of an Additional Patient and Review of the Literature"
          }
        }
      ]
    },
    {
      "type": {
        "id": "HP:0002751",
        "label": "Kyphoscoliosis"
      },
      "evidence": [
        {
          "evidenceCode": {
            "id": "ECO:0000033",
            "label": "author statement supported by traceable reference"
          },
          "reference": {
            "id": "PMID:29051910",
            "description": "CEDNIK: Phenotypic and Molecular Characterization of an Additional Patient and Review of the Literature"
          }
        }
      ]
    },
    {
      "type": {
        "id": "HP:0000486",
        "label": "Strabismus"
      },
      "evidence": [
        {
          "evidenceCode": {
            "id": "ECO:0000033",
            "label": "author statement supported by traceable reference"
          },
          "reference": {
            "id": "PMID:29051910",
            "description": "CEDNIK: Phenotypic and Molecular Characterization of an Additional Patient and Review of the Literature"
          }
        }
      ]
    },
    {
      "type": {
        "id": "HP:0001007",
        "label": "Hirsutism"
      },
      "evidence": [
        {
          "evidenceCode": {
            "id": "ECO:0000033",
            "label": "author statement supported by traceable reference"
          },
          "reference": {
            "id": "PMID:29051910",
            "description": "CEDNIK: Phenotypic and Molecular Characterization of an Additional Patient and Review of the Literature"
          }
        }
      ]
    },
    {
      "type": {
        "id": "HP:0000982",
        "label": "Palmoplantar keratoderma"
      },
      "evidence": [
        {
          "evidenceCode": {
            "id": "ECO:0000033",
            "label": "author statement supported by traceable reference"
          },
          "reference": {
            "id": "PMID:29051910",
            "description": "CEDNIK: Phenotypic and Molecular Characterization of an Additional Patient and Review of the Literature"
          }
        }
      ]
    }
  ],
  "interpretations": [
    {
      "id": "interpretation-id",
      "progressStatus": "SOLVED",
      "diagnosis": {
        "disease": {
          "id": "OMIM:609528",
          "label": "CEREBRAL DYSGENESIS, NEUROPATHY, ICHTHYOSIS, AND PALMOPLANTAR KERATODERMASYNDROME"
        },
        "genomicInterpretations": [
          {
            "subjectOrBiosampleId": "The patient",
            "interpretationStatus": "CAUSATIVE",
            "variantInterpretation": {
              "variationDescriptor": {
                "id": "variant-1",
                "geneContext": {
                  "valueId": "NCBIGene:9342",
                  "symbol": "SNAP29"
                },
                "vcfRecord": {
                  "genomeAssembly": "GRCh37",
                  "chrom": "22",
                  "pos": "21213483",
                  "ref": "C",
                  "alt": "T"
                },
                "moleculeContext": "genomic",
                "allelicState": {
                  "id": "GENO:0000136",
                  "label": "homozygous"
                }
              }
            }
          }
        ]
      }
    }
  ],
  "metaData": {
    "created": "2023-09-20T17:50:11.666239976Z",
    "createdBy": "n/a",
    "submittedBy": "HPO:probinson",
    "resources": [
      {
        "id": "hp",
        "name": "human phenotype ontology",
        "url": "http://purl.obolibrary.org/obo/hp.owl",
        "version": "2018-03-08",
        "namespacePrefix": "HP",
        "iriPrefix": "http://purl.obolibrary.org/obo/HP_"
      },
      {
        "id": "pato",
        "name": "Phenotype And Trait Ontology",
        "url": "http://purl.obolibrary.org/obo/pato.owl",
        "version": "2018-03-28",
        "namespacePrefix": "PATO",
        "iriPrefix": "http://purl.obolibrary.org/obo/PATO_"
      },
      {
        "id": "geno",
        "name": "Genotype Ontology",
        "url": "http://purl.obolibrary.org/obo/geno.owl",
        "version": "19-03-2018",
        "namespacePrefix": "GENO",
        "iriPrefix": "http://purl.obolibrary.org/obo/GENO_"
      },
      {
        "id": "eco",
        "name": "Evidence and Conclusion Ontology",
        "url": "http://purl.obolibrary.org/obo/eco.owl",
        "version": "2018-11-10",
        "namespacePrefix": "ECO",
        "iriPrefix": "http://purl.obolibrary.org/obo/ECO_"
      },
      {
        "id": "omim",
        "name": "Online Mendelian Inheritance in Man",
        "url": "https://www.omim.org",
        "version": "n/a",
        "namespacePrefix": "OMIM",
        "iriPrefix": "n/a"
      }
    ],
    "phenopacketSchemaVersion": "2.0"
  }
}