{
  "id": "PMID:23099195-Woo-2013-ASS1-5",
  "subject": {
    "id": "5",
    "timeAtLastEncounter": {
      "age": {
        "iso8601duration": "P3M"
      }
    },
    "sex": "FEMALE"
  },
  "phenotypicFeatures": [
    {
      "type": {
        "id": "HP:0001250",
        "label": "Seizure"
      },
      "evidence": [
        {
          "evidenceCode": {
            "id": "ECO:0000033",
            "label": "author statement supported by traceable reference"
          },
          "reference": {
            "id": "PMID:23099195",
            "description": "Mutation spectrum of the ASS1 gene in Korean patients with citrullinemia type I"
          }
        }
      ]
    },
    {
      "type": {
        "id": "HP:0005961",
        "label": "Hypoargininemia"
      },
      "evidence": [
        {
          "evidenceCode": {
            "id": "ECO:0000033",
            "label": "author statement supported by traceable reference"
          },
          "reference": {
            "id": "PMID:23099195",
            "description": "Mutation spectrum of the ASS1 gene in Korean patients with citrullinemia type I"
          }
        }
      ]
    },
    {
      "type": {
        "id": "HP:0003218",
        "label": "Oroticaciduria"
      },
      "evidence": [
        {
          "evidenceCode": {
            "id": "ECO:0000033",
            "label": "author statement supported by traceable reference"
          },
          "reference": {
            "id": "PMID:23099195",
            "description": "Mutation spectrum of the ASS1 gene in Korean patients with citrullinemia type I"
          }
        }
      ]
    },
    {
      "type": {
        "id": "HP:0002181",
        "label": "Cerebral edema"
      },
      "evidence": [
        {
          "evidenceCode": {
            "id": "ECO:0000033",
            "label": "author statement supported by traceable reference"
          },
          "reference": {
            "id": "PMID:23099195",
            "description": "Mutation spectrum of the ASS1 gene in Korean patients with citrullinemia type I"
          }
        }
      ]
    },
    {
      "type": {
        "id": "HP:0008358",
        "label": "Hyperprolinemia"
      },
      "evidence": [
        {
          "evidenceCode": {
            "id": "ECO:0000033",
            "label": "author statement supported by traceable reference"
          },
          "reference": {
            "id": "PMID:23099195",
            "description": "Mutation spectrum of the ASS1 gene in Korean patients with citrullinemia type I"
          }
        }
      ]
    },
    {
      "type": {
        "id": "HP:0011966",
        "label": "Elevated plasma citrulline"
      },
      "evidence": [
        {
          "evidenceCode": {
            "id": "ECO:0000033",
            "label": "author statement supported by traceable reference"
          },
          "reference": {
            "id": "PMID:23099195",
            "description": "Mutation spectrum of the ASS1 gene in Korean patients with citrullinemia type I"
          }
        }
      ]
    },
    {
      "type": {
        "id": "HP:0032397",
        "label": "Citrullinuria"
      },
      "evidence": [
        {
          "evidenceCode": {
            "id": "ECO:0000033",
            "label": "author statement supported by traceable reference"
          },
          "reference": {
            "id": "PMID:23099195",
            "description": "Mutation spectrum of the ASS1 gene in Korean patients with citrullinemia type I"
          }
        }
      ]
    },
    {
      "type": {
        "id": "HP:0001987",
        "label": "Hyperammonemia"
      },
      "evidence": [
        {
          "evidenceCode": {
            "id": "ECO:0000033",
            "label": "author statement supported by traceable reference"
          },
          "reference": {
            "id": "PMID:23099195",
            "description": "Mutation spectrum of the ASS1 gene in Korean patients with citrullinemia type I"
          }
        }
      ]
    }
  ],
  "interpretations": [
    {
      "id": "interpretation-id",
      "progressStatus": "SOLVED",
      "diagnosis": {
        "disease": {
          "id": "OMIM:215700",
          "label": "CITRULLINEMIA, CLASSIC"
        },
        "genomicInterpretations": [
          {
            "subjectOrBiosampleId": "5",
            "interpretationStatus": "CAUSATIVE",
            "variantInterpretation": {
              "variationDescriptor": {
                "id": "variant-1",
                "geneContext": {
                  "valueId": "NCBIGene:445",
                  "symbol": "ASS1"
                },
                "vcfRecord": {
                  "genomeAssembly": "GRCh37",
                  "chrom": "9",
                  "pos": "133342110",
                  "ref": "A",
                  "alt": "G"
                },
                "moleculeContext": "genomic",
                "allelicState": {
                  "id": "GENO:0000136",
                  "label": "homozygous"
                }
              }
            }
          }
        ]
      }
    }
  ],
  "metaData": {
    "created": "2023-09-20T17:50:13.951703071Z",
    "createdBy": "Hpo Case Annotator : 1.0.13-SNAPSHOT",
    "submittedBy": "HPO:probinson",
    "resources": [
      {
        "id": "hp",
        "name": "human phenotype ontology",
        "url": "http://purl.obolibrary.org/obo/hp.owl",
        "version": "2018-03-08",
        "namespacePrefix": "HP",
        "iriPrefix": "http://purl.obolibrary.org/obo/HP_"
      },
      {
        "id": "pato",
        "name": "Phenotype And Trait Ontology",
        "url": "http://purl.obolibrary.org/obo/pato.owl",
        "version": "2018-03-28",
        "namespacePrefix": "PATO",
        "iriPrefix": "http://purl.obolibrary.org/obo/PATO_"
      },
      {
        "id": "geno",
        "name": "Genotype Ontology",
        "url": "http://purl.obolibrary.org/obo/geno.owl",
        "version": "19-03-2018",
        "namespacePrefix": "GENO",
        "iriPrefix": "http://purl.obolibrary.org/obo/GENO_"
      },
      {
        "id": "eco",
        "name": "Evidence and Conclusion Ontology",
        "url": "http://purl.obolibrary.org/obo/eco.owl",
        "version": "2018-11-10",
        "namespacePrefix": "ECO",
        "iriPrefix": "http://purl.obolibrary.org/obo/ECO_"
      },
      {
        "id": "omim",
        "name": "Online Mendelian Inheritance in Man",
        "url": "https://www.omim.org",
        "version": "n/a",
        "namespacePrefix": "OMIM",
        "iriPrefix": "n/a"
      }
    ],
    "phenopacketSchemaVersion": "2.0"
  }
}