{
  "id": "PMID:29883675-Stouffs-2018-RTTN-Patient_3",
  "subject": {
    "id": "Patient 3",
    "timeAtLastEncounter": {
      "age": {
        "iso8601duration": "P6Y"
      }
    },
    "sex": "FEMALE"
  },
  "phenotypicFeatures": [
    {
      "type": {
        "id": "HP:0004322",
        "label": "Short stature"
      },
      "evidence": [
        {
          "evidenceCode": {
            "id": "ECO:0000033",
            "label": "author statement supported by traceable reference"
          },
          "reference": {
            "id": "PMID:29883675",
            "description": "Biallelic mutations in RTTN are associated with microcephaly, short stature and a wide range of brain malformations"
          }
        }
      ]
    },
    {
      "type": {
        "id": "HP:0002126",
        "label": "Polymicrogyria"
      },
      "evidence": [
        {
          "evidenceCode": {
            "id": "ECO:0000033",
            "label": "author statement supported by traceable reference"
          },
          "reference": {
            "id": "PMID:29883675",
            "description": "Biallelic mutations in RTTN are associated with microcephaly, short stature and a wide range of brain malformations"
          }
        }
      ]
    },
    {
      "type": {
        "id": "HP:0000712",
        "label": "Emotional lability"
      },
      "evidence": [
        {
          "evidenceCode": {
            "id": "ECO:0000033",
            "label": "author statement supported by traceable reference"
          },
          "reference": {
            "id": "PMID:29883675",
            "description": "Biallelic mutations in RTTN are associated with microcephaly, short stature and a wide range of brain malformations"
          }
        }
      ]
    },
    {
      "type": {
        "id": "HP:0000750",
        "label": "Delayed speech and language development"
      },
      "evidence": [
        {
          "evidenceCode": {
            "id": "ECO:0000033",
            "label": "author statement supported by traceable reference"
          },
          "reference": {
            "id": "PMID:29883675",
            "description": "Biallelic mutations in RTTN are associated with microcephaly, short stature and a wide range of brain malformations"
          }
        }
      ]
    },
    {
      "type": {
        "id": "HP:0000252",
        "label": "Microcephaly"
      },
      "evidence": [
        {
          "evidenceCode": {
            "id": "ECO:0000033",
            "label": "author statement supported by traceable reference"
          },
          "reference": {
            "id": "PMID:29883675",
            "description": "Biallelic mutations in RTTN are associated with microcephaly, short stature and a wide range of brain malformations"
          }
        }
      ]
    },
    {
      "type": {
        "id": "HP:0002079",
        "label": "Hypoplasia of the corpus callosum"
      },
      "evidence": [
        {
          "evidenceCode": {
            "id": "ECO:0000033",
            "label": "author statement supported by traceable reference"
          },
          "reference": {
            "id": "PMID:29883675",
            "description": "Biallelic mutations in RTTN are associated with microcephaly, short stature and a wide range of brain malformations"
          }
        }
      ]
    },
    {
      "type": {
        "id": "HP:0004325",
        "label": "Decreased body weight"
      },
      "evidence": [
        {
          "evidenceCode": {
            "id": "ECO:0000033",
            "label": "author statement supported by traceable reference"
          },
          "reference": {
            "id": "PMID:29883675",
            "description": "Biallelic mutations in RTTN are associated with microcephaly, short stature and a wide range of brain malformations"
          }
        }
      ]
    },
    {
      "type": {
        "id": "HP:0012758",
        "label": "Neurodevelopmental delay"
      },
      "evidence": [
        {
          "evidenceCode": {
            "id": "ECO:0000033",
            "label": "author statement supported by traceable reference"
          },
          "reference": {
            "id": "PMID:29883675",
            "description": "Biallelic mutations in RTTN are associated with microcephaly, short stature and a wide range of brain malformations"
          }
        }
      ]
    },
    {
      "type": {
        "id": "HP:0001320",
        "label": "Cerebellar vermis hypoplasia"
      },
      "evidence": [
        {
          "evidenceCode": {
            "id": "ECO:0000033",
            "label": "author statement supported by traceable reference"
          },
          "reference": {
            "id": "PMID:29883675",
            "description": "Biallelic mutations in RTTN are associated with microcephaly, short stature and a wide range of brain malformations"
          }
        }
      ]
    },
    {
      "type": {
        "id": "HP:0001845",
        "label": "Overlapping toe"
      },
      "evidence": [
        {
          "evidenceCode": {
            "id": "ECO:0000033",
            "label": "author statement supported by traceable reference"
          },
          "reference": {
            "id": "PMID:29883675",
            "description": "Biallelic mutations in RTTN are associated with microcephaly, short stature and a wide range of brain malformations"
          }
        }
      ]
    }
  ],
  "interpretations": [
    {
      "id": "interpretation-id",
      "progressStatus": "SOLVED",
      "diagnosis": {
        "disease": {
          "id": "OMIM:614833",
          "label": "POLYMICROGYRIA WITH SEIZURES; PMGYS"
        },
        "genomicInterpretations": [
          {
            "subjectOrBiosampleId": "Patient 3",
            "interpretationStatus": "CAUSATIVE",
            "variantInterpretation": {
              "variationDescriptor": {
                "id": "variant-1",
                "geneContext": {
                  "valueId": "NCBIGene:25914",
                  "symbol": "RTTN"
                },
                "vcfRecord": {
                  "genomeAssembly": "GRCh37",
                  "chrom": "18",
                  "pos": "67834203",
                  "ref": "T",
                  "alt": "C"
                },
                "moleculeContext": "genomic",
                "allelicState": {
                  "id": "GENO:0000136",
                  "label": "homozygous"
                }
              }
            }
          }
        ]
      }
    }
  ],
  "metaData": {
    "created": "2023-09-20T17:50:14.944757938Z",
    "createdBy": "n/a",
    "submittedBy": "HPO:probinson",
    "resources": [
      {
        "id": "hp",
        "name": "human phenotype ontology",
        "url": "http://purl.obolibrary.org/obo/hp.owl",
        "version": "2018-03-08",
        "namespacePrefix": "HP",
        "iriPrefix": "http://purl.obolibrary.org/obo/HP_"
      },
      {
        "id": "pato",
        "name": "Phenotype And Trait Ontology",
        "url": "http://purl.obolibrary.org/obo/pato.owl",
        "version": "2018-03-28",
        "namespacePrefix": "PATO",
        "iriPrefix": "http://purl.obolibrary.org/obo/PATO_"
      },
      {
        "id": "geno",
        "name": "Genotype Ontology",
        "url": "http://purl.obolibrary.org/obo/geno.owl",
        "version": "19-03-2018",
        "namespacePrefix": "GENO",
        "iriPrefix": "http://purl.obolibrary.org/obo/GENO_"
      },
      {
        "id": "eco",
        "name": "Evidence and Conclusion Ontology",
        "url": "http://purl.obolibrary.org/obo/eco.owl",
        "version": "2018-11-10",
        "namespacePrefix": "ECO",
        "iriPrefix": "http://purl.obolibrary.org/obo/ECO_"
      },
      {
        "id": "omim",
        "name": "Online Mendelian Inheritance in Man",
        "url": "https://www.omim.org",
        "version": "n/a",
        "namespacePrefix": "OMIM",
        "iriPrefix": "n/a"
      }
    ],
    "phenopacketSchemaVersion": "2.0"
  }
}