{
  "id": "PMID:16900296-Gul-2006-CENPJ-IV-5",
  "subject": {
    "id": "IV-5",
    "timeAtLastEncounter": {
      "age": {
        "iso8601duration": "P8Y"
      }
    },
    "sex": "FEMALE"
  },
  "phenotypicFeatures": [
    {
      "type": {
        "id": "HP:0001270",
        "label": "Motor delay"
      },
      "evidence": [
        {
          "evidenceCode": {
            "id": "ECO:0000033",
            "label": "author statement supported by traceable reference"
          },
          "reference": {
            "id": "PMID:16900296",
            "description": "A novel deletion mutation in CENPJ gene in a Pakistani family with autosomal recessive primary microcephaly"
          }
        }
      ]
    },
    {
      "type": {
        "id": "HP:0002353",
        "label": "EEG abnormality"
      },
      "evidence": [
        {
          "evidenceCode": {
            "id": "ECO:0000033",
            "label": "author statement supported by traceable reference"
          },
          "reference": {
            "id": "PMID:16900296",
            "description": "A novel deletion mutation in CENPJ gene in a Pakistani family with autosomal recessive primary microcephaly"
          }
        }
      ]
    },
    {
      "type": {
        "id": "HP:0000252",
        "label": "Microcephaly"
      },
      "evidence": [
        {
          "evidenceCode": {
            "id": "ECO:0000033",
            "label": "author statement supported by traceable reference"
          },
          "reference": {
            "id": "PMID:16900296",
            "description": "A novel deletion mutation in CENPJ gene in a Pakistani family with autosomal recessive primary microcephaly"
          }
        }
      ]
    },
    {
      "type": {
        "id": "HP:0012443",
        "label": "Abnormality of brain morphology"
      },
      "evidence": [
        {
          "evidenceCode": {
            "id": "ECO:0000033",
            "label": "author statement supported by traceable reference"
          },
          "reference": {
            "id": "PMID:16900296",
            "description": "A novel deletion mutation in CENPJ gene in a Pakistani family with autosomal recessive primary microcephaly"
          }
        }
      ]
    },
    {
      "type": {
        "id": "HP:0010864",
        "label": "Intellectual disability, severe"
      },
      "evidence": [
        {
          "evidenceCode": {
            "id": "ECO:0000033",
            "label": "author statement supported by traceable reference"
          },
          "reference": {
            "id": "PMID:16900296",
            "description": "A novel deletion mutation in CENPJ gene in a Pakistani family with autosomal recessive primary microcephaly"
          }
        }
      ]
    },
    {
      "type": {
        "id": "HP:0001263",
        "label": "Global developmental delay"
      },
      "evidence": [
        {
          "evidenceCode": {
            "id": "ECO:0000033",
            "label": "author statement supported by traceable reference"
          },
          "reference": {
            "id": "PMID:16900296",
            "description": "A novel deletion mutation in CENPJ gene in a Pakistani family with autosomal recessive primary microcephaly"
          }
        }
      ]
    },
    {
      "type": {
        "id": "HP:0001344",
        "label": "Absent speech"
      },
      "evidence": [
        {
          "evidenceCode": {
            "id": "ECO:0000033",
            "label": "author statement supported by traceable reference"
          },
          "reference": {
            "id": "PMID:16900296",
            "description": "A novel deletion mutation in CENPJ gene in a Pakistani family with autosomal recessive primary microcephaly"
          }
        }
      ]
    }
  ],
  "interpretations": [
    {
      "id": "interpretation-id",
      "progressStatus": "SOLVED",
      "diagnosis": {
        "disease": {
          "id": "OMIM:608393",
          "label": "MICROCEPHALY 6, PRIMARY, AUTOSOMAL RECESSIVE; MCPH6"
        },
        "genomicInterpretations": [
          {
            "subjectOrBiosampleId": "IV-5",
            "interpretationStatus": "CAUSATIVE",
            "variantInterpretation": {
              "variationDescriptor": {
                "id": "variant-1",
                "geneContext": {
                  "valueId": "NCBIGene:55835",
                  "symbol": "CENPJ"
                },
                "vcfRecord": {
                  "genomeAssembly": "GRCh37",
                  "chrom": "13",
                  "pos": "25463508",
                  "ref": "TCTGA",
                  "alt": "T"
                },
                "moleculeContext": "genomic",
                "allelicState": {
                  "id": "GENO:0000136",
                  "label": "homozygous"
                }
              }
            }
          }
        ]
      }
    }
  ],
  "metaData": {
    "created": "2023-09-20T17:50:14.380672931Z",
    "createdBy": "Hpo Case Annotator : 1.0.12-SNAPSHOT",
    "submittedBy": "HPO:probinson",
    "resources": [
      {
        "id": "hp",
        "name": "human phenotype ontology",
        "url": "http://purl.obolibrary.org/obo/hp.owl",
        "version": "2018-03-08",
        "namespacePrefix": "HP",
        "iriPrefix": "http://purl.obolibrary.org/obo/HP_"
      },
      {
        "id": "pato",
        "name": "Phenotype And Trait Ontology",
        "url": "http://purl.obolibrary.org/obo/pato.owl",
        "version": "2018-03-28",
        "namespacePrefix": "PATO",
        "iriPrefix": "http://purl.obolibrary.org/obo/PATO_"
      },
      {
        "id": "geno",
        "name": "Genotype Ontology",
        "url": "http://purl.obolibrary.org/obo/geno.owl",
        "version": "19-03-2018",
        "namespacePrefix": "GENO",
        "iriPrefix": "http://purl.obolibrary.org/obo/GENO_"
      },
      {
        "id": "eco",
        "name": "Evidence and Conclusion Ontology",
        "url": "http://purl.obolibrary.org/obo/eco.owl",
        "version": "2018-11-10",
        "namespacePrefix": "ECO",
        "iriPrefix": "http://purl.obolibrary.org/obo/ECO_"
      },
      {
        "id": "omim",
        "name": "Online Mendelian Inheritance in Man",
        "url": "https://www.omim.org",
        "version": "n/a",
        "namespacePrefix": "OMIM",
        "iriPrefix": "n/a"
      }
    ],
    "phenopacketSchemaVersion": "2.0"
  }
}