{
  "id": "PMID:27330822-Luo-2016-COMP-II-1",
  "subject": {
    "id": "II-1",
    "timeAtLastEncounter": {
      "age": {
        "iso8601duration": "P3Y"
      }
    },
    "sex": "MALE"
  },
  "phenotypicFeatures": [
    {
      "type": {
        "id": "HP:0002515",
        "label": "Waddling gait"
      },
      "evidence": [
        {
          "evidenceCode": {
            "id": "ECO:0000033",
            "label": "author statement supported by traceable reference"
          },
          "reference": {
            "id": "PMID:27330822",
            "description": "A novel deleterious mutation in the COMP gene that causes pseudoachondroplasia"
          }
        }
      ]
    },
    {
      "type": {
        "id": "HP:0200055",
        "label": "Small hand"
      },
      "evidence": [
        {
          "evidenceCode": {
            "id": "ECO:0000033",
            "label": "author statement supported by traceable reference"
          },
          "reference": {
            "id": "PMID:27330822",
            "description": "A novel deleterious mutation in the COMP gene that causes pseudoachondroplasia"
          }
        }
      ]
    },
    {
      "type": {
        "id": "HP:0004568",
        "label": "Beaking of vertebral bodies"
      },
      "evidence": [
        {
          "evidenceCode": {
            "id": "ECO:0000033",
            "label": "author statement supported by traceable reference"
          },
          "reference": {
            "id": "PMID:27330822",
            "description": "A novel deleterious mutation in the COMP gene that causes pseudoachondroplasia"
          }
        }
      ]
    },
    {
      "type": {
        "id": "HP:0009381",
        "label": "Short finger"
      },
      "evidence": [
        {
          "evidenceCode": {
            "id": "ECO:0000033",
            "label": "author statement supported by traceable reference"
          },
          "reference": {
            "id": "PMID:27330822",
            "description": "A novel deleterious mutation in the COMP gene that causes pseudoachondroplasia"
          }
        }
      ]
    },
    {
      "type": {
        "id": "HP:0008802",
        "label": "Hypoplasia of the femoral head"
      },
      "evidence": [
        {
          "evidenceCode": {
            "id": "ECO:0000033",
            "label": "author statement supported by traceable reference"
          },
          "reference": {
            "id": "PMID:27330822",
            "description": "A novel deleterious mutation in the COMP gene that causes pseudoachondroplasia"
          }
        }
      ]
    },
    {
      "type": {
        "id": "HP:0003183",
        "label": "Wide pubic symphysis"
      },
      "evidence": [
        {
          "evidenceCode": {
            "id": "ECO:0000033",
            "label": "author statement supported by traceable reference"
          },
          "reference": {
            "id": "PMID:27330822",
            "description": "A novel deleterious mutation in the COMP gene that causes pseudoachondroplasia"
          }
        }
      ]
    },
    {
      "type": {
        "id": "HP:0009826",
        "label": "Limb undergrowth"
      },
      "evidence": [
        {
          "evidenceCode": {
            "id": "ECO:0000033",
            "label": "author statement supported by traceable reference"
          },
          "reference": {
            "id": "PMID:27330822",
            "description": "A novel deleterious mutation in the COMP gene that causes pseudoachondroplasia"
          }
        }
      ]
    },
    {
      "type": {
        "id": "HP:0003015",
        "label": "Flared metaphysis"
      },
      "evidence": [
        {
          "evidenceCode": {
            "id": "ECO:0000033",
            "label": "author statement supported by traceable reference"
          },
          "reference": {
            "id": "PMID:27330822",
            "description": "A novel deleterious mutation in the COMP gene that causes pseudoachondroplasia"
          }
        }
      ]
    },
    {
      "type": {
        "id": "HP:0000926",
        "label": "Platyspondyly"
      },
      "evidence": [
        {
          "evidenceCode": {
            "id": "ECO:0000033",
            "label": "author statement supported by traceable reference"
          },
          "reference": {
            "id": "PMID:27330822",
            "description": "A novel deleterious mutation in the COMP gene that causes pseudoachondroplasia"
          }
        }
      ]
    }
  ],
  "interpretations": [
    {
      "id": "interpretation-id",
      "progressStatus": "SOLVED",
      "diagnosis": {
        "disease": {
          "id": "OMIM:177170",
          "label": "PSEUDOACHONDROPLASIA; PSACH"
        },
        "genomicInterpretations": [
          {
            "subjectOrBiosampleId": "II-1",
            "interpretationStatus": "CAUSATIVE",
            "variantInterpretation": {
              "variationDescriptor": {
                "id": "variant-1",
                "geneContext": {
                  "valueId": "NCBIGene:1311",
                  "symbol": "COMP"
                },
                "vcfRecord": {
                  "genomeAssembly": "GRCh37",
                  "chrom": "19",
                  "pos": "18897434",
                  "ref": "GGCA",
                  "alt": "G"
                },
                "moleculeContext": "genomic",
                "allelicState": {
                  "id": "GENO:0000135",
                  "label": "heterozygous"
                }
              }
            }
          }
        ]
      }
    }
  ],
  "metaData": {
    "created": "2023-09-20T17:50:12.163229942Z",
    "createdBy": "n/a",
    "submittedBy": "HPO:probinson",
    "resources": [
      {
        "id": "hp",
        "name": "human phenotype ontology",
        "url": "http://purl.obolibrary.org/obo/hp.owl",
        "version": "2018-03-08",
        "namespacePrefix": "HP",
        "iriPrefix": "http://purl.obolibrary.org/obo/HP_"
      },
      {
        "id": "pato",
        "name": "Phenotype And Trait Ontology",
        "url": "http://purl.obolibrary.org/obo/pato.owl",
        "version": "2018-03-28",
        "namespacePrefix": "PATO",
        "iriPrefix": "http://purl.obolibrary.org/obo/PATO_"
      },
      {
        "id": "geno",
        "name": "Genotype Ontology",
        "url": "http://purl.obolibrary.org/obo/geno.owl",
        "version": "19-03-2018",
        "namespacePrefix": "GENO",
        "iriPrefix": "http://purl.obolibrary.org/obo/GENO_"
      },
      {
        "id": "eco",
        "name": "Evidence and Conclusion Ontology",
        "url": "http://purl.obolibrary.org/obo/eco.owl",
        "version": "2018-11-10",
        "namespacePrefix": "ECO",
        "iriPrefix": "http://purl.obolibrary.org/obo/ECO_"
      },
      {
        "id": "omim",
        "name": "Online Mendelian Inheritance in Man",
        "url": "https://www.omim.org",
        "version": "n/a",
        "namespacePrefix": "OMIM",
        "iriPrefix": "n/a"
      }
    ],
    "phenopacketSchemaVersion": "2.0"
  }
}