{
  "id": "PMID:28966590-Geiger-2017-TUBB2B-proband",
  "subject": {
    "id": "proband",
    "timeAtLastEncounter": {
      "age": {
        "iso8601duration": "P31Y"
      }
    },
    "sex": "FEMALE"
  },
  "phenotypicFeatures": [
    {
      "type": {
        "id": "HP:0003487",
        "label": "Babinski sign"
      },
      "evidence": [
        {
          "evidenceCode": {
            "id": "ECO:0000033",
            "label": "author statement supported by traceable reference"
          },
          "reference": {
            "id": "PMID:28966590",
            "description": "TUBB2B Mutation in an Adult Patient with Myoclonus-Dystonia"
          }
        }
      ]
    },
    {
      "type": {
        "id": "HP:0003808",
        "label": "Abnormal muscle tone"
      },
      "evidence": [
        {
          "evidenceCode": {
            "id": "ECO:0000033",
            "label": "author statement supported by traceable reference"
          },
          "reference": {
            "id": "PMID:28966590",
            "description": "TUBB2B Mutation in an Adult Patient with Myoclonus-Dystonia"
          }
        }
      ]
    },
    {
      "type": {
        "id": "HP:0007033",
        "label": "Cerebellar dysplasia"
      },
      "evidence": [
        {
          "evidenceCode": {
            "id": "ECO:0000033",
            "label": "author statement supported by traceable reference"
          },
          "reference": {
            "id": "PMID:28966590",
            "description": "TUBB2B Mutation in an Adult Patient with Myoclonus-Dystonia"
          }
        }
      ]
    },
    {
      "type": {
        "id": "HP:0001347",
        "label": "Hyperreflexia"
      },
      "evidence": [
        {
          "evidenceCode": {
            "id": "ECO:0000033",
            "label": "author statement supported by traceable reference"
          },
          "reference": {
            "id": "PMID:28966590",
            "description": "TUBB2B Mutation in an Adult Patient with Myoclonus-Dystonia"
          }
        }
      ]
    },
    {
      "type": {
        "id": "HP:0001302",
        "label": "Pachygyria"
      },
      "evidence": [
        {
          "evidenceCode": {
            "id": "ECO:0000033",
            "label": "author statement supported by traceable reference"
          },
          "reference": {
            "id": "PMID:28966590",
            "description": "TUBB2B Mutation in an Adult Patient with Myoclonus-Dystonia"
          }
        }
      ]
    },
    {
      "type": {
        "id": "HP:0000473",
        "label": "Torticollis"
      },
      "evidence": [
        {
          "evidenceCode": {
            "id": "ECO:0000033",
            "label": "author statement supported by traceable reference"
          },
          "reference": {
            "id": "PMID:28966590",
            "description": "TUBB2B Mutation in an Adult Patient with Myoclonus-Dystonia"
          }
        }
      ]
    },
    {
      "type": {
        "id": "HP:0002174",
        "label": "Postural tremor"
      },
      "evidence": [
        {
          "evidenceCode": {
            "id": "ECO:0000033",
            "label": "author statement supported by traceable reference"
          },
          "reference": {
            "id": "PMID:28966590",
            "description": "TUBB2B Mutation in an Adult Patient with Myoclonus-Dystonia"
          }
        }
      ]
    },
    {
      "type": {
        "id": "HP:0007018",
        "label": "Attention deficit hyperactivity disorder"
      },
      "evidence": [
        {
          "evidenceCode": {
            "id": "ECO:0000033",
            "label": "author statement supported by traceable reference"
          },
          "reference": {
            "id": "PMID:28966590",
            "description": "TUBB2B Mutation in an Adult Patient with Myoclonus-Dystonia"
          }
        }
      ]
    },
    {
      "type": {
        "id": "HP:0100021",
        "label": "Cerebral palsy"
      },
      "evidence": [
        {
          "evidenceCode": {
            "id": "ECO:0000033",
            "label": "author statement supported by traceable reference"
          },
          "reference": {
            "id": "PMID:28966590",
            "description": "TUBB2B Mutation in an Adult Patient with Myoclonus-Dystonia"
          }
        }
      ]
    },
    {
      "type": {
        "id": "HP:0002857",
        "label": "Genu valgum"
      },
      "evidence": [
        {
          "evidenceCode": {
            "id": "ECO:0000033",
            "label": "author statement supported by traceable reference"
          },
          "reference": {
            "id": "PMID:28966590",
            "description": "TUBB2B Mutation in an Adult Patient with Myoclonus-Dystonia"
          }
        }
      ]
    },
    {
      "type": {
        "id": "HP:0001339",
        "label": "Lissencephaly"
      },
      "evidence": [
        {
          "evidenceCode": {
            "id": "ECO:0000033",
            "label": "author statement supported by traceable reference"
          },
          "reference": {
            "id": "PMID:28966590",
            "description": "TUBB2B Mutation in an Adult Patient with Myoclonus-Dystonia"
          }
        }
      ]
    },
    {
      "type": {
        "id": "HP:0100543",
        "label": "Cognitive impairment"
      },
      "evidence": [
        {
          "evidenceCode": {
            "id": "ECO:0000033",
            "label": "author statement supported by traceable reference"
          },
          "reference": {
            "id": "PMID:28966590",
            "description": "TUBB2B Mutation in an Adult Patient with Myoclonus-Dystonia"
          }
        }
      ]
    },
    {
      "type": {
        "id": "HP:0001385",
        "label": "Hip dysplasia"
      },
      "evidence": [
        {
          "evidenceCode": {
            "id": "ECO:0000033",
            "label": "author statement supported by traceable reference"
          },
          "reference": {
            "id": "PMID:28966590",
            "description": "TUBB2B Mutation in an Adult Patient with Myoclonus-Dystonia"
          }
        }
      ]
    },
    {
      "type": {
        "id": "HP:0003307",
        "label": "Hyperlordosis"
      },
      "evidence": [
        {
          "evidenceCode": {
            "id": "ECO:0000033",
            "label": "author statement supported by traceable reference"
          },
          "reference": {
            "id": "PMID:28966590",
            "description": "TUBB2B Mutation in an Adult Patient with Myoclonus-Dystonia"
          }
        }
      ]
    },
    {
      "type": {
        "id": "HP:0006956",
        "label": "Lateral ventricle dilatation"
      },
      "evidence": [
        {
          "evidenceCode": {
            "id": "ECO:0000033",
            "label": "author statement supported by traceable reference"
          },
          "reference": {
            "id": "PMID:28966590",
            "description": "TUBB2B Mutation in an Adult Patient with Myoclonus-Dystonia"
          }
        }
      ]
    },
    {
      "type": {
        "id": "HP:0001336",
        "label": "Myoclonus"
      },
      "evidence": [
        {
          "evidenceCode": {
            "id": "ECO:0000033",
            "label": "author statement supported by traceable reference"
          },
          "reference": {
            "id": "PMID:28966590",
            "description": "TUBB2B Mutation in an Adult Patient with Myoclonus-Dystonia"
          }
        }
      ]
    },
    {
      "type": {
        "id": "HP:0002069",
        "label": "Bilateral tonic-clonic seizure"
      },
      "evidence": [
        {
          "evidenceCode": {
            "id": "ECO:0000033",
            "label": "author statement supported by traceable reference"
          },
          "reference": {
            "id": "PMID:28966590",
            "description": "TUBB2B Mutation in an Adult Patient with Myoclonus-Dystonia"
          }
        }
      ]
    },
    {
      "type": {
        "id": "HP:0001270",
        "label": "Motor delay"
      },
      "evidence": [
        {
          "evidenceCode": {
            "id": "ECO:0000033",
            "label": "author statement supported by traceable reference"
          },
          "reference": {
            "id": "PMID:28966590",
            "description": "TUBB2B Mutation in an Adult Patient with Myoclonus-Dystonia"
          }
        }
      ]
    }
  ],
  "interpretations": [
    {
      "id": "interpretation-id",
      "progressStatus": "SOLVED",
      "diagnosis": {
        "disease": {
          "id": "OMIM:610031",
          "label": "POLYMICROGYRIA, SYMMETRIC OR ASYMMETRIC; PMGYSA"
        },
        "genomicInterpretations": [
          {
            "subjectOrBiosampleId": "proband",
            "interpretationStatus": "CAUSATIVE",
            "variantInterpretation": {
              "variationDescriptor": {
                "id": "variant-1",
                "geneContext": {
                  "valueId": "NCBIGene:347733",
                  "symbol": "TUBB2B"
                },
                "vcfRecord": {
                  "genomeAssembly": "GRCh37",
                  "chrom": "6",
                  "pos": "3225601",
                  "ref": "C",
                  "alt": "T"
                },
                "moleculeContext": "genomic",
                "allelicState": {
                  "id": "GENO:0000135",
                  "label": "heterozygous"
                }
              }
            }
          }
        ]
      }
    }
  ],
  "metaData": {
    "created": "2023-09-20T17:50:15.809493064Z",
    "createdBy": "Hpo Case Annotator : 1.0.13-SNAPSHOT",
    "submittedBy": "HPO:probinson",
    "resources": [
      {
        "id": "hp",
        "name": "human phenotype ontology",
        "url": "http://purl.obolibrary.org/obo/hp.owl",
        "version": "2018-03-08",
        "namespacePrefix": "HP",
        "iriPrefix": "http://purl.obolibrary.org/obo/HP_"
      },
      {
        "id": "pato",
        "name": "Phenotype And Trait Ontology",
        "url": "http://purl.obolibrary.org/obo/pato.owl",
        "version": "2018-03-28",
        "namespacePrefix": "PATO",
        "iriPrefix": "http://purl.obolibrary.org/obo/PATO_"
      },
      {
        "id": "geno",
        "name": "Genotype Ontology",
        "url": "http://purl.obolibrary.org/obo/geno.owl",
        "version": "19-03-2018",
        "namespacePrefix": "GENO",
        "iriPrefix": "http://purl.obolibrary.org/obo/GENO_"
      },
      {
        "id": "eco",
        "name": "Evidence and Conclusion Ontology",
        "url": "http://purl.obolibrary.org/obo/eco.owl",
        "version": "2018-11-10",
        "namespacePrefix": "ECO",
        "iriPrefix": "http://purl.obolibrary.org/obo/ECO_"
      },
      {
        "id": "omim",
        "name": "Online Mendelian Inheritance in Man",
        "url": "https://www.omim.org",
        "version": "n/a",
        "namespacePrefix": "OMIM",
        "iriPrefix": "n/a"
      }
    ],
    "phenopacketSchemaVersion": "2.0"
  }
}