{
  "id": "PMID:28132690-Oud-2017-EXTL3-D:IV-1",
  "subject": {
    "id": "D:IV-1",
    "timeAtLastEncounter": {
      "age": {
        "iso8601duration": "P12Y"
      }
    },
    "sex": "FEMALE"
  },
  "phenotypicFeatures": [
    {
      "type": {
        "id": "HP:0003090",
        "label": "Hypoplasia of the capital femoral epiphysis"
      },
      "evidence": [
        {
          "evidenceCode": {
            "id": "ECO:0000033",
            "label": "author statement supported by traceable reference"
          },
          "reference": {
            "id": "PMID:28132690",
            "description": "Mutations in EXTL3 Cause Neuro-immuno-skeletal Dysplasia Syndrome"
          }
        }
      ]
    },
    {
      "type": {
        "id": "HP:0001539",
        "label": "Omphalocele"
      },
      "evidence": [
        {
          "evidenceCode": {
            "id": "ECO:0000033",
            "label": "author statement supported by traceable reference"
          },
          "reference": {
            "id": "PMID:28132690",
            "description": "Mutations in EXTL3 Cause Neuro-immuno-skeletal Dysplasia Syndrome"
          }
        }
      ]
    },
    {
      "type": {
        "id": "HP:0002673",
        "label": "Coxa valga"
      },
      "evidence": [
        {
          "evidenceCode": {
            "id": "ECO:0000033",
            "label": "author statement supported by traceable reference"
          },
          "reference": {
            "id": "PMID:28132690",
            "description": "Mutations in EXTL3 Cause Neuro-immuno-skeletal Dysplasia Syndrome"
          }
        }
      ]
    },
    {
      "type": {
        "id": "HP:0001270",
        "label": "Motor delay"
      },
      "evidence": [
        {
          "evidenceCode": {
            "id": "ECO:0000033",
            "label": "author statement supported by traceable reference"
          },
          "reference": {
            "id": "PMID:28132690",
            "description": "Mutations in EXTL3 Cause Neuro-immuno-skeletal Dysplasia Syndrome"
          }
        }
      ]
    },
    {
      "type": {
        "id": "HP:0002651",
        "label": "Spondyloepimetaphyseal dysplasia"
      },
      "evidence": [
        {
          "evidenceCode": {
            "id": "ECO:0000033",
            "label": "author statement supported by traceable reference"
          },
          "reference": {
            "id": "PMID:28132690",
            "description": "Mutations in EXTL3 Cause Neuro-immuno-skeletal Dysplasia Syndrome"
          }
        }
      ]
    },
    {
      "type": {
        "id": "HP:0003048",
        "label": "Radial head subluxation"
      },
      "evidence": [
        {
          "evidenceCode": {
            "id": "ECO:0000033",
            "label": "author statement supported by traceable reference"
          },
          "reference": {
            "id": "PMID:28132690",
            "description": "Mutations in EXTL3 Cause Neuro-immuno-skeletal Dysplasia Syndrome"
          }
        }
      ]
    },
    {
      "type": {
        "id": "HP:0001653",
        "label": "Mitral regurgitation"
      },
      "evidence": [
        {
          "evidenceCode": {
            "id": "ECO:0000033",
            "label": "author statement supported by traceable reference"
          },
          "reference": {
            "id": "PMID:28132690",
            "description": "Mutations in EXTL3 Cause Neuro-immuno-skeletal Dysplasia Syndrome"
          }
        }
      ]
    },
    {
      "type": {
        "id": "HP:0000886",
        "label": "Deformed rib cage"
      },
      "evidence": [
        {
          "evidenceCode": {
            "id": "ECO:0000033",
            "label": "author statement supported by traceable reference"
          },
          "reference": {
            "id": "PMID:28132690",
            "description": "Mutations in EXTL3 Cause Neuro-immuno-skeletal Dysplasia Syndrome"
          }
        }
      ]
    },
    {
      "type": {
        "id": "HP:0003265",
        "label": "Neonatal hyperbilirubinemia"
      },
      "evidence": [
        {
          "evidenceCode": {
            "id": "ECO:0000033",
            "label": "author statement supported by traceable reference"
          },
          "reference": {
            "id": "PMID:28132690",
            "description": "Mutations in EXTL3 Cause Neuro-immuno-skeletal Dysplasia Syndrome"
          }
        }
      ]
    },
    {
      "type": {
        "id": "HP:0003319",
        "label": "Abnormality of the cervical spine"
      },
      "evidence": [
        {
          "evidenceCode": {
            "id": "ECO:0000033",
            "label": "author statement supported by traceable reference"
          },
          "reference": {
            "id": "PMID:28132690",
            "description": "Mutations in EXTL3 Cause Neuro-immuno-skeletal Dysplasia Syndrome"
          }
        }
      ]
    },
    {
      "type": {
        "id": "HP:0001582",
        "label": "Redundant skin"
      },
      "evidence": [
        {
          "evidenceCode": {
            "id": "ECO:0000033",
            "label": "author statement supported by traceable reference"
          },
          "reference": {
            "id": "PMID:28132690",
            "description": "Mutations in EXTL3 Cause Neuro-immuno-skeletal Dysplasia Syndrome"
          }
        }
      ]
    },
    {
      "type": {
        "id": "HP:0001999",
        "label": "Abnormal facial shape"
      },
      "evidence": [
        {
          "evidenceCode": {
            "id": "ECO:0000033",
            "label": "author statement supported by traceable reference"
          },
          "reference": {
            "id": "PMID:28132690",
            "description": "Mutations in EXTL3 Cause Neuro-immuno-skeletal Dysplasia Syndrome"
          }
        }
      ]
    },
    {
      "type": {
        "id": "HP:0040163",
        "label": "Abnormal pelvis bone morphology"
      },
      "evidence": [
        {
          "evidenceCode": {
            "id": "ECO:0000033",
            "label": "author statement supported by traceable reference"
          },
          "reference": {
            "id": "PMID:28132690",
            "description": "Mutations in EXTL3 Cause Neuro-immuno-skeletal Dysplasia Syndrome"
          }
        }
      ]
    },
    {
      "type": {
        "id": "HP:0000767",
        "label": "Pectus excavatum"
      },
      "evidence": [
        {
          "evidenceCode": {
            "id": "ECO:0000033",
            "label": "author statement supported by traceable reference"
          },
          "reference": {
            "id": "PMID:28132690",
            "description": "Mutations in EXTL3 Cause Neuro-immuno-skeletal Dysplasia Syndrome"
          }
        }
      ]
    },
    {
      "type": {
        "id": "HP:0000280",
        "label": "Coarse facial features"
      },
      "evidence": [
        {
          "evidenceCode": {
            "id": "ECO:0000033",
            "label": "author statement supported by traceable reference"
          },
          "reference": {
            "id": "PMID:28132690",
            "description": "Mutations in EXTL3 Cause Neuro-immuno-skeletal Dysplasia Syndrome"
          }
        }
      ]
    },
    {
      "type": {
        "id": "HP:0004322",
        "label": "Short stature"
      },
      "evidence": [
        {
          "evidenceCode": {
            "id": "ECO:0000033",
            "label": "author statement supported by traceable reference"
          },
          "reference": {
            "id": "PMID:28132690",
            "description": "Mutations in EXTL3 Cause Neuro-immuno-skeletal Dysplasia Syndrome"
          }
        }
      ]
    },
    {
      "type": {
        "id": "HP:0004565",
        "label": "Severe platyspondyly"
      },
      "evidence": [
        {
          "evidenceCode": {
            "id": "ECO:0000033",
            "label": "author statement supported by traceable reference"
          },
          "reference": {
            "id": "PMID:28132690",
            "description": "Mutations in EXTL3 Cause Neuro-immuno-skeletal Dysplasia Syndrome"
          }
        }
      ]
    },
    {
      "type": {
        "id": "HP:0001407",
        "label": "Hepatic cysts"
      },
      "evidence": [
        {
          "evidenceCode": {
            "id": "ECO:0000033",
            "label": "author statement supported by traceable reference"
          },
          "reference": {
            "id": "PMID:28132690",
            "description": "Mutations in EXTL3 Cause Neuro-immuno-skeletal Dysplasia Syndrome"
          }
        }
      ]
    },
    {
      "type": {
        "id": "HP:0000486",
        "label": "Strabismus"
      },
      "evidence": [
        {
          "evidenceCode": {
            "id": "ECO:0000033",
            "label": "author statement supported by traceable reference"
          },
          "reference": {
            "id": "PMID:28132690",
            "description": "Mutations in EXTL3 Cause Neuro-immuno-skeletal Dysplasia Syndrome"
          }
        }
      ]
    },
    {
      "type": {
        "id": "HP:0001252",
        "label": "Hypotonia"
      },
      "evidence": [
        {
          "evidenceCode": {
            "id": "ECO:0000033",
            "label": "author statement supported by traceable reference"
          },
          "reference": {
            "id": "PMID:28132690",
            "description": "Mutations in EXTL3 Cause Neuro-immuno-skeletal Dysplasia Syndrome"
          }
        }
      ]
    },
    {
      "type": {
        "id": "HP:0002176",
        "label": "Spinal cord compression"
      },
      "evidence": [
        {
          "evidenceCode": {
            "id": "ECO:0000033",
            "label": "author statement supported by traceable reference"
          },
          "reference": {
            "id": "PMID:28132690",
            "description": "Mutations in EXTL3 Cause Neuro-immuno-skeletal Dysplasia Syndrome"
          }
        }
      ]
    },
    {
      "type": {
        "id": "HP:0002751",
        "label": "Kyphoscoliosis"
      },
      "evidence": [
        {
          "evidenceCode": {
            "id": "ECO:0000033",
            "label": "author statement supported by traceable reference"
          },
          "reference": {
            "id": "PMID:28132690",
            "description": "Mutations in EXTL3 Cause Neuro-immuno-skeletal Dysplasia Syndrome"
          }
        }
      ]
    },
    {
      "type": {
        "id": "HP:0008462",
        "label": "Cervical instability"
      },
      "evidence": [
        {
          "evidenceCode": {
            "id": "ECO:0000033",
            "label": "author statement supported by traceable reference"
          },
          "reference": {
            "id": "PMID:28132690",
            "description": "Mutations in EXTL3 Cause Neuro-immuno-skeletal Dysplasia Syndrome"
          }
        }
      ]
    }
  ],
  "interpretations": [
    {
      "id": "interpretation-id",
      "progressStatus": "SOLVED",
      "diagnosis": {
        "disease": {
          "id": "OMIM:617425",
          "label": "Immunoskeletal dysplasia with neurodevelopmental abnormalities"
        },
        "genomicInterpretations": [
          {
            "subjectOrBiosampleId": "D:IV-1",
            "interpretationStatus": "CAUSATIVE",
            "variantInterpretation": {
              "variationDescriptor": {
                "id": "variant-1",
                "geneContext": {
                  "valueId": "NCBIGene:2137",
                  "symbol": "EXTL3"
                },
                "vcfRecord": {
                  "genomeAssembly": "GRCh37",
                  "chrom": "8",
                  "pos": "28574958",
                  "ref": "C",
                  "alt": "T"
                },
                "moleculeContext": "genomic",
                "allelicState": {
                  "id": "GENO:0000136",
                  "label": "homozygous"
                }
              }
            }
          }
        ]
      }
    }
  ],
  "metaData": {
    "created": "2023-09-20T17:50:13.342578887Z",
    "createdBy": "Hpo Case Annotator : 1.0.14-SNAPSHOT",
    "submittedBy": "UNC:biocuration",
    "resources": [
      {
        "id": "hp",
        "name": "human phenotype ontology",
        "url": "http://purl.obolibrary.org/obo/hp.owl",
        "version": "2018-03-08",
        "namespacePrefix": "HP",
        "iriPrefix": "http://purl.obolibrary.org/obo/HP_"
      },
      {
        "id": "pato",
        "name": "Phenotype And Trait Ontology",
        "url": "http://purl.obolibrary.org/obo/pato.owl",
        "version": "2018-03-28",
        "namespacePrefix": "PATO",
        "iriPrefix": "http://purl.obolibrary.org/obo/PATO_"
      },
      {
        "id": "geno",
        "name": "Genotype Ontology",
        "url": "http://purl.obolibrary.org/obo/geno.owl",
        "version": "19-03-2018",
        "namespacePrefix": "GENO",
        "iriPrefix": "http://purl.obolibrary.org/obo/GENO_"
      },
      {
        "id": "eco",
        "name": "Evidence and Conclusion Ontology",
        "url": "http://purl.obolibrary.org/obo/eco.owl",
        "version": "2018-11-10",
        "namespacePrefix": "ECO",
        "iriPrefix": "http://purl.obolibrary.org/obo/ECO_"
      },
      {
        "id": "omim",
        "name": "Online Mendelian Inheritance in Man",
        "url": "https://www.omim.org",
        "version": "n/a",
        "namespacePrefix": "OMIM",
        "iriPrefix": "n/a"
      }
    ],
    "phenopacketSchemaVersion": "2.0"
  }
}