{
  "id": "PMID:30517146-Moreau-Le_Lan-2018-ACTA1-Patient_5",
  "subject": {
    "id": "Patient 5",
    "sex": "FEMALE"
  },
  "phenotypicFeatures": [
    {
      "type": {
        "id": "HP:0001249",
        "label": "Intellectual disability"
      },
      "evidence": [
        {
          "evidenceCode": {
            "id": "ECO:0000033",
            "label": "author statement supported by traceable reference"
          },
          "reference": {
            "id": "PMID:30517146",
            "description": "New mutations found by Next-Generation Sequencing screening of Spanish patients with Nemaline Myopathy"
          }
        }
      ]
    },
    {
      "type": {
        "id": "HP:0002650",
        "label": "Scoliosis"
      },
      "evidence": [
        {
          "evidenceCode": {
            "id": "ECO:0000033",
            "label": "author statement supported by traceable reference"
          },
          "reference": {
            "id": "PMID:30517146",
            "description": "New mutations found by Next-Generation Sequencing screening of Spanish patients with Nemaline Myopathy"
          }
        }
      ]
    },
    {
      "type": {
        "id": "HP:0001252",
        "label": "Hypotonia"
      },
      "evidence": [
        {
          "evidenceCode": {
            "id": "ECO:0000033",
            "label": "author statement supported by traceable reference"
          },
          "reference": {
            "id": "PMID:30517146",
            "description": "New mutations found by Next-Generation Sequencing screening of Spanish patients with Nemaline Myopathy"
          }
        }
      ]
    },
    {
      "type": {
        "id": "HP:0000602",
        "label": "Ophthalmoplegia"
      },
      "evidence": [
        {
          "evidenceCode": {
            "id": "ECO:0000033",
            "label": "author statement supported by traceable reference"
          },
          "reference": {
            "id": "PMID:30517146",
            "description": "New mutations found by Next-Generation Sequencing screening of Spanish patients with Nemaline Myopathy"
          }
        }
      ]
    },
    {
      "type": {
        "id": "HP:0002093",
        "label": "Respiratory insufficiency"
      },
      "evidence": [
        {
          "evidenceCode": {
            "id": "ECO:0000033",
            "label": "author statement supported by traceable reference"
          },
          "reference": {
            "id": "PMID:30517146",
            "description": "New mutations found by Next-Generation Sequencing screening of Spanish patients with Nemaline Myopathy"
          }
        }
      ]
    },
    {
      "type": {
        "id": "HP:0006466",
        "label": "Ankle flexion contracture"
      },
      "evidence": [
        {
          "evidenceCode": {
            "id": "ECO:0000033",
            "label": "author statement supported by traceable reference"
          },
          "reference": {
            "id": "PMID:30517146",
            "description": "New mutations found by Next-Generation Sequencing screening of Spanish patients with Nemaline Myopathy"
          }
        }
      ]
    },
    {
      "type": {
        "id": "HP:0001284",
        "label": "Areflexia"
      },
      "evidence": [
        {
          "evidenceCode": {
            "id": "ECO:0000033",
            "label": "author statement supported by traceable reference"
          },
          "reference": {
            "id": "PMID:30517146",
            "description": "New mutations found by Next-Generation Sequencing screening of Spanish patients with Nemaline Myopathy"
          }
        }
      ]
    },
    {
      "type": {
        "id": "HP:0003701",
        "label": "Proximal muscle weakness"
      },
      "evidence": [
        {
          "evidenceCode": {
            "id": "ECO:0000033",
            "label": "author statement supported by traceable reference"
          },
          "reference": {
            "id": "PMID:30517146",
            "description": "New mutations found by Next-Generation Sequencing screening of Spanish patients with Nemaline Myopathy"
          }
        }
      ]
    },
    {
      "type": {
        "id": "HP:0002307",
        "label": "Drooling"
      },
      "evidence": [
        {
          "evidenceCode": {
            "id": "ECO:0000033",
            "label": "author statement supported by traceable reference"
          },
          "reference": {
            "id": "PMID:30517146",
            "description": "New mutations found by Next-Generation Sequencing screening of Spanish patients with Nemaline Myopathy"
          }
        }
      ]
    },
    {
      "type": {
        "id": "HP:0001283",
        "label": "Bulbar palsy"
      },
      "evidence": [
        {
          "evidenceCode": {
            "id": "ECO:0000033",
            "label": "author statement supported by traceable reference"
          },
          "reference": {
            "id": "PMID:30517146",
            "description": "New mutations found by Next-Generation Sequencing screening of Spanish patients with Nemaline Myopathy"
          }
        }
      ]
    }
  ],
  "interpretations": [
    {
      "id": "interpretation-id",
      "progressStatus": "SOLVED",
      "diagnosis": {
        "disease": {
          "id": "OMIM:161800",
          "label": "NEMALINE MYOPATHY 3; NEM3MYOPATHY, ACTIN, CONGENITAL, WITH EXCESS OF THIN MYOFILAMENTS, INCLUDED"
        },
        "genomicInterpretations": [
          {
            "subjectOrBiosampleId": "Patient 5",
            "interpretationStatus": "CAUSATIVE",
            "variantInterpretation": {
              "variationDescriptor": {
                "id": "variant-1",
                "geneContext": {
                  "valueId": "NCBIGene:58",
                  "symbol": "ACTA1"
                },
                "vcfRecord": {
                  "genomeAssembly": "GRCh37",
                  "chrom": "1",
                  "pos": "229567587",
                  "ref": "T",
                  "alt": "A"
                },
                "moleculeContext": "genomic",
                "allelicState": {
                  "id": "GENO:0000135",
                  "label": "heterozygous"
                }
              }
            }
          }
        ]
      }
    }
  ],
  "metaData": {
    "created": "2023-09-20T17:50:13.035109996Z",
    "createdBy": "Hpo Case Annotator : 1.0.13-SNAPSHOT",
    "submittedBy": "HPO:probinson",
    "resources": [
      {
        "id": "hp",
        "name": "human phenotype ontology",
        "url": "http://purl.obolibrary.org/obo/hp.owl",
        "version": "2018-03-08",
        "namespacePrefix": "HP",
        "iriPrefix": "http://purl.obolibrary.org/obo/HP_"
      },
      {
        "id": "pato",
        "name": "Phenotype And Trait Ontology",
        "url": "http://purl.obolibrary.org/obo/pato.owl",
        "version": "2018-03-28",
        "namespacePrefix": "PATO",
        "iriPrefix": "http://purl.obolibrary.org/obo/PATO_"
      },
      {
        "id": "geno",
        "name": "Genotype Ontology",
        "url": "http://purl.obolibrary.org/obo/geno.owl",
        "version": "19-03-2018",
        "namespacePrefix": "GENO",
        "iriPrefix": "http://purl.obolibrary.org/obo/GENO_"
      },
      {
        "id": "eco",
        "name": "Evidence and Conclusion Ontology",
        "url": "http://purl.obolibrary.org/obo/eco.owl",
        "version": "2018-11-10",
        "namespacePrefix": "ECO",
        "iriPrefix": "http://purl.obolibrary.org/obo/ECO_"
      },
      {
        "id": "omim",
        "name": "Online Mendelian Inheritance in Man",
        "url": "https://www.omim.org",
        "version": "n/a",
        "namespacePrefix": "OMIM",
        "iriPrefix": "n/a"
      }
    ],
    "phenopacketSchemaVersion": "2.0"
  }
}