{
  "id": "PMID:28239884-Dinani-2017-AAGAB-family_1:proband",
  "subject": {
    "id": "family 1:proband",
    "timeAtLastEncounter": {
      "age": {
        "iso8601duration": "P43Y"
      }
    },
    "sex": "FEMALE"
  },
  "phenotypicFeatures": [
    {
      "type": {
        "id": "HP:0001595",
        "label": "Abnormal hair morphology"
      },
      "evidence": [
        {
          "evidenceCode": {
            "id": "ECO:0000033",
            "label": "author statement supported by traceable reference"
          },
          "reference": {
            "id": "PMID:28239884",
            "description": "Mutations in AAGAB underlie autosomal dominant punctate palmoplantar keratoderma"
          }
        }
      ]
    },
    {
      "type": {
        "id": "HP:0007530",
        "label": "Punctate palmoplantar hyperkeratosis"
      },
      "evidence": [
        {
          "evidenceCode": {
            "id": "ECO:0000033",
            "label": "author statement supported by traceable reference"
          },
          "reference": {
            "id": "PMID:28239884",
            "description": "Mutations in AAGAB underlie autosomal dominant punctate palmoplantar keratoderma"
          }
        }
      ]
    },
    {
      "type": {
        "id": "HP:0006482",
        "label": "Abnormality of dental morphology"
      },
      "evidence": [
        {
          "evidenceCode": {
            "id": "ECO:0000033",
            "label": "author statement supported by traceable reference"
          },
          "reference": {
            "id": "PMID:28239884",
            "description": "Mutations in AAGAB underlie autosomal dominant punctate palmoplantar keratoderma"
          }
        }
      ]
    },
    {
      "type": {
        "id": "HP:0001597",
        "label": "Abnormality of the nail"
      },
      "evidence": [
        {
          "evidenceCode": {
            "id": "ECO:0000033",
            "label": "author statement supported by traceable reference"
          },
          "reference": {
            "id": "PMID:28239884",
            "description": "Mutations in AAGAB underlie autosomal dominant punctate palmoplantar keratoderma"
          }
        }
      ]
    }
  ],
  "interpretations": [
    {
      "id": "interpretation-id",
      "progressStatus": "SOLVED",
      "diagnosis": {
        "disease": {
          "id": "OMIM:148600",
          "label": "PALMOPLANTAR KERATODERMA, PUNCTATE TYPE IA; PPKP1A"
        },
        "genomicInterpretations": [
          {
            "subjectOrBiosampleId": "family 1:proband",
            "interpretationStatus": "CAUSATIVE",
            "variantInterpretation": {
              "variationDescriptor": {
                "id": "variant-1",
                "geneContext": {
                  "valueId": "NCBIGene:79719",
                  "symbol": "AAGAB"
                },
                "vcfRecord": {
                  "genomeAssembly": "GRCh37",
                  "chrom": "15",
                  "pos": "67524181",
                  "ref": "T",
                  "alt": "TTT"
                },
                "moleculeContext": "genomic",
                "allelicState": {
                  "id": "GENO:0000135",
                  "label": "heterozygous"
                }
              }
            }
          }
        ]
      }
    }
  ],
  "metaData": {
    "created": "2023-09-20T17:50:13.274237871Z",
    "createdBy": "n/a",
    "submittedBy": "HPO:probinson",
    "resources": [
      {
        "id": "hp",
        "name": "human phenotype ontology",
        "url": "http://purl.obolibrary.org/obo/hp.owl",
        "version": "2018-03-08",
        "namespacePrefix": "HP",
        "iriPrefix": "http://purl.obolibrary.org/obo/HP_"
      },
      {
        "id": "pato",
        "name": "Phenotype And Trait Ontology",
        "url": "http://purl.obolibrary.org/obo/pato.owl",
        "version": "2018-03-28",
        "namespacePrefix": "PATO",
        "iriPrefix": "http://purl.obolibrary.org/obo/PATO_"
      },
      {
        "id": "geno",
        "name": "Genotype Ontology",
        "url": "http://purl.obolibrary.org/obo/geno.owl",
        "version": "19-03-2018",
        "namespacePrefix": "GENO",
        "iriPrefix": "http://purl.obolibrary.org/obo/GENO_"
      },
      {
        "id": "eco",
        "name": "Evidence and Conclusion Ontology",
        "url": "http://purl.obolibrary.org/obo/eco.owl",
        "version": "2018-11-10",
        "namespacePrefix": "ECO",
        "iriPrefix": "http://purl.obolibrary.org/obo/ECO_"
      },
      {
        "id": "omim",
        "name": "Online Mendelian Inheritance in Man",
        "url": "https://www.omim.org",
        "version": "n/a",
        "namespacePrefix": "OMIM",
        "iriPrefix": "n/a"
      }
    ],
    "phenopacketSchemaVersion": "2.0"
  }
}