{
  "id": "PMID:26044242-Grumach-2015-CARD9-Patient",
  "subject": {
    "id": "Patient",
    "timeAtLastEncounter": {
      "age": {
        "iso8601duration": "P24Y"
      }
    },
    "sex": "MALE"
  },
  "phenotypicFeatures": [
    {
      "type": {
        "id": "HP:0003212",
        "label": "Increased circulating IgE level"
      },
      "evidence": [
        {
          "evidenceCode": {
            "id": "ECO:0000033",
            "label": "author statement supported by traceable reference"
          },
          "reference": {
            "id": "PMID:26044242",
            "description": "A homozygous CARD9 mutation in a Brazilian patient with deep dermatophytosis"
          }
        }
      ]
    },
    {
      "type": {
        "id": "HP:0001880",
        "label": "Eosinophilia"
      },
      "evidence": [
        {
          "evidenceCode": {
            "id": "ECO:0000033",
            "label": "author statement supported by traceable reference"
          },
          "reference": {
            "id": "PMID:26044242",
            "description": "A homozygous CARD9 mutation in a Brazilian patient with deep dermatophytosis"
          }
        }
      ]
    },
    {
      "type": {
        "id": "HP:0003237",
        "label": "Increased circulating IgG level"
      },
      "evidence": [
        {
          "evidenceCode": {
            "id": "ECO:0000033",
            "label": "author statement supported by traceable reference"
          },
          "reference": {
            "id": "PMID:26044242",
            "description": "A homozygous CARD9 mutation in a Brazilian patient with deep dermatophytosis"
          }
        }
      ]
    },
    {
      "type": {
        "id": "HP:0001888",
        "label": "Lymphopenia"
      },
      "evidence": [
        {
          "evidenceCode": {
            "id": "ECO:0000033",
            "label": "author statement supported by traceable reference"
          },
          "reference": {
            "id": "PMID:26044242",
            "description": "A homozygous CARD9 mutation in a Brazilian patient with deep dermatophytosis"
          }
        }
      ]
    },
    {
      "type": {
        "id": "HP:0031393",
        "label": "Abnormal proportion of CD8-positive T cells"
      },
      "evidence": [
        {
          "evidenceCode": {
            "id": "ECO:0000033",
            "label": "author statement supported by traceable reference"
          },
          "reference": {
            "id": "PMID:26044242",
            "description": "A homozygous CARD9 mutation in a Brazilian patient with deep dermatophytosis"
          }
        }
      ]
    },
    {
      "type": {
        "id": "HP:0008404",
        "label": "Nail dystrophy"
      },
      "evidence": [
        {
          "evidenceCode": {
            "id": "ECO:0000033",
            "label": "author statement supported by traceable reference"
          },
          "reference": {
            "id": "PMID:26044242",
            "description": "A homozygous CARD9 mutation in a Brazilian patient with deep dermatophytosis"
          }
        }
      ]
    },
    {
      "type": {
        "id": "HP:0009098",
        "label": "Chronic oral candidiasis"
      },
      "evidence": [
        {
          "evidenceCode": {
            "id": "ECO:0000033",
            "label": "author statement supported by traceable reference"
          },
          "reference": {
            "id": "PMID:26044242",
            "description": "A homozygous CARD9 mutation in a Brazilian patient with deep dermatophytosis"
          }
        }
      ]
    },
    {
      "type": {
        "id": "HP:0031392",
        "label": "Abnormal proportion of CD4-positive T cells"
      },
      "evidence": [
        {
          "evidenceCode": {
            "id": "ECO:0000033",
            "label": "author statement supported by traceable reference"
          },
          "reference": {
            "id": "PMID:26044242",
            "description": "A homozygous CARD9 mutation in a Brazilian patient with deep dermatophytosis"
          }
        }
      ]
    }
  ],
  "interpretations": [
    {
      "id": "interpretation-id",
      "progressStatus": "SOLVED",
      "diagnosis": {
        "disease": {
          "id": "OMIM:212050",
          "label": "CANDIDIASIS, FAMILIAL, 2; CANDF2"
        },
        "genomicInterpretations": [
          {
            "subjectOrBiosampleId": "Patient",
            "interpretationStatus": "CAUSATIVE",
            "variantInterpretation": {
              "variationDescriptor": {
                "id": "variant-1",
                "geneContext": {
                  "valueId": "NCBIGene:64170",
                  "symbol": "CARD9"
                },
                "vcfRecord": {
                  "genomeAssembly": "GRCh37",
                  "chrom": "9",
                  "pos": "139265796",
                  "ref": "C",
                  "alt": "A"
                },
                "moleculeContext": "genomic",
                "allelicState": {
                  "id": "GENO:0000136",
                  "label": "homozygous"
                }
              }
            }
          }
        ]
      }
    }
  ],
  "metaData": {
    "created": "2023-09-20T17:50:15.186401128Z",
    "createdBy": "Hpo Case Annotator : 1.0.13-SNAPSHOT",
    "submittedBy": "HPO:probinson",
    "resources": [
      {
        "id": "hp",
        "name": "human phenotype ontology",
        "url": "http://purl.obolibrary.org/obo/hp.owl",
        "version": "2018-03-08",
        "namespacePrefix": "HP",
        "iriPrefix": "http://purl.obolibrary.org/obo/HP_"
      },
      {
        "id": "pato",
        "name": "Phenotype And Trait Ontology",
        "url": "http://purl.obolibrary.org/obo/pato.owl",
        "version": "2018-03-28",
        "namespacePrefix": "PATO",
        "iriPrefix": "http://purl.obolibrary.org/obo/PATO_"
      },
      {
        "id": "geno",
        "name": "Genotype Ontology",
        "url": "http://purl.obolibrary.org/obo/geno.owl",
        "version": "19-03-2018",
        "namespacePrefix": "GENO",
        "iriPrefix": "http://purl.obolibrary.org/obo/GENO_"
      },
      {
        "id": "eco",
        "name": "Evidence and Conclusion Ontology",
        "url": "http://purl.obolibrary.org/obo/eco.owl",
        "version": "2018-11-10",
        "namespacePrefix": "ECO",
        "iriPrefix": "http://purl.obolibrary.org/obo/ECO_"
      },
      {
        "id": "omim",
        "name": "Online Mendelian Inheritance in Man",
        "url": "https://www.omim.org",
        "version": "n/a",
        "namespacePrefix": "OMIM",
        "iriPrefix": "n/a"
      }
    ],
    "phenopacketSchemaVersion": "2.0"
  }
}