{
  "id": "PMID:30147916-Zhou-2018-FBN2-IV:7",
  "subject": {
    "id": "IV:7",
    "sex": "FEMALE"
  },
  "phenotypicFeatures": [
    {
      "type": {
        "id": "HP:0000098",
        "label": "Tall stature"
      },
      "evidence": [
        {
          "evidenceCode": {
            "id": "ECO:0000033",
            "label": "author statement supported by traceable reference"
          },
          "reference": {
            "id": "PMID:30147916",
            "description": "A novel FBN2 mutation cosegregates with congenital contractural arachnodactyly in a five-generation Chinese family"
          }
        }
      ]
    },
    {
      "type": {
        "id": "HP:0012372",
        "label": "Abnormal eye morphology"
      },
      "evidence": [
        {
          "evidenceCode": {
            "id": "ECO:0000033",
            "label": "author statement supported by traceable reference"
          },
          "reference": {
            "id": "PMID:30147916",
            "description": "A novel FBN2 mutation cosegregates with congenital contractural arachnodactyly in a five-generation Chinese family"
          }
        }
      ]
    },
    {
      "type": {
        "id": "HP:0012385",
        "label": "Camptodactyly"
      },
      "evidence": [
        {
          "evidenceCode": {
            "id": "ECO:0000033",
            "label": "author statement supported by traceable reference"
          },
          "reference": {
            "id": "PMID:30147916",
            "description": "A novel FBN2 mutation cosegregates with congenital contractural arachnodactyly in a five-generation Chinese family"
          }
        }
      ]
    },
    {
      "type": {
        "id": "HP:0009901",
        "label": "Crumpled ear"
      },
      "evidence": [
        {
          "evidenceCode": {
            "id": "ECO:0000033",
            "label": "author statement supported by traceable reference"
          },
          "reference": {
            "id": "PMID:30147916",
            "description": "A novel FBN2 mutation cosegregates with congenital contractural arachnodactyly in a five-generation Chinese family"
          }
        }
      ]
    },
    {
      "type": {
        "id": "HP:0001166",
        "label": "Arachnodactyly"
      },
      "evidence": [
        {
          "evidenceCode": {
            "id": "ECO:0000033",
            "label": "author statement supported by traceable reference"
          },
          "reference": {
            "id": "PMID:30147916",
            "description": "A novel FBN2 mutation cosegregates with congenital contractural arachnodactyly in a five-generation Chinese family"
          }
        }
      ]
    },
    {
      "type": {
        "id": "HP:0002751",
        "label": "Kyphoscoliosis"
      },
      "evidence": [
        {
          "evidenceCode": {
            "id": "ECO:0000033",
            "label": "author statement supported by traceable reference"
          },
          "reference": {
            "id": "PMID:30147916",
            "description": "A novel FBN2 mutation cosegregates with congenital contractural arachnodactyly in a five-generation Chinese family"
          }
        }
      ]
    }
  ],
  "interpretations": [
    {
      "id": "interpretation-id",
      "progressStatus": "SOLVED",
      "diagnosis": {
        "disease": {
          "id": "OMIM:121050",
          "label": "ARTHROGRYPOSIS, DISTAL, TYPE 9; DA9"
        },
        "genomicInterpretations": [
          {
            "subjectOrBiosampleId": "IV:7",
            "interpretationStatus": "CAUSATIVE",
            "variantInterpretation": {
              "variationDescriptor": {
                "id": "variant-1",
                "geneContext": {
                  "valueId": "NCBIGene:2201",
                  "symbol": "FBN2"
                },
                "vcfRecord": {
                  "genomeAssembly": "GRCh37",
                  "chrom": "5",
                  "pos": "127668649",
                  "ref": "A",
                  "alt": "C"
                },
                "moleculeContext": "genomic",
                "allelicState": {
                  "id": "GENO:0000135",
                  "label": "heterozygous"
                }
              }
            }
          }
        ]
      }
    }
  ],
  "metaData": {
    "created": "2023-09-20T17:50:15.193120002Z",
    "createdBy": "Hpo Case Annotator : 1.0.13-SNAPSHOT",
    "submittedBy": "HPO:probinson",
    "resources": [
      {
        "id": "hp",
        "name": "human phenotype ontology",
        "url": "http://purl.obolibrary.org/obo/hp.owl",
        "version": "2018-03-08",
        "namespacePrefix": "HP",
        "iriPrefix": "http://purl.obolibrary.org/obo/HP_"
      },
      {
        "id": "pato",
        "name": "Phenotype And Trait Ontology",
        "url": "http://purl.obolibrary.org/obo/pato.owl",
        "version": "2018-03-28",
        "namespacePrefix": "PATO",
        "iriPrefix": "http://purl.obolibrary.org/obo/PATO_"
      },
      {
        "id": "geno",
        "name": "Genotype Ontology",
        "url": "http://purl.obolibrary.org/obo/geno.owl",
        "version": "19-03-2018",
        "namespacePrefix": "GENO",
        "iriPrefix": "http://purl.obolibrary.org/obo/GENO_"
      },
      {
        "id": "eco",
        "name": "Evidence and Conclusion Ontology",
        "url": "http://purl.obolibrary.org/obo/eco.owl",
        "version": "2018-11-10",
        "namespacePrefix": "ECO",
        "iriPrefix": "http://purl.obolibrary.org/obo/ECO_"
      },
      {
        "id": "omim",
        "name": "Online Mendelian Inheritance in Man",
        "url": "https://www.omim.org",
        "version": "n/a",
        "namespacePrefix": "OMIM",
        "iriPrefix": "n/a"
      }
    ],
    "phenopacketSchemaVersion": "2.0"
  }
}