{
  "id": "PMID:23378224-Mokbel-2013-TPM2-1A",
  "subject": {
    "id": "1A",
    "timeAtLastEncounter": {
      "age": {
        "iso8601duration": "P45Y"
      }
    },
    "sex": "FEMALE"
  },
  "phenotypicFeatures": [
    {
      "type": {
        "id": "HP:0008994",
        "label": "Proximal muscle weakness in lower limbs"
      },
      "evidence": [
        {
          "evidenceCode": {
            "id": "ECO:0000033",
            "label": "author statement supported by traceable reference"
          },
          "reference": {
            "id": "PMID:23378224",
            "description": "K7del is a common TPM2 gene mutation associated with nemaline myopathy and raised myofibre calcium sensitivity"
          }
        }
      ]
    },
    {
      "type": {
        "id": "HP:0003273",
        "label": "Hip contracture"
      },
      "evidence": [
        {
          "evidenceCode": {
            "id": "ECO:0000033",
            "label": "author statement supported by traceable reference"
          },
          "reference": {
            "id": "PMID:23378224",
            "description": "K7del is a common TPM2 gene mutation associated with nemaline myopathy and raised myofibre calcium sensitivity"
          }
        }
      ]
    },
    {
      "type": {
        "id": "HP:0003798",
        "label": "Nemaline bodies"
      },
      "evidence": [
        {
          "evidenceCode": {
            "id": "ECO:0000033",
            "label": "author statement supported by traceable reference"
          },
          "reference": {
            "id": "PMID:23378224",
            "description": "K7del is a common TPM2 gene mutation associated with nemaline myopathy and raised myofibre calcium sensitivity"
          }
        }
      ]
    },
    {
      "type": {
        "id": "HP:0003044",
        "label": "Shoulder flexion contracture"
      },
      "evidence": [
        {
          "evidenceCode": {
            "id": "ECO:0000033",
            "label": "author statement supported by traceable reference"
          },
          "reference": {
            "id": "PMID:23378224",
            "description": "K7del is a common TPM2 gene mutation associated with nemaline myopathy and raised myofibre calcium sensitivity"
          }
        }
      ]
    },
    {
      "type": {
        "id": "HP:0001288",
        "label": "Gait disturbance"
      },
      "evidence": [
        {
          "evidenceCode": {
            "id": "ECO:0000033",
            "label": "author statement supported by traceable reference"
          },
          "reference": {
            "id": "PMID:23378224",
            "description": "K7del is a common TPM2 gene mutation associated with nemaline myopathy and raised myofibre calcium sensitivity"
          }
        }
      ]
    }
  ],
  "interpretations": [
    {
      "id": "interpretation-id",
      "progressStatus": "SOLVED",
      "diagnosis": {
        "disease": {
          "id": "OMIM:609285",
          "label": "NEMALINE MYOPATHY 4; NEM4CAP MYOPATHY 2, INCLUDED; CAPM2, INCLUDED"
        },
        "genomicInterpretations": [
          {
            "subjectOrBiosampleId": "1A",
            "interpretationStatus": "CAUSATIVE",
            "variantInterpretation": {
              "variationDescriptor": {
                "id": "variant-1",
                "geneContext": {
                  "valueId": "NCBIGene:7169",
                  "symbol": "TPM2"
                },
                "vcfRecord": {
                  "genomeAssembly": "GRCh37",
                  "chrom": "9",
                  "pos": "35689792",
                  "ref": "ATCT",
                  "alt": "A"
                },
                "moleculeContext": "genomic",
                "allelicState": {
                  "id": "GENO:0000135",
                  "label": "heterozygous"
                }
              }
            }
          }
        ]
      }
    }
  ],
  "metaData": {
    "created": "2023-09-20T17:50:13.221358060Z",
    "createdBy": "Hpo Case Annotator : 1.0.13-SNAPSHOT",
    "submittedBy": "HPO:probinson",
    "resources": [
      {
        "id": "hp",
        "name": "human phenotype ontology",
        "url": "http://purl.obolibrary.org/obo/hp.owl",
        "version": "2018-03-08",
        "namespacePrefix": "HP",
        "iriPrefix": "http://purl.obolibrary.org/obo/HP_"
      },
      {
        "id": "pato",
        "name": "Phenotype And Trait Ontology",
        "url": "http://purl.obolibrary.org/obo/pato.owl",
        "version": "2018-03-28",
        "namespacePrefix": "PATO",
        "iriPrefix": "http://purl.obolibrary.org/obo/PATO_"
      },
      {
        "id": "geno",
        "name": "Genotype Ontology",
        "url": "http://purl.obolibrary.org/obo/geno.owl",
        "version": "19-03-2018",
        "namespacePrefix": "GENO",
        "iriPrefix": "http://purl.obolibrary.org/obo/GENO_"
      },
      {
        "id": "eco",
        "name": "Evidence and Conclusion Ontology",
        "url": "http://purl.obolibrary.org/obo/eco.owl",
        "version": "2018-11-10",
        "namespacePrefix": "ECO",
        "iriPrefix": "http://purl.obolibrary.org/obo/ECO_"
      },
      {
        "id": "omim",
        "name": "Online Mendelian Inheritance in Man",
        "url": "https://www.omim.org",
        "version": "n/a",
        "namespacePrefix": "OMIM",
        "iriPrefix": "n/a"
      }
    ],
    "phenopacketSchemaVersion": "2.0"
  }
}