{
  "id": "PMID:24715504-Caputo-2014-SMAD4-patient",
  "subject": {
    "id": "patient",
    "timeAtLastEncounter": {
      "age": {
        "iso8601duration": "P15Y"
      }
    },
    "sex": "MALE"
  },
  "phenotypicFeatures": [
    {
      "type": {
        "id": "HP:0001156",
        "label": "Brachydactyly"
      },
      "evidence": [
        {
          "evidenceCode": {
            "id": "ECO:0000033",
            "label": "author statement supported by traceable reference"
          },
          "reference": {
            "id": "PMID:24715504",
            "description": "Novel SMAD4 mutation causing Myhre syndrome"
          }
        }
      ]
    },
    {
      "type": {
        "id": "HP:0001387",
        "label": "Joint stiffness"
      },
      "evidence": [
        {
          "evidenceCode": {
            "id": "ECO:0000033",
            "label": "author statement supported by traceable reference"
          },
          "reference": {
            "id": "PMID:24715504",
            "description": "Novel SMAD4 mutation causing Myhre syndrome"
          }
        }
      ]
    },
    {
      "type": {
        "id": "HP:0000527",
        "label": "Long eyelashes"
      },
      "evidence": [
        {
          "evidenceCode": {
            "id": "ECO:0000033",
            "label": "author statement supported by traceable reference"
          },
          "reference": {
            "id": "PMID:24715504",
            "description": "Novel SMAD4 mutation causing Myhre syndrome"
          }
        }
      ]
    },
    {
      "type": {
        "id": "HP:0001627",
        "label": "Abnormal heart morphology"
      },
      "evidence": [
        {
          "evidenceCode": {
            "id": "ECO:0000033",
            "label": "author statement supported by traceable reference"
          },
          "reference": {
            "id": "PMID:24715504",
            "description": "Novel SMAD4 mutation causing Myhre syndrome"
          }
        }
      ]
    },
    {
      "type": {
        "id": "HP:0012210",
        "label": "Abnormal renal morphology"
      },
      "evidence": [
        {
          "evidenceCode": {
            "id": "ECO:0000033",
            "label": "author statement supported by traceable reference"
          },
          "reference": {
            "id": "PMID:24715504",
            "description": "Novel SMAD4 mutation causing Myhre syndrome"
          }
        }
      ]
    },
    {
      "type": {
        "id": "HP:0008513",
        "label": "Bilateral conductive hearing impairment"
      },
      "evidence": [
        {
          "evidenceCode": {
            "id": "ECO:0000033",
            "label": "author statement supported by traceable reference"
          },
          "reference": {
            "id": "PMID:24715504",
            "description": "Novel SMAD4 mutation causing Myhre syndrome"
          }
        }
      ]
    },
    {
      "type": {
        "id": "HP:0002553",
        "label": "Highly arched eyebrow"
      },
      "evidence": [
        {
          "evidenceCode": {
            "id": "ECO:0000033",
            "label": "author statement supported by traceable reference"
          },
          "reference": {
            "id": "PMID:24715504",
            "description": "Novel SMAD4 mutation causing Myhre syndrome"
          }
        }
      ]
    },
    {
      "type": {
        "id": "HP:0002684",
        "label": "Thickened calvaria"
      },
      "evidence": [
        {
          "evidenceCode": {
            "id": "ECO:0000033",
            "label": "author statement supported by traceable reference"
          },
          "reference": {
            "id": "PMID:24715504",
            "description": "Novel SMAD4 mutation causing Myhre syndrome"
          }
        }
      ]
    },
    {
      "type": {
        "id": "HP:0032152",
        "label": "Keratosis pilaris"
      },
      "evidence": [
        {
          "evidenceCode": {
            "id": "ECO:0000033",
            "label": "author statement supported by traceable reference"
          },
          "reference": {
            "id": "PMID:24715504",
            "description": "Novel SMAD4 mutation causing Myhre syndrome"
          }
        }
      ]
    },
    {
      "type": {
        "id": "HP:0001276",
        "label": "Hypertonia"
      },
      "evidence": [
        {
          "evidenceCode": {
            "id": "ECO:0000033",
            "label": "author statement supported by traceable reference"
          },
          "reference": {
            "id": "PMID:24715504",
            "description": "Novel SMAD4 mutation causing Myhre syndrome"
          }
        }
      ]
    },
    {
      "type": {
        "id": "HP:0002942",
        "label": "Thoracic kyphosis"
      },
      "evidence": [
        {
          "evidenceCode": {
            "id": "ECO:0000033",
            "label": "author statement supported by traceable reference"
          },
          "reference": {
            "id": "PMID:24715504",
            "description": "Novel SMAD4 mutation causing Myhre syndrome"
          }
        }
      ]
    },
    {
      "type": {
        "id": "HP:0012443",
        "label": "Abnormality of brain morphology"
      },
      "evidence": [
        {
          "evidenceCode": {
            "id": "ECO:0000033",
            "label": "author statement supported by traceable reference"
          },
          "reference": {
            "id": "PMID:24715504",
            "description": "Novel SMAD4 mutation causing Myhre syndrome"
          }
        }
      ]
    },
    {
      "type": {
        "id": "HP:0004621",
        "label": "Enlarged vertebral pedicles"
      },
      "evidence": [
        {
          "evidenceCode": {
            "id": "ECO:0000033",
            "label": "author statement supported by traceable reference"
          },
          "reference": {
            "id": "PMID:24715504",
            "description": "Novel SMAD4 mutation causing Myhre syndrome"
          }
        }
      ]
    },
    {
      "type": {
        "id": "HP:0001284",
        "label": "Areflexia"
      },
      "evidence": [
        {
          "evidenceCode": {
            "id": "ECO:0000033",
            "label": "author statement supported by traceable reference"
          },
          "reference": {
            "id": "PMID:24715504",
            "description": "Novel SMAD4 mutation causing Myhre syndrome"
          }
        }
      ]
    },
    {
      "type": {
        "id": "HP:0002938",
        "label": "Lumbar hyperlordosis"
      },
      "evidence": [
        {
          "evidenceCode": {
            "id": "ECO:0000033",
            "label": "author statement supported by traceable reference"
          },
          "reference": {
            "id": "PMID:24715504",
            "description": "Novel SMAD4 mutation causing Myhre syndrome"
          }
        }
      ]
    },
    {
      "type": {
        "id": "HP:0002312",
        "label": "Clumsiness"
      },
      "evidence": [
        {
          "evidenceCode": {
            "id": "ECO:0000033",
            "label": "author statement supported by traceable reference"
          },
          "reference": {
            "id": "PMID:24715504",
            "description": "Novel SMAD4 mutation causing Myhre syndrome"
          }
        }
      ]
    },
    {
      "type": {
        "id": "HP:0000405",
        "label": "Conductive hearing impairment"
      },
      "evidence": [
        {
          "evidenceCode": {
            "id": "ECO:0000033",
            "label": "author statement supported by traceable reference"
          },
          "reference": {
            "id": "PMID:24715504",
            "description": "Novel SMAD4 mutation causing Myhre syndrome"
          }
        }
      ]
    },
    {
      "type": {
        "id": "HP:0000303",
        "label": "Mandibular prognathia"
      },
      "evidence": [
        {
          "evidenceCode": {
            "id": "ECO:0000033",
            "label": "author statement supported by traceable reference"
          },
          "reference": {
            "id": "PMID:24715504",
            "description": "Novel SMAD4 mutation causing Myhre syndrome"
          }
        }
      ]
    }
  ],
  "interpretations": [
    {
      "id": "interpretation-id",
      "progressStatus": "SOLVED",
      "diagnosis": {
        "disease": {
          "id": "OMIM:139210",
          "label": "MYHRE SYNDROME; MYHRS"
        },
        "genomicInterpretations": [
          {
            "subjectOrBiosampleId": "patient",
            "interpretationStatus": "CAUSATIVE",
            "variantInterpretation": {
              "variationDescriptor": {
                "id": "variant-1",
                "geneContext": {
                  "valueId": "NCBIGene:4089",
                  "symbol": "SMAD4"
                },
                "vcfRecord": {
                  "genomeAssembly": "GRCh37",
                  "chrom": "18",
                  "pos": "48604664",
                  "ref": "C",
                  "alt": "T"
                },
                "moleculeContext": "genomic",
                "allelicState": {
                  "id": "GENO:0000135",
                  "label": "heterozygous"
                }
              }
            }
          }
        ]
      }
    }
  ],
  "metaData": {
    "created": "2023-09-20T17:50:12.548944950Z",
    "createdBy": "n/a",
    "submittedBy": "HPO:probinson",
    "resources": [
      {
        "id": "hp",
        "name": "human phenotype ontology",
        "url": "http://purl.obolibrary.org/obo/hp.owl",
        "version": "2018-03-08",
        "namespacePrefix": "HP",
        "iriPrefix": "http://purl.obolibrary.org/obo/HP_"
      },
      {
        "id": "pato",
        "name": "Phenotype And Trait Ontology",
        "url": "http://purl.obolibrary.org/obo/pato.owl",
        "version": "2018-03-28",
        "namespacePrefix": "PATO",
        "iriPrefix": "http://purl.obolibrary.org/obo/PATO_"
      },
      {
        "id": "geno",
        "name": "Genotype Ontology",
        "url": "http://purl.obolibrary.org/obo/geno.owl",
        "version": "19-03-2018",
        "namespacePrefix": "GENO",
        "iriPrefix": "http://purl.obolibrary.org/obo/GENO_"
      },
      {
        "id": "eco",
        "name": "Evidence and Conclusion Ontology",
        "url": "http://purl.obolibrary.org/obo/eco.owl",
        "version": "2018-11-10",
        "namespacePrefix": "ECO",
        "iriPrefix": "http://purl.obolibrary.org/obo/ECO_"
      },
      {
        "id": "omim",
        "name": "Online Mendelian Inheritance in Man",
        "url": "https://www.omim.org",
        "version": "n/a",
        "namespacePrefix": "OMIM",
        "iriPrefix": "n/a"
      }
    ],
    "phenopacketSchemaVersion": "2.0"
  }
}