{
  "id": "PMID:29482508-Tian-2018-ACVR1-patient",
  "subject": {
    "id": "patient",
    "timeAtLastEncounter": {
      "age": {
        "iso8601duration": "P16Y"
      }
    },
    "sex": "MALE"
  },
  "phenotypicFeatures": [
    {
      "type": {
        "id": "HP:0003155",
        "label": "Elevated circulating alkaline phosphatase concentration"
      },
      "evidence": [
        {
          "evidenceCode": {
            "id": "ECO:0000033",
            "label": "author statement supported by traceable reference"
          },
          "reference": {
            "id": "PMID:29482508",
            "description": "Difficult diagnosis and genetic analysis of fibrodysplasia ossificans progressiva: a case report"
          }
        }
      ]
    },
    {
      "type": {
        "id": "HP:0011987",
        "label": "Ectopic ossification in muscle tissue"
      },
      "evidence": [
        {
          "evidenceCode": {
            "id": "ECO:0000033",
            "label": "author statement supported by traceable reference"
          },
          "reference": {
            "id": "PMID:29482508",
            "description": "Difficult diagnosis and genetic analysis of fibrodysplasia ossificans progressiva: a case report"
          }
        }
      ]
    },
    {
      "type": {
        "id": "HP:0032436",
        "label": "Abnormal circulating C-reactive protein concentration"
      },
      "evidence": [
        {
          "evidenceCode": {
            "id": "ECO:0000033",
            "label": "author statement supported by traceable reference"
          },
          "reference": {
            "id": "PMID:29482508",
            "description": "Difficult diagnosis and genetic analysis of fibrodysplasia ossificans progressiva: a case report"
          }
        }
      ]
    },
    {
      "type": {
        "id": "HP:0001847",
        "label": "Long hallux"
      },
      "evidence": [
        {
          "evidenceCode": {
            "id": "ECO:0000033",
            "label": "author statement supported by traceable reference"
          },
          "reference": {
            "id": "PMID:29482508",
            "description": "Difficult diagnosis and genetic analysis of fibrodysplasia ossificans progressiva: a case report"
          }
        }
      ]
    },
    {
      "type": {
        "id": "HP:0012531",
        "label": "Pain"
      },
      "evidence": [
        {
          "evidenceCode": {
            "id": "ECO:0000033",
            "label": "author statement supported by traceable reference"
          },
          "reference": {
            "id": "PMID:29482508",
            "description": "Difficult diagnosis and genetic analysis of fibrodysplasia ossificans progressiva: a case report"
          }
        }
      ]
    },
    {
      "type": {
        "id": "HP:0025021",
        "label": "Abnormal erythrocyte sedimentation rate"
      },
      "evidence": [
        {
          "evidenceCode": {
            "id": "ECO:0000033",
            "label": "author statement supported by traceable reference"
          },
          "reference": {
            "id": "PMID:29482508",
            "description": "Difficult diagnosis and genetic analysis of fibrodysplasia ossificans progressiva: a case report"
          }
        }
      ]
    },
    {
      "type": {
        "id": "HP:0010064",
        "label": "Symphalangism affecting the phalanges of the hallux"
      },
      "evidence": [
        {
          "evidenceCode": {
            "id": "ECO:0000033",
            "label": "author statement supported by traceable reference"
          },
          "reference": {
            "id": "PMID:29482508",
            "description": "Difficult diagnosis and genetic analysis of fibrodysplasia ossificans progressiva: a case report"
          }
        }
      ]
    },
    {
      "type": {
        "id": "HP:0001822",
        "label": "Hallux valgus"
      },
      "evidence": [
        {
          "evidenceCode": {
            "id": "ECO:0000033",
            "label": "author statement supported by traceable reference"
          },
          "reference": {
            "id": "PMID:29482508",
            "description": "Difficult diagnosis and genetic analysis of fibrodysplasia ossificans progressiva: a case report"
          }
        }
      ]
    },
    {
      "type": {
        "id": "HP:0004363",
        "label": "Abnormal circulating calcium concentration"
      },
      "evidence": [
        {
          "evidenceCode": {
            "id": "ECO:0000033",
            "label": "author statement supported by traceable reference"
          },
          "reference": {
            "id": "PMID:29482508",
            "description": "Difficult diagnosis and genetic analysis of fibrodysplasia ossificans progressiva: a case report"
          }
        }
      ]
    },
    {
      "type": {
        "id": "HP:0100529",
        "label": "Abnormal blood phosphate concentration"
      },
      "evidence": [
        {
          "evidenceCode": {
            "id": "ECO:0000033",
            "label": "author statement supported by traceable reference"
          },
          "reference": {
            "id": "PMID:29482508",
            "description": "Difficult diagnosis and genetic analysis of fibrodysplasia ossificans progressiva: a case report"
          }
        }
      ]
    }
  ],
  "interpretations": [
    {
      "id": "interpretation-id",
      "progressStatus": "SOLVED",
      "diagnosis": {
        "disease": {
          "id": "OMIM:135100",
          "label": "FIBRODYSPLASIA OSSIFICANS PROGRESSIVA; FOP"
        },
        "genomicInterpretations": [
          {
            "subjectOrBiosampleId": "patient",
            "interpretationStatus": "CAUSATIVE",
            "variantInterpretation": {
              "variationDescriptor": {
                "id": "variant-1",
                "geneContext": {
                  "valueId": "NCBIGene:90",
                  "symbol": "ACVR1"
                },
                "vcfRecord": {
                  "genomeAssembly": "GRCh37",
                  "chrom": "2",
                  "pos": "158630626",
                  "ref": "C",
                  "alt": "T"
                },
                "moleculeContext": "genomic",
                "allelicState": {
                  "id": "GENO:0000135",
                  "label": "heterozygous"
                }
              }
            }
          }
        ]
      }
    }
  ],
  "metaData": {
    "created": "2023-09-20T17:50:12.509221076Z",
    "createdBy": "Hpo Case Annotator : 1.0.13-SNAPSHOT",
    "submittedBy": "HPO:probinson",
    "resources": [
      {
        "id": "hp",
        "name": "human phenotype ontology",
        "url": "http://purl.obolibrary.org/obo/hp.owl",
        "version": "2018-03-08",
        "namespacePrefix": "HP",
        "iriPrefix": "http://purl.obolibrary.org/obo/HP_"
      },
      {
        "id": "pato",
        "name": "Phenotype And Trait Ontology",
        "url": "http://purl.obolibrary.org/obo/pato.owl",
        "version": "2018-03-28",
        "namespacePrefix": "PATO",
        "iriPrefix": "http://purl.obolibrary.org/obo/PATO_"
      },
      {
        "id": "geno",
        "name": "Genotype Ontology",
        "url": "http://purl.obolibrary.org/obo/geno.owl",
        "version": "19-03-2018",
        "namespacePrefix": "GENO",
        "iriPrefix": "http://purl.obolibrary.org/obo/GENO_"
      },
      {
        "id": "eco",
        "name": "Evidence and Conclusion Ontology",
        "url": "http://purl.obolibrary.org/obo/eco.owl",
        "version": "2018-11-10",
        "namespacePrefix": "ECO",
        "iriPrefix": "http://purl.obolibrary.org/obo/ECO_"
      },
      {
        "id": "omim",
        "name": "Online Mendelian Inheritance in Man",
        "url": "https://www.omim.org",
        "version": "n/a",
        "namespacePrefix": "OMIM",
        "iriPrefix": "n/a"
      }
    ],
    "phenopacketSchemaVersion": "2.0"
  }
}