{
  "id": "PMID:22560515-Ockeloen-2012-CFL2-_Patient_1",
  "subject": {
    "id": " Patient 1",
    "timeAtLastEncounter": {
      "age": {
        "iso8601duration": "P21Y"
      }
    },
    "sex": "FEMALE"
  },
  "phenotypicFeatures": [
    {
      "type": {
        "id": "HP:0002751",
        "label": "Kyphoscoliosis"
      },
      "evidence": [
        {
          "evidenceCode": {
            "id": "ECO:0000033",
            "label": "author statement supported by traceable reference"
          },
          "reference": {
            "id": "PMID:22560515",
            "description": "Congenital myopathy caused by a novel missense mutation in the CFL2 gene"
          }
        }
      ]
    },
    {
      "type": {
        "id": "HP:0001324",
        "label": "Muscle weakness"
      },
      "evidence": [
        {
          "evidenceCode": {
            "id": "ECO:0000033",
            "label": "author statement supported by traceable reference"
          },
          "reference": {
            "id": "PMID:22560515",
            "description": "Congenital myopathy caused by a novel missense mutation in the CFL2 gene"
          }
        }
      ]
    },
    {
      "type": {
        "id": "HP:0000467",
        "label": "Neck muscle weakness"
      },
      "evidence": [
        {
          "evidenceCode": {
            "id": "ECO:0000033",
            "label": "author statement supported by traceable reference"
          },
          "reference": {
            "id": "PMID:22560515",
            "description": "Congenital myopathy caused by a novel missense mutation in the CFL2 gene"
          }
        }
      ]
    },
    {
      "type": {
        "id": "HP:0000218",
        "label": "High palate"
      },
      "evidence": [
        {
          "evidenceCode": {
            "id": "ECO:0000033",
            "label": "author statement supported by traceable reference"
          },
          "reference": {
            "id": "PMID:22560515",
            "description": "Congenital myopathy caused by a novel missense mutation in the CFL2 gene"
          }
        }
      ]
    },
    {
      "type": {
        "id": "HP:0003391",
        "label": "Gowers sign"
      },
      "evidence": [
        {
          "evidenceCode": {
            "id": "ECO:0000033",
            "label": "author statement supported by traceable reference"
          },
          "reference": {
            "id": "PMID:22560515",
            "description": "Congenital myopathy caused by a novel missense mutation in the CFL2 gene"
          }
        }
      ]
    },
    {
      "type": {
        "id": "HP:0001623",
        "label": "Breech presentation"
      },
      "evidence": [
        {
          "evidenceCode": {
            "id": "ECO:0000033",
            "label": "author statement supported by traceable reference"
          },
          "reference": {
            "id": "PMID:22560515",
            "description": "Congenital myopathy caused by a novel missense mutation in the CFL2 gene"
          }
        }
      ]
    },
    {
      "type": {
        "id": "HP:0031936",
        "label": "Delayed ability to walk"
      },
      "evidence": [
        {
          "evidenceCode": {
            "id": "ECO:0000033",
            "label": "author statement supported by traceable reference"
          },
          "reference": {
            "id": "PMID:22560515",
            "description": "Congenital myopathy caused by a novel missense mutation in the CFL2 gene"
          }
        }
      ]
    },
    {
      "type": {
        "id": "HP:0040129",
        "label": "Abnormal nerve conduction velocity"
      },
      "evidence": [
        {
          "evidenceCode": {
            "id": "ECO:0000033",
            "label": "author statement supported by traceable reference"
          },
          "reference": {
            "id": "PMID:22560515",
            "description": "Congenital myopathy caused by a novel missense mutation in the CFL2 gene"
          }
        }
      ]
    },
    {
      "type": {
        "id": "HP:0006380",
        "label": "Knee flexion contracture"
      },
      "evidence": [
        {
          "evidenceCode": {
            "id": "ECO:0000033",
            "label": "author statement supported by traceable reference"
          },
          "reference": {
            "id": "PMID:22560515",
            "description": "Congenital myopathy caused by a novel missense mutation in the CFL2 gene"
          }
        }
      ]
    },
    {
      "type": {
        "id": "HP:0010546",
        "label": "Muscle fibrillation"
      },
      "evidence": [
        {
          "evidenceCode": {
            "id": "ECO:0000033",
            "label": "author statement supported by traceable reference"
          },
          "reference": {
            "id": "PMID:22560515",
            "description": "Congenital myopathy caused by a novel missense mutation in the CFL2 gene"
          }
        }
      ]
    },
    {
      "type": {
        "id": "HP:0001249",
        "label": "Intellectual disability"
      },
      "evidence": [
        {
          "evidenceCode": {
            "id": "ECO:0000033",
            "label": "author statement supported by traceable reference"
          },
          "reference": {
            "id": "PMID:22560515",
            "description": "Congenital myopathy caused by a novel missense mutation in the CFL2 gene"
          }
        }
      ]
    },
    {
      "type": {
        "id": "HP:0002747",
        "label": "Respiratory insufficiency due to muscle weakness"
      },
      "evidence": [
        {
          "evidenceCode": {
            "id": "ECO:0000033",
            "label": "author statement supported by traceable reference"
          },
          "reference": {
            "id": "PMID:22560515",
            "description": "Congenital myopathy caused by a novel missense mutation in the CFL2 gene"
          }
        }
      ]
    }
  ],
  "interpretations": [
    {
      "id": "interpretation-id",
      "progressStatus": "SOLVED",
      "diagnosis": {
        "disease": {
          "id": "OMIM:610687",
          "label": "NEMALINE MYOPATHY 7; NEM7"
        },
        "genomicInterpretations": [
          {
            "subjectOrBiosampleId": " Patient 1",
            "interpretationStatus": "CAUSATIVE",
            "variantInterpretation": {
              "variationDescriptor": {
                "id": "variant-1",
                "geneContext": {
                  "valueId": "NCBIGene:1073",
                  "symbol": "CFL2"
                },
                "vcfRecord": {
                  "genomeAssembly": "GRCh37",
                  "chrom": "14",
                  "pos": "35182752",
                  "ref": "C",
                  "alt": "T"
                },
                "moleculeContext": "genomic",
                "allelicState": {
                  "id": "GENO:0000136",
                  "label": "homozygous"
                }
              }
            }
          }
        ]
      }
    }
  ],
  "metaData": {
    "created": "2023-09-20T17:50:14.057296991Z",
    "createdBy": "Hpo Case Annotator : 1.0.13-SNAPSHOT",
    "submittedBy": "HPO:probinson",
    "resources": [
      {
        "id": "hp",
        "name": "human phenotype ontology",
        "url": "http://purl.obolibrary.org/obo/hp.owl",
        "version": "2018-03-08",
        "namespacePrefix": "HP",
        "iriPrefix": "http://purl.obolibrary.org/obo/HP_"
      },
      {
        "id": "pato",
        "name": "Phenotype And Trait Ontology",
        "url": "http://purl.obolibrary.org/obo/pato.owl",
        "version": "2018-03-28",
        "namespacePrefix": "PATO",
        "iriPrefix": "http://purl.obolibrary.org/obo/PATO_"
      },
      {
        "id": "geno",
        "name": "Genotype Ontology",
        "url": "http://purl.obolibrary.org/obo/geno.owl",
        "version": "19-03-2018",
        "namespacePrefix": "GENO",
        "iriPrefix": "http://purl.obolibrary.org/obo/GENO_"
      },
      {
        "id": "eco",
        "name": "Evidence and Conclusion Ontology",
        "url": "http://purl.obolibrary.org/obo/eco.owl",
        "version": "2018-11-10",
        "namespacePrefix": "ECO",
        "iriPrefix": "http://purl.obolibrary.org/obo/ECO_"
      },
      {
        "id": "omim",
        "name": "Online Mendelian Inheritance in Man",
        "url": "https://www.omim.org",
        "version": "n/a",
        "namespacePrefix": "OMIM",
        "iriPrefix": "n/a"
      }
    ],
    "phenopacketSchemaVersion": "2.0"
  }
}