{
  "id": "PMID:30101859-Cao-2018-FBN1-Patient_2",
  "subject": {
    "id": "Patient 2",
    "timeAtLastEncounter": {
      "age": {
        "iso8601duration": "P36Y"
      }
    },
    "sex": "FEMALE"
  },
  "phenotypicFeatures": [
    {
      "type": {
        "id": "HP:0000486",
        "label": "Strabismus"
      },
      "evidence": [
        {
          "evidenceCode": {
            "id": "ECO:0000033",
            "label": "author statement supported by traceable reference"
          },
          "reference": {
            "id": "PMID:30101859",
            "description": "Three Novel Mutations in FBN1 and TGFBR2 in Patients with the Syndromic Form of Thoracic Aortic Aneurysms and Dissections"
          }
        }
      ]
    },
    {
      "type": {
        "id": "HP:0000483",
        "label": "Astigmatism"
      },
      "evidence": [
        {
          "evidenceCode": {
            "id": "ECO:0000033",
            "label": "author statement supported by traceable reference"
          },
          "reference": {
            "id": "PMID:30101859",
            "description": "Three Novel Mutations in FBN1 and TGFBR2 in Patients with the Syndromic Form of Thoracic Aortic Aneurysms and Dissections"
          }
        }
      ]
    },
    {
      "type": {
        "id": "HP:0001519",
        "label": "Disproportionate tall stature"
      },
      "evidence": [
        {
          "evidenceCode": {
            "id": "ECO:0000033",
            "label": "author statement supported by traceable reference"
          },
          "reference": {
            "id": "PMID:30101859",
            "description": "Three Novel Mutations in FBN1 and TGFBR2 in Patients with the Syndromic Form of Thoracic Aortic Aneurysms and Dissections"
          }
        }
      ]
    },
    {
      "type": {
        "id": "HP:0005180",
        "label": "Tricuspid regurgitation"
      },
      "evidence": [
        {
          "evidenceCode": {
            "id": "ECO:0000033",
            "label": "author statement supported by traceable reference"
          },
          "reference": {
            "id": "PMID:30101859",
            "description": "Three Novel Mutations in FBN1 and TGFBR2 in Patients with the Syndromic Form of Thoracic Aortic Aneurysms and Dissections"
          }
        }
      ]
    },
    {
      "type": {
        "id": "HP:0011003",
        "label": "High myopia"
      },
      "evidence": [
        {
          "evidenceCode": {
            "id": "ECO:0000033",
            "label": "author statement supported by traceable reference"
          },
          "reference": {
            "id": "PMID:30101859",
            "description": "Three Novel Mutations in FBN1 and TGFBR2 in Patients with the Syndromic Form of Thoracic Aortic Aneurysms and Dissections"
          }
        }
      ]
    },
    {
      "type": {
        "id": "HP:0000508",
        "label": "Ptosis"
      },
      "evidence": [
        {
          "evidenceCode": {
            "id": "ECO:0000033",
            "label": "author statement supported by traceable reference"
          },
          "reference": {
            "id": "PMID:30101859",
            "description": "Three Novel Mutations in FBN1 and TGFBR2 in Patients with the Syndromic Form of Thoracic Aortic Aneurysms and Dissections"
          }
        }
      ]
    },
    {
      "type": {
        "id": "HP:0000268",
        "label": "Dolichocephaly"
      },
      "evidence": [
        {
          "evidenceCode": {
            "id": "ECO:0000033",
            "label": "author statement supported by traceable reference"
          },
          "reference": {
            "id": "PMID:30101859",
            "description": "Three Novel Mutations in FBN1 and TGFBR2 in Patients with the Syndromic Form of Thoracic Aortic Aneurysms and Dissections"
          }
        }
      ]
    },
    {
      "type": {
        "id": "HP:0001065",
        "label": "Striae distensae"
      },
      "evidence": [
        {
          "evidenceCode": {
            "id": "ECO:0000033",
            "label": "author statement supported by traceable reference"
          },
          "reference": {
            "id": "PMID:30101859",
            "description": "Three Novel Mutations in FBN1 and TGFBR2 in Patients with the Syndromic Form of Thoracic Aortic Aneurysms and Dissections"
          }
        }
      ]
    },
    {
      "type": {
        "id": "HP:0001166",
        "label": "Arachnodactyly"
      },
      "evidence": [
        {
          "evidenceCode": {
            "id": "ECO:0000033",
            "label": "author statement supported by traceable reference"
          },
          "reference": {
            "id": "PMID:30101859",
            "description": "Three Novel Mutations in FBN1 and TGFBR2 in Patients with the Syndromic Form of Thoracic Aortic Aneurysms and Dissections"
          }
        }
      ]
    },
    {
      "type": {
        "id": "HP:0001653",
        "label": "Mitral regurgitation"
      },
      "evidence": [
        {
          "evidenceCode": {
            "id": "ECO:0000033",
            "label": "author statement supported by traceable reference"
          },
          "reference": {
            "id": "PMID:30101859",
            "description": "Three Novel Mutations in FBN1 and TGFBR2 in Patients with the Syndromic Form of Thoracic Aortic Aneurysms and Dissections"
          }
        }
      ]
    },
    {
      "type": {
        "id": "HP:0002647",
        "label": "Aortic dissection"
      },
      "evidence": [
        {
          "evidenceCode": {
            "id": "ECO:0000033",
            "label": "author statement supported by traceable reference"
          },
          "reference": {
            "id": "PMID:30101859",
            "description": "Three Novel Mutations in FBN1 and TGFBR2 in Patients with the Syndromic Form of Thoracic Aortic Aneurysms and Dissections"
          }
        }
      ]
    }
  ],
  "interpretations": [
    {
      "id": "interpretation-id",
      "progressStatus": "SOLVED",
      "diagnosis": {
        "disease": {
          "id": "OMIM:154700",
          "label": "MARFAN SYNDROME; MFS"
        },
        "genomicInterpretations": [
          {
            "subjectOrBiosampleId": "Patient 2",
            "interpretationStatus": "CAUSATIVE",
            "variantInterpretation": {
              "variationDescriptor": {
                "id": "variant-1",
                "geneContext": {
                  "valueId": "NCBIGene:2200",
                  "symbol": "FBN1"
                },
                "vcfRecord": {
                  "genomeAssembly": "GRCh37",
                  "chrom": "15",
                  "pos": "48719763",
                  "ref": "C",
                  "alt": "T"
                },
                "moleculeContext": "genomic",
                "allelicState": {
                  "id": "GENO:0000135",
                  "label": "heterozygous"
                }
              }
            }
          }
        ]
      }
    }
  ],
  "metaData": {
    "created": "2023-09-20T17:50:12.673329830Z",
    "createdBy": "Hpo Case Annotator : 1.0.13-SNAPSHOT",
    "submittedBy": "HPO:probinson",
    "resources": [
      {
        "id": "hp",
        "name": "human phenotype ontology",
        "url": "http://purl.obolibrary.org/obo/hp.owl",
        "version": "2018-03-08",
        "namespacePrefix": "HP",
        "iriPrefix": "http://purl.obolibrary.org/obo/HP_"
      },
      {
        "id": "pato",
        "name": "Phenotype And Trait Ontology",
        "url": "http://purl.obolibrary.org/obo/pato.owl",
        "version": "2018-03-28",
        "namespacePrefix": "PATO",
        "iriPrefix": "http://purl.obolibrary.org/obo/PATO_"
      },
      {
        "id": "geno",
        "name": "Genotype Ontology",
        "url": "http://purl.obolibrary.org/obo/geno.owl",
        "version": "19-03-2018",
        "namespacePrefix": "GENO",
        "iriPrefix": "http://purl.obolibrary.org/obo/GENO_"
      },
      {
        "id": "eco",
        "name": "Evidence and Conclusion Ontology",
        "url": "http://purl.obolibrary.org/obo/eco.owl",
        "version": "2018-11-10",
        "namespacePrefix": "ECO",
        "iriPrefix": "http://purl.obolibrary.org/obo/ECO_"
      },
      {
        "id": "omim",
        "name": "Online Mendelian Inheritance in Man",
        "url": "https://www.omim.org",
        "version": "n/a",
        "namespacePrefix": "OMIM",
        "iriPrefix": "n/a"
      }
    ],
    "phenopacketSchemaVersion": "2.0"
  }
}