{
  "id": "PMID:28687524-Slavotinek-2017-TBL1XR1-seven_year_old_male",
  "subject": {
    "id": "seven year old male",
    "timeAtLastEncounter": {
      "age": {
        "iso8601duration": "P7Y"
      }
    },
    "sex": "MALE"
  },
  "phenotypicFeatures": [
    {
      "type": {
        "id": "HP:0012385",
        "label": "Camptodactyly"
      },
      "evidence": [
        {
          "evidenceCode": {
            "id": "ECO:0000033",
            "label": "author statement supported by traceable reference"
          },
          "reference": {
            "id": "PMID:28687524",
            "description": "Pierpont syndrome associated with the p"
          }
        }
      ]
    },
    {
      "type": {
        "id": "HP:0012523",
        "label": "Oral aversion"
      },
      "evidence": [
        {
          "evidenceCode": {
            "id": "ECO:0000033",
            "label": "author statement supported by traceable reference"
          },
          "reference": {
            "id": "PMID:28687524",
            "description": "Pierpont syndrome associated with the p"
          }
        }
      ]
    },
    {
      "type": {
        "id": "HP:0000252",
        "label": "Microcephaly"
      },
      "evidence": [
        {
          "evidenceCode": {
            "id": "ECO:0000033",
            "label": "author statement supported by traceable reference"
          },
          "reference": {
            "id": "PMID:28687524",
            "description": "Pierpont syndrome associated with the p"
          }
        }
      ]
    },
    {
      "type": {
        "id": "HP:0000486",
        "label": "Strabismus"
      },
      "evidence": [
        {
          "evidenceCode": {
            "id": "ECO:0000033",
            "label": "author statement supported by traceable reference"
          },
          "reference": {
            "id": "PMID:28687524",
            "description": "Pierpont syndrome associated with the p"
          }
        }
      ]
    },
    {
      "type": {
        "id": "HP:0000107",
        "label": "Renal cyst"
      },
      "evidence": [
        {
          "evidenceCode": {
            "id": "ECO:0000033",
            "label": "author statement supported by traceable reference"
          },
          "reference": {
            "id": "PMID:28687524",
            "description": "Pierpont syndrome associated with the p"
          }
        }
      ]
    },
    {
      "type": {
        "id": "HP:0011819",
        "label": "Submucous cleft soft palate"
      },
      "evidence": [
        {
          "evidenceCode": {
            "id": "ECO:0000033",
            "label": "author statement supported by traceable reference"
          },
          "reference": {
            "id": "PMID:28687524",
            "description": "Pierpont syndrome associated with the p"
          }
        }
      ]
    },
    {
      "type": {
        "id": "HP:0000126",
        "label": "Hydronephrosis"
      },
      "evidence": [
        {
          "evidenceCode": {
            "id": "ECO:0000033",
            "label": "author statement supported by traceable reference"
          },
          "reference": {
            "id": "PMID:28687524",
            "description": "Pierpont syndrome associated with the p"
          }
        }
      ]
    },
    {
      "type": {
        "id": "HP:0012450",
        "label": "Chronic constipation"
      },
      "evidence": [
        {
          "evidenceCode": {
            "id": "ECO:0000033",
            "label": "author statement supported by traceable reference"
          },
          "reference": {
            "id": "PMID:28687524",
            "description": "Pierpont syndrome associated with the p"
          }
        }
      ]
    },
    {
      "type": {
        "id": "HP:0001252",
        "label": "Hypotonia"
      },
      "evidence": [
        {
          "evidenceCode": {
            "id": "ECO:0000033",
            "label": "author statement supported by traceable reference"
          },
          "reference": {
            "id": "PMID:28687524",
            "description": "Pierpont syndrome associated with the p"
          }
        }
      ]
    },
    {
      "type": {
        "id": "HP:0001591",
        "label": "Bell-shaped thorax"
      },
      "evidence": [
        {
          "evidenceCode": {
            "id": "ECO:0000033",
            "label": "author statement supported by traceable reference"
          },
          "reference": {
            "id": "PMID:28687524",
            "description": "Pierpont syndrome associated with the p"
          }
        }
      ]
    },
    {
      "type": {
        "id": "HP:0000414",
        "label": "Bulbous nose"
      },
      "evidence": [
        {
          "evidenceCode": {
            "id": "ECO:0000033",
            "label": "author statement supported by traceable reference"
          },
          "reference": {
            "id": "PMID:28687524",
            "description": "Pierpont syndrome associated with the p"
          }
        }
      ]
    },
    {
      "type": {
        "id": "HP:0008689",
        "label": "Bilateral cryptorchidism"
      },
      "evidence": [
        {
          "evidenceCode": {
            "id": "ECO:0000033",
            "label": "author statement supported by traceable reference"
          },
          "reference": {
            "id": "PMID:28687524",
            "description": "Pierpont syndrome associated with the p"
          }
        }
      ]
    },
    {
      "type": {
        "id": "HP:0100730",
        "label": "Bronchogenic cyst"
      },
      "evidence": [
        {
          "evidenceCode": {
            "id": "ECO:0000033",
            "label": "author statement supported by traceable reference"
          },
          "reference": {
            "id": "PMID:28687524",
            "description": "Pierpont syndrome associated with the p"
          }
        }
      ]
    },
    {
      "type": {
        "id": "HP:0009890",
        "label": "High anterior hairline"
      },
      "evidence": [
        {
          "evidenceCode": {
            "id": "ECO:0000033",
            "label": "author statement supported by traceable reference"
          },
          "reference": {
            "id": "PMID:28687524",
            "description": "Pierpont syndrome associated with the p"
          }
        }
      ]
    },
    {
      "type": {
        "id": "HP:0000331",
        "label": "Short chin"
      },
      "evidence": [
        {
          "evidenceCode": {
            "id": "ECO:0000033",
            "label": "author statement supported by traceable reference"
          },
          "reference": {
            "id": "PMID:28687524",
            "description": "Pierpont syndrome associated with the p"
          }
        }
      ]
    },
    {
      "type": {
        "id": "HP:0007099",
        "label": "Chiari type I malformation"
      },
      "evidence": [
        {
          "evidenceCode": {
            "id": "ECO:0000033",
            "label": "author statement supported by traceable reference"
          },
          "reference": {
            "id": "PMID:28687524",
            "description": "Pierpont syndrome associated with the p"
          }
        }
      ]
    },
    {
      "type": {
        "id": "HP:0002236",
        "label": "Frontal upsweep of hair"
      },
      "evidence": [
        {
          "evidenceCode": {
            "id": "ECO:0000033",
            "label": "author statement supported by traceable reference"
          },
          "reference": {
            "id": "PMID:28687524",
            "description": "Pierpont syndrome associated with the p"
          }
        }
      ]
    },
    {
      "type": {
        "id": "HP:0002000",
        "label": "Short columella"
      },
      "evidence": [
        {
          "evidenceCode": {
            "id": "ECO:0000033",
            "label": "author statement supported by traceable reference"
          },
          "reference": {
            "id": "PMID:28687524",
            "description": "Pierpont syndrome associated with the p"
          }
        }
      ]
    },
    {
      "type": {
        "id": "HP:0000582",
        "label": "Upslanted palpebral fissure"
      },
      "evidence": [
        {
          "evidenceCode": {
            "id": "ECO:0000033",
            "label": "author statement supported by traceable reference"
          },
          "reference": {
            "id": "PMID:28687524",
            "description": "Pierpont syndrome associated with the p"
          }
        }
      ]
    },
    {
      "type": {
        "id": "HP:0002098",
        "label": "Respiratory distress"
      },
      "evidence": [
        {
          "evidenceCode": {
            "id": "ECO:0000033",
            "label": "author statement supported by traceable reference"
          },
          "reference": {
            "id": "PMID:28687524",
            "description": "Pierpont syndrome associated with the p"
          }
        }
      ]
    },
    {
      "type": {
        "id": "HP:0000400",
        "label": "Macrotia"
      },
      "evidence": [
        {
          "evidenceCode": {
            "id": "ECO:0000033",
            "label": "author statement supported by traceable reference"
          },
          "reference": {
            "id": "PMID:28687524",
            "description": "Pierpont syndrome associated with the p"
          }
        }
      ]
    },
    {
      "type": {
        "id": "HP:0001792",
        "label": "Small nail"
      },
      "evidence": [
        {
          "evidenceCode": {
            "id": "ECO:0000033",
            "label": "author statement supported by traceable reference"
          },
          "reference": {
            "id": "PMID:28687524",
            "description": "Pierpont syndrome associated with the p"
          }
        }
      ]
    },
    {
      "type": {
        "id": "HP:0001558",
        "label": "Decreased fetal movement"
      },
      "evidence": [
        {
          "evidenceCode": {
            "id": "ECO:0000033",
            "label": "author statement supported by traceable reference"
          },
          "reference": {
            "id": "PMID:28687524",
            "description": "Pierpont syndrome associated with the p"
          }
        }
      ]
    },
    {
      "type": {
        "id": "HP:0410018",
        "label": "Recurrent ear infections"
      },
      "evidence": [
        {
          "evidenceCode": {
            "id": "ECO:0000033",
            "label": "author statement supported by traceable reference"
          },
          "reference": {
            "id": "PMID:28687524",
            "description": "Pierpont syndrome associated with the p"
          }
        }
      ]
    },
    {
      "type": {
        "id": "HP:0002944",
        "label": "Thoracolumbar scoliosis"
      },
      "evidence": [
        {
          "evidenceCode": {
            "id": "ECO:0000033",
            "label": "author statement supported by traceable reference"
          },
          "reference": {
            "id": "PMID:28687524",
            "description": "Pierpont syndrome associated with the p"
          }
        }
      ]
    },
    {
      "type": {
        "id": "HP:0001883",
        "label": "Talipes"
      },
      "evidence": [
        {
          "evidenceCode": {
            "id": "ECO:0000033",
            "label": "author statement supported by traceable reference"
          },
          "reference": {
            "id": "PMID:28687524",
            "description": "Pierpont syndrome associated with the p"
          }
        }
      ]
    },
    {
      "type": {
        "id": "HP:0000154",
        "label": "Wide mouth"
      },
      "evidence": [
        {
          "evidenceCode": {
            "id": "ECO:0000033",
            "label": "author statement supported by traceable reference"
          },
          "reference": {
            "id": "PMID:28687524",
            "description": "Pierpont syndrome associated with the p"
          }
        }
      ]
    },
    {
      "type": {
        "id": "HP:0001263",
        "label": "Global developmental delay"
      },
      "evidence": [
        {
          "evidenceCode": {
            "id": "ECO:0000033",
            "label": "author statement supported by traceable reference"
          },
          "reference": {
            "id": "PMID:28687524",
            "description": "Pierpont syndrome associated with the p"
          }
        }
      ]
    },
    {
      "type": {
        "id": "HP:0000952",
        "label": "Jaundice"
      },
      "evidence": [
        {
          "evidenceCode": {
            "id": "ECO:0000033",
            "label": "author statement supported by traceable reference"
          },
          "reference": {
            "id": "PMID:28687524",
            "description": "Pierpont syndrome associated with the p"
          }
        }
      ]
    }
  ],
  "interpretations": [
    {
      "id": "interpretation-id",
      "progressStatus": "SOLVED",
      "diagnosis": {
        "disease": {
          "id": "OMIM:602342",
          "label": "Pierpont syndrome"
        },
        "genomicInterpretations": [
          {
            "subjectOrBiosampleId": "seven year old male",
            "interpretationStatus": "CAUSATIVE",
            "variantInterpretation": {
              "variationDescriptor": {
                "id": "variant-1",
                "geneContext": {
                  "valueId": "NCBIGene:79718",
                  "symbol": "TBL1XR1"
                },
                "vcfRecord": {
                  "genomeAssembly": "GRCh37",
                  "chrom": "3",
                  "pos": "176750838",
                  "ref": "T",
                  "alt": "C"
                },
                "moleculeContext": "genomic",
                "allelicState": {
                  "id": "GENO:0000135",
                  "label": "heterozygous"
                }
              }
            }
          }
        ]
      }
    }
  ],
  "metaData": {
    "created": "2023-09-20T17:50:14.445322036Z",
    "createdBy": "n/a",
    "submittedBy": "HPO:probinson",
    "resources": [
      {
        "id": "hp",
        "name": "human phenotype ontology",
        "url": "http://purl.obolibrary.org/obo/hp.owl",
        "version": "2018-03-08",
        "namespacePrefix": "HP",
        "iriPrefix": "http://purl.obolibrary.org/obo/HP_"
      },
      {
        "id": "pato",
        "name": "Phenotype And Trait Ontology",
        "url": "http://purl.obolibrary.org/obo/pato.owl",
        "version": "2018-03-28",
        "namespacePrefix": "PATO",
        "iriPrefix": "http://purl.obolibrary.org/obo/PATO_"
      },
      {
        "id": "geno",
        "name": "Genotype Ontology",
        "url": "http://purl.obolibrary.org/obo/geno.owl",
        "version": "19-03-2018",
        "namespacePrefix": "GENO",
        "iriPrefix": "http://purl.obolibrary.org/obo/GENO_"
      },
      {
        "id": "eco",
        "name": "Evidence and Conclusion Ontology",
        "url": "http://purl.obolibrary.org/obo/eco.owl",
        "version": "2018-11-10",
        "namespacePrefix": "ECO",
        "iriPrefix": "http://purl.obolibrary.org/obo/ECO_"
      },
      {
        "id": "omim",
        "name": "Online Mendelian Inheritance in Man",
        "url": "https://www.omim.org",
        "version": "n/a",
        "namespacePrefix": "OMIM",
        "iriPrefix": "n/a"
      }
    ],
    "phenopacketSchemaVersion": "2.0"
  }
}