{
  "id": "PMID:27753196-Moosa-1799-MTOR-index",
  "subject": {
    "id": "index",
    "timeAtLastEncounter": {
      "age": {
        "iso8601duration": "P7Y"
      }
    },
    "sex": "FEMALE"
  },
  "phenotypicFeatures": [
    {
      "type": {
        "id": "HP:0002573",
        "label": "Hematochezia"
      },
      "evidence": [
        {
          "evidenceCode": {
            "id": "ECO:0000033",
            "label": "author statement supported by traceable reference"
          },
          "reference": {
            "id": "PMID:27753196",
            "description": "Smith-Kingsmore syndrome: A third family with the MTOR mutation c"
          }
        }
      ]
    },
    {
      "type": {
        "id": "HP:0011220",
        "label": "Prominent forehead"
      },
      "evidence": [
        {
          "evidenceCode": {
            "id": "ECO:0000033",
            "label": "author statement supported by traceable reference"
          },
          "reference": {
            "id": "PMID:27753196",
            "description": "Smith-Kingsmore syndrome: A third family with the MTOR mutation c"
          }
        }
      ]
    },
    {
      "type": {
        "id": "HP:0009882",
        "label": "Short distal phalanx of finger"
      },
      "evidence": [
        {
          "evidenceCode": {
            "id": "ECO:0000033",
            "label": "author statement supported by traceable reference"
          },
          "reference": {
            "id": "PMID:27753196",
            "description": "Smith-Kingsmore syndrome: A third family with the MTOR mutation c"
          }
        }
      ]
    },
    {
      "type": {
        "id": "HP:0002119",
        "label": "Ventriculomegaly"
      },
      "evidence": [
        {
          "evidenceCode": {
            "id": "ECO:0000033",
            "label": "author statement supported by traceable reference"
          },
          "reference": {
            "id": "PMID:27753196",
            "description": "Smith-Kingsmore syndrome: A third family with the MTOR mutation c"
          }
        }
      ]
    },
    {
      "type": {
        "id": "HP:0000774",
        "label": "Narrow chest"
      },
      "evidence": [
        {
          "evidenceCode": {
            "id": "ECO:0000033",
            "label": "author statement supported by traceable reference"
          },
          "reference": {
            "id": "PMID:27753196",
            "description": "Smith-Kingsmore syndrome: A third family with the MTOR mutation c"
          }
        }
      ]
    },
    {
      "type": {
        "id": "HP:0030255",
        "label": "Large intestinal polyposis"
      },
      "evidence": [
        {
          "evidenceCode": {
            "id": "ECO:0000033",
            "label": "author statement supported by traceable reference"
          },
          "reference": {
            "id": "PMID:27753196",
            "description": "Smith-Kingsmore syndrome: A third family with the MTOR mutation c"
          }
        }
      ]
    },
    {
      "type": {
        "id": "HP:0001328",
        "label": "Specific learning disability"
      },
      "evidence": [
        {
          "evidenceCode": {
            "id": "ECO:0000033",
            "label": "author statement supported by traceable reference"
          },
          "reference": {
            "id": "PMID:27753196",
            "description": "Smith-Kingsmore syndrome: A third family with the MTOR mutation c"
          }
        }
      ]
    },
    {
      "type": {
        "id": "HP:0000107",
        "label": "Renal cyst"
      },
      "evidence": [
        {
          "evidenceCode": {
            "id": "ECO:0000033",
            "label": "author statement supported by traceable reference"
          },
          "reference": {
            "id": "PMID:27753196",
            "description": "Smith-Kingsmore syndrome: A third family with the MTOR mutation c"
          }
        }
      ]
    },
    {
      "type": {
        "id": "HP:0000256",
        "label": "Macrocephaly"
      },
      "evidence": [
        {
          "evidenceCode": {
            "id": "ECO:0000033",
            "label": "author statement supported by traceable reference"
          },
          "reference": {
            "id": "PMID:27753196",
            "description": "Smith-Kingsmore syndrome: A third family with the MTOR mutation c"
          }
        }
      ]
    }
  ],
  "interpretations": [
    {
      "id": "interpretation-id",
      "progressStatus": "SOLVED",
      "diagnosis": {
        "disease": {
          "id": "OMIM:616638",
          "label": "SMITH-KINGSMORE SYNDROME; SKS"
        },
        "genomicInterpretations": [
          {
            "subjectOrBiosampleId": "index",
            "interpretationStatus": "CAUSATIVE",
            "variantInterpretation": {
              "variationDescriptor": {
                "id": "variant-1",
                "geneContext": {
                  "valueId": "NCBIGene:2475",
                  "symbol": "MTOR"
                },
                "vcfRecord": {
                  "genomeAssembly": "GRCh37",
                  "chrom": "1",
                  "pos": "11190804",
                  "ref": "C",
                  "alt": "T"
                },
                "moleculeContext": "genomic",
                "allelicState": {
                  "id": "GENO:0000135",
                  "label": "heterozygous"
                }
              }
            }
          }
        ]
      }
    }
  ],
  "metaData": {
    "created": "2023-09-20T17:50:14.007366895Z",
    "createdBy": "Hpo Case Annotator : 1.0.13-SNAPSHOT",
    "submittedBy": "HPO:probinson",
    "resources": [
      {
        "id": "hp",
        "name": "human phenotype ontology",
        "url": "http://purl.obolibrary.org/obo/hp.owl",
        "version": "2018-03-08",
        "namespacePrefix": "HP",
        "iriPrefix": "http://purl.obolibrary.org/obo/HP_"
      },
      {
        "id": "pato",
        "name": "Phenotype And Trait Ontology",
        "url": "http://purl.obolibrary.org/obo/pato.owl",
        "version": "2018-03-28",
        "namespacePrefix": "PATO",
        "iriPrefix": "http://purl.obolibrary.org/obo/PATO_"
      },
      {
        "id": "geno",
        "name": "Genotype Ontology",
        "url": "http://purl.obolibrary.org/obo/geno.owl",
        "version": "19-03-2018",
        "namespacePrefix": "GENO",
        "iriPrefix": "http://purl.obolibrary.org/obo/GENO_"
      },
      {
        "id": "eco",
        "name": "Evidence and Conclusion Ontology",
        "url": "http://purl.obolibrary.org/obo/eco.owl",
        "version": "2018-11-10",
        "namespacePrefix": "ECO",
        "iriPrefix": "http://purl.obolibrary.org/obo/ECO_"
      },
      {
        "id": "omim",
        "name": "Online Mendelian Inheritance in Man",
        "url": "https://www.omim.org",
        "version": "n/a",
        "namespacePrefix": "OMIM",
        "iriPrefix": "n/a"
      }
    ],
    "phenopacketSchemaVersion": "2.0"
  }
}